0
1
2
3
4
5
6
7
8
9
10
11
12
13
14
15
16
17
18
19
20
21
22
23
24
25
26
27
28
29
30
31
32
33
34
35
36
37
38
39
40
41
42
43
44
45
46
47
48
49
50
51
52
53
54
55
56
57
58
59
60
61
62
63
64
65
66
67
68
69
70
71
72
73
74
75
76
77
78
79
80
81
82
83
84
85
86
87
88
89
90
91
92
93
94
95
96
97
98
99
100
101
102
103
104
105
106
107
108
109
110
111
112
113
114
115
116
117
118
119
120
121
122
123
128
129
131
133
134
135
136
137
139
146
152
157
158
159
160
161
162
163
164
165
171
172
197
198
220
222
223
224
225
226
227
228
229
230
231
232
233
234
235
236
237
238
239
240
241
242
243
244
245
246
247
248
249
250
251
252
253
254
255
256
257
258
259
260
261
262
263
264
265
266
267
268
269
270
271
272
273
274
275
276
277
278
279
280
281
282
283
284
285
286
287
288
289
290
291
292
293
294
295
296
297
298
299
300
301
302
303
304
305
306
307
308
309
310
311
312
313
314
315
316
318
319
320
321
322
323
324
325
326
327
328
329
330
331
332
333
334
335
336
337
338
339
340
341
342
343
344
345
346
347
348
349
350
351
352
353
354
355
356
357
358
359
360
361
362
363
364
365
366
367
368
369
370
371
372
373
374
375
376
377
378
379
380
381
382
383
384
385
386
387
388
389
390
391
392
393
394
395
396
397
398
399
400
401
402
403
404
405
406
407
408
409
410
411
412
413
414
415
416
417
418
419
420
421
423
424
425
426
427
428
429
430
431
432
433
434
435
436
437
438
439
440
441
442
443
444
445
446
447
448
449
450
451
452
453
454
455
456
457
458
459
460
461
462
463
464
466
467
468
469
470
471
472
473
474
475
476
477
478
479
480
481
482
483
484
485
486
487
488
489
490
491
492
493
494
495
496
497
498
499
500
501
503
504
505
506
507
508
509
510
511
512
513
514
515
516
517
518
519
520
521
522
523
524
525
526
528
529
530
531
532
533
534
535
536
537
538
539
540
541
542
543
544
547
548
549
550
551
552
553
554
555
556
557
558
559
560
561
562
563
564
565
566
567
568
569
570
571
572
573
574
575
576
577
578
579
580
581
582
585
586
587
588
589
591
592
593
594
595
596
598
599
600
601
602
603
604
605
606
607
608
609
610
611
612
613
614
615
616
617
618
619
620
621
622
623
624
625
626
627
628
629
630
631
632
633
634
635
636
637
638
639
640
641
642
643
644
645
646
647
648
649
650
651
652
653
654
655
656
657
658
659
660
661
662
663
664
665
666
667
668
669
670
671
672
673
674
675
676
677
678
680
681
682
683
684
685
686
687
688
689
690
691
692
693
694
695
696
697
698
699
700
701
702
703
704
706
707
708
709
710
712
713
714
715
716
717
718
719
720
721
722
723
724
725
726
727
728
729
730
731
732
733
734
735
736
737
738
739
740
741
742
743
744
745
746
747
748
749
750
751
752
753
754
755
756
757
758
759
760
761
762
763
764
765
766
767
768
769
770
771
772
773
776
777
778
779
780
781
782
783
784
785
786
787
788
789
790
791
793
795
796
797
798
799
800
801
802
803
804
805
806
807
808
809
810
811
812
813
814
815
816
817
818
819
821
822
823
824
825
826
827
828
829
830
831
832
833
834
835
836
837
838
839
840
841
842
843
844
846
847
848
849
850
851
852
853
854
855
856
858
859
860
861
862
863
864
866
867
868
869
870
871
872
873
874
875
876
877
878
879
880
881
882
883
884
885
886
887
888
889
890
892
893
894
895
896
897
898
899
900
901
902
903
904
905
906
907
908
909
910
911
912
913
914
915
916
917
918
919
920
921
922
923
924
925
926
927
928
929
930
931
932
933
935
936
937
938
939
940
941
942
943
944
945
946
947
948
949
950
951
952
953
954
955
956
957
958
959
960
961
962
963
965
966
967
968
969
970
971
972
973
974
975
976
977
978
979
980
981
982
984
985
986
987
988
989
991
992
993
994
995
996
997
998
999
1000
1001
1002
1003
1004
1005
1006
1007
1008
1009
1010
1012
1014
1015
1016
1017
1018
1019
1020
1021
1022
1023
1024
1025
1026
1027
1028
1029
1030
1031
1034
1035
1036
1037
1038
1039
1040
1041
1042
1043
1044
1045
1046
1047
1048
1049
1050
1051
1052
1053
1054
1055
1056
1057
1058
1059
1060
1061
1062
1063
1064
1065
1066
1067
1068
1070
1071
1072
1073
1074
1075
1076
1077
1078
1079
1080
1081
1082
1083
1084
1085
1086
1087
1088
1089
1090
1091
1092
1093
1094
1095
1096
1097
1098
1099
1100
1101
1102
1103
1104
1105
1106
1109
1110
1111
1112
1113
1114
1115
1116
1117
1118
1119
1120
1121
1122
1123
1124
1125
1126
1128
1129
1130
1131
1132
1133
1134
1135
1136
1137
1138
1139
1140
1141
1142
1143
1144
1145
1146
1147
1148
1149
1150
1151
1152
1153
1154
1155
1156
1157
1158
1159
1160
1162
1163
1164
1165
1166
1167
1170
1171
1172
1173
1174
1175
1176
1178
1179
1180
1181
1182
1183
1184
1186
1187
1188
1189
1190
1191
1192
1193
1194
1195
1196
1197
1198
1199
1200
1201
1202
1203
1204
1205
1206
1208
1209
1210
1211
1212
1213
1214
1215
1216
1217
1218
1219
1220
1221
1222
1223
1224
1225
1226
1227
1228
1229
1231
1232
1234
1235
1236
1237
1238
1239
1240
1242
1243
1245
1246
1247
1248
1249
1250
1251
1252
1253
1254
1255
1256
1257
1258
1259
1260
1261
1262
1263
1264
1265
1266
1267
1268
1269
1271
1272
1273
1274
1275
1277
1278
1279
1280
1282
1283
1284
1285
1286
1287
1288
1289
1290
1291
1292
1293
1294
1295
1296
1297
1298
1299
1300
1301
1302
1303
1304
1305
1306
1307
1308
1310
1311
1312
1313
1314
1315
1316
1317
1318
1319
1320
1321
1322
1323
1324
1325
1326
1327
1328
1330
1331
1332
1333
1334
1335
1336
1337
1338
1339
1340
1341
1342
1343
1344
1345
1346
1347
1348
1349
1350
1351
1352
1353
1354
1355
1356
1357
1358
1361
1362
1363
1364
1365
1366
1367
1368
1369
1370
1371
1372
1373
1374
1375
1376
1378
1379
1380
1381
1382
1384
1385
1386
1387
1388
1390
1391
1393
1394
1395
1396
1399
1400
1401
1402
1404
1405
1406
1407
1408
1409
1410
1411
1412
1413
1414
1415
1416
1417
1418
1419
1420
1421
1422
1423
1425
1426
1427
1428
1429
1430
1432
1433
1434
1435
1436
1438
1439
1440
1441
1442
1443
1445
1446
1447
1448
1449
1451
1452
1453
1454
1455
1456
1457
1458
1459
1460
1461
1462
1463
1465
1466
1467
1468
1469
1470
1471
1472
1473
1474
1475
1476
1477
1478
1479
1480
1481
1482
1483
1484
1485
1486
1487
1488
1489
1493
1494
1495
1496
1497
1498
1499
1500
1501
1502
1503
1505
1506
1507
1509
1510
1511
1513
1514
1515
1516
1517
1518
1519
1520
1521
1522
1523
1524
1525
1526
1527
1528
1529
1530
1531
1532
1533
1534
1535
1536
1537
1538
1539
1540
1541
1542
1543
1544
1545
1546
1547
1548
1549
1550
1551
1552
1553
1554
1555
1556
1557
1558
1559
1560
1561
1562
1563
1564
1565
1566
1567
1568
1569
1570
1572
1573
1574
1575
1576
1577
1578
1579
1580
1581
1582
1583
1584
1586
1587
1588
1589
1590
1591
1592
1593
1594
1595
1596
1597
1598
1599
1600
1601
1602
1603
1605
1606
1607
1608
1609
1610
1611
1612
1613
1614
1615
1616
1617
1618
1619
1620
1622
1623
1624
1625
1626
1627
1628
1630
1631
1632
1633
1634
1635
1637
1638
1639
1640
1641
1642
1643
1644
1645
1646
1647
1648
1649
1650
1652
1653
1654
1655
1656
1657
1658
1659
1660
1661
1662
1663
1664
1665
1666
1667
1668
1669
1670
1671
1672
1673
1674
1675
1676
1678
1679
1680
1681
1682
1683
1684
1685
1686
1687
1688
1689
1690
1691
1692
1693
1695
1696
1697
1698
1699
1700
1701
1702
1703
1704
1705
1706
1707
1708
1709
1710
1711
1712
1713
1714
1715
1716
1718
1719
1720
1721
1722
1723
1724
1725
1727
1728
1730
1731
1732
1733
1734
1736
1737
1738
1740
1741
1742
1743
1744
1745
1746
1748
1750
1752
1753
1754
1755
1756
1757
1759
1760
1761
1762
1763
1764
1765
1766
1767
1768
1769
1770
1771
1772
1773
1774
1775
1776
1777
1778
1779
1780
1781
1782
1783
1784
1785
1786
1787
1788
1789
1790
1791
1792
1793
1794
1795
1797
1798
1799
1800
1801
1802
1803
1804
1805
1806
1807
1808
1809
1810
1811
1813
1814
1815
1816
1817
1818
1819
1820
1821
1822
1823
1824
1825
1826
1827
1828
1829
1830
1831
1832
1833
1834
1835
1836
1837
1840
1841
1843
1844
1845
1846
1847
1848
1849
1850
1851
1852
1853
1854
1855
1856
1857
1858
1859
1860
1861
1862
1864
1865
1866
1867
1868
1869
1870
1871
1873
1874
1875
1876
1877
1878
1879
1880
1881
1882
1883
1884
1885
1886
1887
1888
1889
1890
1891
1892
1893
1894
1895
1896
1897
1898
1899
1900
1901
1902
1904
1905
1906
1908
1910
1911
1912
1914
1915
1916
1917
1918
1919
1920
1921
1922
1923
1924
1925
1926
1927
1928
1930
1931
1932
1934
1935
1936
1937
1938
1939
1940
1942
1943
1944
1945
1946
1947
1948
1949
1950
1951
1953
1954
1956
1957
1958
1959
1960
1962
1964
1965
1966
1967
1968
1970
1971
1972
1973
1975
1976
1977
1979
1980
1981
1982
1984
1985
1986
1987
1988
1989
1990
1992
1993
1994
1996
1997
1998
1999
2000
2001
2002
2003
2004
2005
2006
2007
2009
2010
2011
2012
2013
2014
2015
2017
2018
2019
2020
2021
2022
2024
2025
2027
2028
2029
2030
2031
2032
2033
2034
2035
2036
2037
2038
2039
2043
2044
2045
2046
2047
2048
2049
2050
2051
2052
2053
2054
2055
2056
2057
2058
2059
2060
2061
2064
2065
2067
2068
2069
2070
2071
2072
2073
2074
2075
2076
2077
2078
2079
2080
2081
2082
2083
2084
2085
2086
2087
2088
2091
2093
2094
2095
2096
2098
2099
2100
2101
2103
2104
2105
2106
2107
2109
2112
2113
2114
2116
2117
2119
2121
2122
2123
2124
2126
2127
2128
2129
2131
2132
2133
2134
2135
2136
2137
2138
2139
2140
2141
2143
2144
2145
2147
2148
2149
2150
2151
2152
2153
2154
2155
2156
2158
2163
2164
2166
2167
2168
2169
2171
2172
2173
2174
2176
2177
2178
2179
2180
2181
2182
2184
2185
2186
2187
2188
2189
2190
2191
2192
2193
2194
2195
2196
2197
2198
2199
2200
2201
2202
2203
2204
2205
2206
2208
2209
2210
2211
2212
2213
2215
2216
2217
2218
2219
2220
2222
2224
2225
2226
2227
2228
2229
2230
2231
2232
2233
2234
2235
2236
2237
2238
2239
2241
2242
2243
2244
2246
2247
2248
2249
2250
2251
2252
2253
2255
2257
2258
2259
2260
2261
2262
2263
2264
2265
2266
2267
2269
2270
2271
2272
2274
2275
2276
2277
2278
2279
2280
2282
2284
2285
2286
2287
2290
2291
2293
2294
2295
2296
2297
2298
2299
2300
2301
2302
2303
2304
2305
2306
2307
2308
2309
2310
2311
2312
2313
2314
2315
2316
2319
2320
2321
2322
2324
2325
2327
2328
2329
2330
2331
2332
2333
2334
2335
2336
2337
2338
2341
2342
2343
2344
2345
2346
2347
2348
2349
2350
2351
2353
2354
2355
2356
2357
2358
2359
2361
2363
2364
2365
2366
2367
2368
2369
2370
2372
2373
2374
2376
2377
2378
2379
2380
2381
2382
2383
2384
2385
2387
2388
2389
2390
2391
2392
2393
2394
2395
2397
2398
2399
2400
2401
2402
2403
2404
2405
2406
2407
2408
2410
2411
2412
2413
2414
2416
2418
2420
2421
2422
2423
2424
2425
2426
2427
2428
2429
2430
2432
2433
2434
2435
2436
2438
2439
2440
2441
2442
2443
2444
2445
2446
2447
2448
2450
2452
2453
2454
2455
2456
2458
2459
2461
2462
2463
2464
2466
2467
2468
2469
2470
2471
2472
2473
2475
2476
2477
2478
2479
2480
2481
2482
2483
2485
2486
2487
2488
2489
2491
2492
2493
2495
2496
2497
2498
2499
2500
2502
2503
2504
2505
2506
2507
2508
2509
2510
2511
2512
2513
2514
2515
2516
2517
2518
2519
2520
2521
2522
2523
2524
2526
2527
2528
2530
2531
2532
2533
2534
2535
2536
2537
2538
2540
2541
2542
2543
2544
2545
2546
2547
2548
2549
2550
2551
2552
2553
2554
2555
2556
2557
2558
2560
2561
2562
2564
2565
2567
2568
2569
2570
2571
2572
2573
2574
2575
2577
2578
2579
2580
2581
2582
2583
2585
2586
2587
2588
2589
2590
2592
2593
2594
2595
2597
2598
2599
2600
2601
2602
2603
2604
2605
2606
2607
2608
2609
2610
2612
2613
2614
2615
2616
2617
2618
2619
2621
2622
2623
2624
2625
2626
2627
2628
2629
2630
2631
2632
2634
2636
2638
2639
2640
2641
2643
2644
2645
2646
2647
2648
2649
2651
2652
2653
2657
2658
2659
2660
2662
2663
2664
2665
2666
2669
2670
2673
2674
2677
2678
2679
2680
2681
2682
2683
2685
2686
2688
2689
2690
2691
2692
2693
2694
2695
2696
2697
2698
2699
2700
2701
2702
2703
2704
2705
2706
2707
2708
2709
2710
2712
2713
2714
2715
2716
2717
2718
2719
2720
2721
2722
2723
2724
2725
2726
2729
2730
2731
2732
2733
2734
2736
2737
2738
2739
2740
2741
2742
2743
2745
2746
2747
2748
2749
2750
2751
2752
2754
2755
2756
2757
2759
2760
2761
2762
2763
2765
2766
2767
2768
2769
2770
2774
2776
2777
2779
2780
2781
2782
2783
2784
2785
2786
2787
2789
2790
2791
2792
2793
2794
2795
2796
2797
2798
2799
2800
2801
2802
2803
2804
2805
2806
2809
2812
2813
2814
2815
2816
2817
2818
2820
2821
2822
2823
2824
2825
2826
2827
2828
2829
2830
2831
2832
2833
2834
2835
2836
2837
2838
2840
2841
2842
2843
2844
2845
2846
2847
2848
2849
2850
2851
2854
2855
2856
2857
2858
2859
2860
2861
2862
2863
2864
2867
2868
2869
2870
2871
2872
2873
2874
2875
2876
2878
2879
2880
2882
2883
2884
2885
2886
2887
2890
2891
2892
2893
2894
2895
2896
2897
2898
2899
2900
2901
2902
2903
2904
2905
2906
2907
2908
2909
2910
2911
2912
2913
2914
2915
2916
2918
2919
2920
2921
2922
2923
2924
2925
2926
2929
2930
2931
2932
2933
2934
2935
2936
2937
2938
2939
2940
2942
2943
2944
2945
2946
2947
2948
2950
2951
2952
2953
2955
2956
2957
2958
2959
2961
2962
2963
2964
2965
2966
2967
2968
2969
2971
2972
2973
2974
2975
2976
2977
2978
2979
2980
2981
2982
2983
2984
2985
2987
2989
2990
2991
2992
2993
2994
2995
2996
2997
2998
3000
3001
3003
3004
3006
3007
3008
3009
3010
3012
3013
3014
3016
3017
3018
3019
3020
3021
3022
3023
3024
3025
3026
3027
3028
3030
3031
3032
3033
3034
3035
3036
3037
3038
3039
3040
3041
3042
3043
3044
3045
3046
3047
3048
3049
3050
3051
3052
3053
3054
3055
3056
3057
3058
3059
3060
3061
3062
3063
3064
3065
3066
3067
3069
3070
3071
3072
3074
3075
3077
3078
3079
3080
3081
3082
3083
3084
3086
3087
3088
3089
3090
3091
3092
3094
3095
3096
3097
3098
3099
3101
3102
3103
3105
3106
3107
3108
3109
3110
3111
3112
3113
3114
3115
3117
3118
3122
3124
3125
3126
3127
3128
3129
3130
3131
3132
3133
3134
3135
3136
3137
3138
3140
3141
3143
3144
3145
3146
3148
3149
3150
3151
3152
3153
3154
3155
3156
3157
3158
3159
3160
3161
3162
3163
3165
3166
3167
3168
3170
3171
3172
3173
3175
3177
3178
3179
3180
3181
3182
3183
3184
3185
3186
3187
3188
3189
3191
3192
3193
3194
3195
3196
3197
3198
3199
3200
3201
3202
3203
3204
3205
3207
3208
3209
3210
3212
3213
3214
3216
3217
3219
3221
3222
3223
3224
3225
3226
3228
3229
3230
3231
3232
3233
3234
3237
3238
3239
3240
3241
3242
3243
3246
3247
3248
3250
3251
3252
3253
3254
3255
3256
3257
3258
3259
3260
3262
3263
3264
3266
3267
3268
3269
3272
3273
3274
3275
3276
3277
3278
3280
3281
3282
3283
3284
3285
3286
3289
3290
3291
3294
3295
3296
3297
3298
3299
3300
3301
3302
3303
3304
3305
3307
3308
3309
3310
3311
3312
3313
3314
3315
3316
3317
3318
3319
3320
3321
3322
3323
3324
3325
3327
3328
3329
3330
3331
3334
3335
3336
3337
3339
3340
3342
3343
3344
3345
3346
3348
3349
3350
3351
3352
3354
3355
3356
3357
3358
3359
3361
3362
3364
3365
3366
3367
3368
3369
3370
3371
3372
3374
3375
3376
3377
3378
3379
3381
3382
3383
3384
3387
3388
3389
3390
3391
3392
3393
3394
3395
3396
3397
3401
3402
3403
3404
3406
3407
3408
3409
3410
3411
3412
3413
3414
3415
3417
3418
3419
3420
3421
3422
3423
3424
3425
3428
3429
3430
3431
3432
3433
3434
3435
3436
3437
3438
3439
3440
3442
3443
3444
3445
3446
3447
3448
3449
3450
3455
3456
3458
3459
3460
3462
3463
3464
3466
3467
3468
3470
3471
3472
3473
3474
3476
3477
3478
3479
3480
3481
3482
3485
3486
3487
3488
3489
3490
3491
3492
3493
3494
3495
3496
3497
3498
3499
3500
3501
3502
3503
3505
3506
3507
3508
3509
3510
3511
3512
3513
3514
3515
3516
3518
3519
3520
3521
3522
3523
3524
3525
3526
3529
3530
3533
3534
3535
3536
3538
3539
3540
3541
3542
3543
3544
3545
3546
3548
3549
3552
3553
3554
3555
3557
3558
3559
3560
3561
3562
3564
3565
3566
3567
3568
3569
3570
3571
3572
3573
3574
3575
3576
3577
3578
3579
3580
3581
3583
3584
3585
3586
3588
3591
3593
3594
3595
3596
3597
3598
3599
3600
3601
3602
3603
3604
3605
3606
3608
3609
3611
3612
3613
3614
3615
3616
3617
3618
3619
3620
3621
3622
3623
3624
3625
3626
3627
3628
3629
3630
3631
3632
3633
3634
3635
3636
3637
3638
3639
3641
3642
3643
3644
3645
3646
3648
3649
3651
3653
3655
3656
3657
3658
3659
3660
3661
3662
3663
3664
3665
3667
3668
3669
3670
3672
3674
3675
3676
3677
3678
3679
3680
3681
3682
3683
3684
3687
3689
3690
3691
3693
3694
3696
3697
3700
3701
3702
3703
3704
3706
3707
3708
3709
3710
3711
3712
3713
3714
3715
3716
3717
3718
3719
3720
3721
3722
3724
3725
3726
3727
3728
3729
3730
3731
3732
3733
3734
3736
3737
3738
3739
3740
3741
3742
3743
3744
3745
3746
3747
3749
3750
3751
3752
3753
3754
3755
3756
3757
3758
3759
3760
3761
3762
3763
3764
3765
3766
3768
3769
3770
3771
3772
3773
3775
3776
3777
3778
3779
3780
3781
3782
3784
3787
3788
3789
3790
3791
3793
3795
3796
3797
3798
3799
3800
3801
3803
3804
3805
3806
3807
3808
3809
3811
3812
3813
3814
3815
3816
3817
3818
3819
3820
3822
3826
3827
3828
3829
3830
3833
3834
3835
3836
3837
3838
3839
3840
3841
3842
3843
3844
3845
3847
3848
3850
3851
3852
3854
3855
3856
3857
3858
3859
3860
3862
3863
3864
3865
3866
3868
3869
3870
3874
3875
3876
3878
3879
3881
3882
3883
3884
3885
3886
3887
3888
3889
3890
3891
3892
3896
3897
3899
3902
3903
3904
3905
3906
3908
3909
3911
3913
3914
3915
3919
3920
3921
3922
3923
3924
3925
3926
3927
3928
3929
3930
3931
3933
3935
3938
3939
3940
3942
3943
3944
3945
3946
3947
3949
3950
3951
3953
3954
3955
3956
3957
3958
3959
3960
3961
3962
3963
3965
3966
3967
3968
3971
3972
3974
3975
3976
3977
3978
3979
3980
3981
3982
3983
3984
3985
3986
3987
3988
3989
3990
3991
3992
3993
3994
3995
3996
3997
3998
3999
4000
4001
4002
4003
4004
4005
4006
4007
4008
4009
4010
4011
4012
4013
4015
4016
4018
4019
4020
4021
4022
4024
4025
4026
4027
4028
4030
4031
4032
4034
4035
4037
4038
4039
4040
4041
4042
4044
4045
4046
4047
4048
4049
4050
4051
4052
4053
4054
4055
4056
4057
4058
4059
4060
4062
4064
4065
4066
4069
4071
4072
4073
4075
4076
4078
4079
4081
4082
4083
4084
4086
4087
4088
4089
4090
4091
4092
4093
4094
4095
4097
4098
4099
4100
4101
4102
4104
4105
4106
4107
4108
4109
4111
4112
4114
4115
4117
4118
4119
4120
4121
4122
4123
4124
4125
4126
4127
4128
4129
4130
4131
4132
4133
4134
4138
4139
4140
4141
4142
4144
4145
4147
4148
4150
4152
4154
4155
4156
4157
4158
4159
4161
4162
4164
4165
4167
4168
4170
4171
4172
4173
4175
4176
4177
4178
4179
4180
4181
4182
4183
4184
4185
4188
4189
4190
4191
4193
4194
4195
4196
4197
4199
4201
4202
4203
4204
4205
4206
4207
4208
4209
4211
4212
4213
4216
4217
4219
4220
4221
4222
4225
4226
4227
4228
4229
4230
4232
4233
4234
4236
4237
4238
4240
4241
4242
4243
4244
4245
4246
4248
4249
4252
4253
4254
4255
4256
4257
4258
4259
4261
4262
4263
4265
4266
4267
4268
4269
4270
4272
4273
4274
4275
4276
4277
4278
4279
4281
4282
4283
4284
4288
4289
4290
4291
4292
4293
4294
4295
4296
4297
4299
4300
4302
4303
4304
4306
4307
4308
4309
4310
4311
4312
4313
4314
4315
4319
4322
4323
4325
4327
4328
4330
4331
4332
4334
4335
4336
4337
4338
4339
4340
4341
4342
4343
4344
4345
4346
4347
4348
4350
4351
4352
4353
4355
4356
4357
4359
4360
4361
4362
4363
4364
4366
4368
4369
4370
4371
4372
4374
4375
4376
4377
4378
4379
4380
4381
4382
4383
4384
4385
4386
4389
4390
4391
4392
4393
4394
4395
4396
4397
4400
4402
4404
4405
4406
4409
4410
4412
4413
4415
4416
4417
4418
4419
4421
4422
4423
4424
4425
4428
4429
4430
4431
4432
4433
4434
4436
4437
4438
4439
4440
4441
4442
4443
4444
4445
4447
4448
4449
4450
4451
4452
4454
4455
4456
4460
4461
4462
4463
4464
4465
4466
4467
4468
4470
4471
4472
4473
4475
4476
4477
4478
4479
4480
4481
4482
4483
4484
4486
4487
4488
4489
4490
4492
4493
4494
4496
4497
4498
4499
4500
4501
4502
4503
4505
4506
4507
4508
4510
4511
4512
4514
4515
4517
4518
4519
4520
4521
4523
4524
4525
4526
4528
4529
4530
4531
4532
4534
4535
4536
4537
4540
4541
4542
4543
4545
4546
4547
4549
4551
4552
4553
4554
4556
4557
4558
4559
4560
4561
4562
4563
4564
4565
4566
4567
4568
4570
4571
4573
4574
4575
4577
4580
4581
4582
4583
4584
4585
4587
4588
4589
4590
4591
4592
4593
4594
4595
4598
4599
4600
4601
4602
4603
4606
4607
4609
4610
4611
4612
4613
4614
4615
4616
4617
4618
4619
4620
4621
4622
4623
4625
4627
4632
4633
4634
4635
4637
4638
4642
4643
4644
4645
4647
4649
4650
4651
4652
4653
4654
4655
4656
4657
4658
4659
4660
4661
4664
4665
4666
4667
4670
4671
4673
4674
4675
4676
4677
4678
4679
4680
4681
4682
4686
4687
4688
4689
4690
4691
4692
4693
4694
4695
4696
4697
4698
4699
4700
4701
4702
4704
4706
4707
4708
4709
4710
4711
4712
4713
4714
4715
4716
4717
4718
4719
4721
4722
4723
4724
4725
4726
4727
4729
4730
4731
4732
4733
4734
4735
4736
4737
4738
4741
4742
4744
4745
4746
4747
4748
4749
4750
4751
4752
4753
4754
4755
4756
4757
4758
4759
4761
4762
4763
4764
4765
4766
4767
4769
4770
4773
4774
4775
4776
4777
4778
4779
4780
4781
4782
4783
4784
4785
4786
4787
4788
4789
4790
4791
4792
4793
4794
4795
4796
4797
4798
4799
4800
4801
4802
4803
4804
4805
4807
4808
4809
4811
4813
4816
4818
4821
4823
4824
4826
4828
4829
4830
4831
4832
4833
4834
4835
4836
4837
4838
4839
4840
4841
4842
4843
4844
4845
4846
4847
4849
4850
4851
4852
4855
4856
4858
4859
4860
4861
4862
4863
4864
4866
4868
4869
4871
4873
4874
4876
4878
4879
4880
4881
4883
4884
4885
4886
4887
4888
4889
4890
4891
4892
4893
4895
4896
4897
4898
4899
4900
4902
4904
4905
4906
4909
4911
4912
4913
4916
4917
4918
4919
4920
4922
4923
4924
4927
4928
4929
4931
4934
4935
4936
4937
4938
4939
4941
4942
4944
4945
4946
4947
4948
4950
4952
4953
4954
4955
4956
4958
4960
4961
4962
4963
4964
4965
4967
4968
4970
4971
4972
4973
4974
4976
4977
4979
4980
4981
4982
4983
4986
4987
4988
4989
4990
4991
4992
4993
4994
4997
4998
4999
5000
5001
5002
5003
5004
5005
5006
5008
5010
5011
5012
5013
5014
5015
5016
5018
5019
5020
5021
5022
5023
5024
5025
5026
5027
5028
5031
5032
5033
5034
5037
5038
5039
5040
5041
5042
5043
5044
5046
5047
5048
5049
5052
5054
5055
5056
5057
5058
5059
5061
5062
5064
5065
5066
5067
5068
5069
5070
5072
5073
5074
5075
5076
5077
5078
5081
5082
5083
5084
5085
5086
5087
5088
5089
5090
5091
5093
5095
5096
5097
5098
5099
5101
5102
5103
5104
5105
5106
5107
5108
5109
5111
5114
5115
5116
5117
5119
5121
5122
5124
5125
5126
5127
5128
5129
5130
5131
5132
5133
5134
5135
5136
5137
5138
5139
5140
5141
5142
5143
5144
5145
5146
5147
5148
5149
5150
5154
5155
5157
5158
5159
5161
5162
5163
5164
5165
5166
5167
5169
5170
5171
5173
5174
5175
5176
5177
5179
5181
5182
5183
5185
5186
5187
5188
5189
5190
5191
5192
5194
5195
5196
5198
5199
5200
5203
5204
5205
5206
5207
5208
5210
5211
5212
5213
5214
5215
5216
5217
5218
5219
5222
5223
5224
5225
5226
5227
5228
5229
5230
5231
5232
5235
5236
5238
5239
5242
5243
5244
5245
5246
5248
5251
5252
5253
5254
5255
5256
5257
5258
5259
5260
5261
5262
5263
5264
5265
5266
5267
5268
5269
5270
5271
5272
5273
5274
5275
5279
5280
5281
5282
5284
5285
5286
5287
5289
5291
5292
5293
5295
5296
5297
5298
5299
5300
5302
5303
5305
5306
5307
5308
5309
5310
5312
5313
5314
5315
5316
5317
5318
5319
5323
5324
5325
5326
5327
5328
5330
5331
5332
5333
5334
5335
5337
5339
5340
5341
5342
5343
5344
5346
5347
5348
5349
5350
5351
5352
5353
5354
5356
5357
5358
5359
5360
5361
5362
5363
5364
5365
5367
5368
5369
5370
5371
5372
5373
5374
5375
5376
5378
5379
5380
5381
5382
5383
5384
5385
5387
5388
5390
5391
5392
5394
5395
5396
5398
5399
5400
5401
5402
5404
5405
5406
5407
5408
5409
5411
5413
5414
5415
5416
5417
5418
5419
5423
5424
5425
5426
5427
5428
5429
5430
5432
5433
5434
5435
5436
5437
5438
5440
5441
5442
5443
5444
5445
5446
5447
5448
5449
5450
5451
5454
5456
5457
5458
5459
5460
5461
5462
5464
5466
5467
5468
5469
5471
5472
5473
5474
5475
5476
5477
5478
5479
5480
5481
5482
5483
5484
5485
5486
5487
5488
5489
5490
5491
5492
5493
5494
5495
5497
5498
5499
5500
5501
5502
5503
5505
5506
5507
5508
5509
5510
5511
5512
5514
5515
5516
5517
5518
5521
5522
5523
5524
5527
5529
5530
5531
5532
5533
5534
5536
5540
5541
5543
5545
5546
5547
5548
5549
5550
5551
5552
5553
5554
5555
5559
5560
5561
5562
5563
5564
5565
5566
5567
5568
5570
5571
5572
5574
5576
5577
5579
5582
5583
5584
5586
5587
5588
5589
5590
5591
5592
5593
5594
5595
5596
5597
5598
5599
5600
5601
5602
5603
5604
5605
5606
5607
5609
5610
5611
5614
5615
5617
5618
5619
5620
5621
5622
5623
5626
5627
5628
5629
5630
5632
5634
5636
5637
5638
5639
5640
5641
5642
5643
5645
5646
5647
5648
5649
5650
5651
5652
5653
5654
5655
5656
5657
5658
5659
5661
5662
5666
5667
5668
5670
5671
5672
5673
5674
5675
5676
5677
5678
5679
5680
5681
5682
5683
5684
5685
5686
5689
5690
5691
5692
5694
5696
5698
5699
5701
5702
5703
5705
5706
5707
5708
5709
5710
5711
5712
5713
5714
5715
5716
5717
5721
5722
5723
5724
5725
5726
5728
5732
5733
5734
5737
5738
5739
5741
5742
5743
5745
5746
5748
5749
5751
5752
5753
5755
5756
5757
5758
5759
5761
5762
5763
5764
5765
5767
5770
5772
5774
5775
5776
5777
5778
5779
5780
5781
5782
5783
5784
5786
5787
5788
5789
5790
5792
5793
5794
5795
5796
5797
5799
5801
5802
5805
5808
5809
5810
5812
5813
5815
5816
5817
5818
5819
5820
5821
5822
5823
5824
5825
5827
5829
5830
5832
5833
5834
5836
5837
5838
5839
5840
5842
5843
5844
5846
5847
5849
5850
5851
5853
5854
5855
5856
5860
5861
5862
5864
5866
5868
5869
5870
5871
5872
5875
5876
5877
5878
5879
5880
5882
5883
5886
5887
5888
5889
5891
5893
5894
5895
5898
5899
5901
5902
5903
5904
5905
5907
5908
5909
5910
5911
5912
5913
5915
5916
5917
5918
5919
5920
5921
5922
5923
5924
5925
5926
5927
5930
5931
5932
5933
5934
5935
5936
5938
5939
5940
5941
5943
5944
5945
5946
5947
5948
5951
5952
5953
5954
5955
5956
5958
5961
5962
5963
5964
5966
5968
5969
5971
5972
5973
5975
5976
5977
5978
5979
5981
5982
5983
5984
5985
5986
5987
5988
5989
5990
5992
5994
5995
5996
5997
5998
5999
6000
6001
6003
6004
6005
6006
6007
6009
6011
6013
6015
6016
6017
6018
6020
6021
6022
6024
6025
6027
6028
6029
6030
6031
6033
6036
6037
6038
6039
6040
6041
6042
6043
6044
6045
6046
6047
6048
6051
6052
6053
6054
6056
6057
6058
6059
6060
6061
6063
6064
6066
6067
6069
6070
6071
6074
6075
6077
6078
6079
6080
6081
6082
6084
6085
6086
6087
6088
6089
6090
6092
6093
6094
6095
6097
6098
6099
6101
6103
6105
6106
6107
6108
6109
6110
6111
6112
6113
6115
6117
6121
6122
6124
6125
6126
6127
6129
6130
6132
6133
6134
6135
6136
6138
6139
6141
6142
6143
6144
6146
6148
6149
6150
6151
6153
6154
6156
6157
6158
6160
6161
6162
6163
6165
6167
6168
6170
6171
6174
6175
6176
6177
6178
6179
6180
6182
6183
6184
6185
6186
6187
6188
6189
6191
6192
6194
6195
6197
6198
6199
6201
6202
6204
6205
6206
6207
6211
6212
6213
6214
6215
6217
6218
6220
6221
6222
6223
6224
6225
6227
6228
6230
6231
6232
6234
6235
6236
6237
6238
6239
6243
6245
6248
6249
6250
6252
6253
6254
6255
6256
6258
6259
6260
6262
6263
6265
6266
6267
6268
6273
6275
6276
6277
6278
6280
6281
6282
6283
6284
6286
6288
6289
6290
6292
6293
6294
6295
6297
6298
6299
6302
6304
6306
6309
6310
6311
6312
6314
6316
6318
6319
6320
6321
6322
6323
6324
6325
6326
6327
6328
6329
6330
6331
6332
6333
6334
6335
6336
6337
6338
6339
6340
6341
6343
6345
6348
6349
6350
6351
6353
6354
6355
6356
6357
6359
6360
6361
6362
6363
6364
6365
6368
6369
6374
6375
6376
6377
6378
6379
6380
6381
6382
6383
6384
6385
6386
6387
6390
6391
6392
6393
6394
6396
6397
6398
6399
6400
6401
6403
6404
6405
6406
6407
6408
6409
6410
6411
6414
6415
6416
6418
6419
6420
6424
6425
6426
6427
6429
6430
6433
6434
6435
6436
6437
6438
6439
6440
6442
6443
6445
6446
6447
6448
6450
6451
6452
6453
6454
6455
6457
6458
6459
6461
6463
6464
6465
6466
6469
6470
6471
6473
6474
6475
6476
6477
6478
6481
6483
6485
6486
6487
6488
6489
6491
6492
6493
6494
6495
6496
6497
6498
6501
6502
6503
6504
6505
6507
6508
6509
6510
6511
6512
6513
6515
6516
6517
6518
6519
6520
6521
6522
6525
6526
6527
6528
6529
6530
6531
6532
6533
6535
6536
6537
6539
6540
6541
6542
6543
6545
6546
6547
6548
6549
6550
6551
6552
6554
6556
6557
6558
6559
6560
6561
6562
6564
6565
6566
6568
6569
6570
6572
6573
6574
6575
6576
6577
6579
6580
6581
6582
6583
6584
6587
6588
6589
6590
6591
6592
6593
6595
6596
6597
6599
6600
6601
6602
6603
6605
6607
6608
6609
6611
6612
6614
6616
6618
6620
6621
6622
6623
6624
6625
6627
6628
6630
6631
6632
6633
6634
6635
6636
6637
6638
6639
6642
6643
6644
6645
6646
6647
6648
6649
6650
6652
6653
6654
6655
6656
6657
6659
6660
6661
6663
6664
6665
6666
6667
6669
6670
6672
6673
6676
6677
6679
6680
6681
6683
6684
6686
6687
6692
6693
6694
6695
6696
6697
6698
6699
6700
6701
6702
6703
6704
6705
6706
6707
6708
6711
6712
6713
6714
6715
6716
6717
6718
6719
6720
6721
6722
6724
6725
6727
6728
6729
6730
6731
6734
6735
6736
6737
6738
6739
6740
6741
6742
6743
6744
6745
6747
6749
6750
6751
6752
6754
6756
6757
6758
6759
6761
6762
6763
6764
6765
6767
6768
6770
6773
6774
6775
6777
6778
6779
6780
6781
6783
6784
6785
6788
6790
6791
6792
6794
6795
6796
6797
6799
6801
6803
6804
6805
6806
6807
6808
6809
6810
6811
6812
6813
6815
6816
6817
6818
6819
6820
6821
6823
6824
6826
6829
6830
6832
6833
6834
6835
6836
6840
6841
6843
6844
6845
6846
6847
6849
6850
6851
6852
6853
6854
6855
6857
6858
6859
6862
6863
6864
6865
6866
6867
6868
6869
6870
6872
6873
6875
6878
6879
6880
6881
6884
6885
6886
6889
6891
6892
6895
6898
6900
6901
6902
6903
6905
6906
6907
6908
6909
6911
6912
6913
6915
6916
6918
6920
6921
6922
6923
6924
6925
6927
6930
6931
6933
6934
6937
6940
6941
6942
6943
6944
6945
6946
6947
6948
6949
6951
6952
6953
6954
6957
6958
6959
6960
6961
6964
6966
6967
6968
6969
6970
6971
6973
6974
6975
6976
6977
6978
6979
6980
6983
6985
6986
6988
6989
6990
6991
6992
6994
6995
6996
6999
7002
7003
7004
7005
7006
7007
7008
7009
7012
7014
7017
7019
7020
7021
7022
7023
7025
7026
7027
7028
7029
7030
7031
7033
7034
7035
7036
7038
7039
7041
7042
7043
7044
7045
7047
7049
7050
7052
7054
7055
7056
7057
7058
7059
7060
7061
7062
7063
7064
7065
7067
7068
7070
7071
7072
7073
7074
7075
7076
7077
7078
7079
7080
7081
7083
7085
7086
7087
7088
7090
7091
7093
7094
7095
7096
7097
7098
7099
7101
7102
7104
7106
7108
7110
7111
7112
7114
7115
7116
7117
7119
7120
7121
7122
7123
7124
7125
7126
7127
7128
7129
7131
7132
7135
7136
7137
7139
7141
7142
7143
7144
7145
7146
7147
7148
7151
7154
7155
7156
7157
7158
7159
7162
7164
7165
7166
7167
7168
7169
7170
7171
7172
7173
7174
7176
7177
7179
7181
7182
7183
7185
7186
7187
7188
7189
7190
7191
7192
7193
7196
7198
7199
7202
7205
7206
7207
7208
7209
7210
7211
7213
7214
7220
7222
7223
7224
7225
7226
7227
7229
7230
7233
7234
7236
7238
7239
7242
7243
7244
7245
7246
7247
7249
7250
7251
7252
7253
7255
7256
7258
7259
7260
7261
7262
7263
7265
7267
7268
7271
7272
7274
7276
7277
7281
7283
7284
7285
7286
7287
7289
7290
7292
7294
7295
7299
7300
7301
7302
7303
7304
7305
7308
7309
7313
7314
7315
7317
7318
7319
7320
7321
7322
7324
7325
7326
7327
7328
7330
7331
7332
7333
7334
7335
7336
7337
7338
7339
7345
7346
7348
7350
7351
7353
7355
7356
7357
7359
7360
7361
7363
7364
7365
7366
7367
7368
7369
7370
7371
7372
7373
7374
7376
7377
7379
7380
7381
7383
7384
7385
7386
7387
7389
7390
7391
7392
7393
7394
7395
7397
7401
7402
7404
7406
7407
7408
7410
7413
7415
7416
7419
7421
7423
7424
7426
7427
7428
7430
7431
7432
7433
7434
7435
7436
7437
7438
7439
7440
7441
7444
7445
7447
7448
7449
7450
7453
7454
7455
7457
7458
7459
7460
7461
7462
7463
7464
7465
7466
7467
7468
7470
7472
7474
7476
7478
7480
7481
7483
7484
7485
7487
7489
7491
7493
7495
7496
7497
7498
7499
7500
7502
7503
7505
7506
7508
7509
7510
7511
7514
7515
7516
7520
7521
7522
7524
7526
7529
7530
7531
7532
7533
7534
7535
7537
7538
7539
7540
7541
7542
7543
7544
7545
7546
7547
7548
7549
7551
7552
7554
7555
7556
7559
7560
7561
7563
7564
7565
7566
7567
7569
7571
7572
7573
7574
7575
7576
7578
7580
7581
7583
7584
7586
7587
7588
7589
7590
7592
7593
7594
7595
7596
7597
7598
7601
7602
7604
7605
7606
7607
7608
7609
7610
7611
7612
7613
7615
7617
7618
7620
7621
7622
7624
7626
7628
7629
7632
7633
7634
7635
7636
7637
7638
7639
7640
7642
7643
7644
7645
7648
7650
7652
7653
7654
7655
7656
7657
7658
7659
7660
7661
7662
7663
7664
7667
7669
7670
7671
7672
7673
7674
7677
7678
7679
7683
7684
7687
7690
7691
7692
7693
7694
7695
7696
7697
7698
7699
7700
7701
7703
7705
7706
7707
7709
7711
7712
7713
7714
7715
7716
7718
7719
7722
7723
7724
7725
7726
7727
7728
7729
7731
7733
7734
7736
7737
7738
7739
7741
7742
7743
7744
7745
7746
7748
7750
7751
7752
7753
7756
7757
7760
7761
7762
7763
7764
7765
7766
7768
7769
7770
7771
7772
7773
7775
7776
7777
7778
7779
7781
7782
7783
7784
7785
7786
7787
7788
7789
7790
7792
7793
7794
7795
7796
7798
7799
7800
7802
7803
7806
7807
7808
7809
7810
7812
7813
7815
7819
7820
7821
7822
7824
7825
7826
7828
7830
7831
7832
7833
7834
7835
7836
7838
7839
7840
7841
7842
7848
7849
7850
7851
7852
7853
7854
7855
7856
7857
7859
7860
7862
7863
7864
7865
7867
7869
7870
7871
7872
7873
7874
7875
7877
7878
7880
7881
7883
7884
7885
7888
7889
7890
7891
7892
7894
7896
7897
7898
7899
7900
7902
7903
7905
7906
7907
7909
7910
7911
7912
7913
7914
7915
7916
7917
7919
7920
7923
7926
7928
7929
7930
7931
7932
7934
7935
7936
7937
7941
7942
7943
7944
7945
7947
7948
7949
7950
7952
7953
7954
7955
7956
7960
7963
7964
7966
7967
7968
7969
7970
7972
7974
7975
7976
7977
7978
7980
7982
7983
7984
7985
7987
7988
7991
7993
7994
7995
7998
7999
8000
8001
8002
8003
8005
8006
8007
8008
8009
8010
8012
8013
8014
8015
8016
8017
8018
8019
8020
8021
8022
8023
8024
8026
8027
8028
8029
8030
8032
8033
8036
8038
8040
8042
8043
8045
8046
8047
8049
8050
8051
8052
8053
8054
8055
8056
8057
8058
8059
8060
8061
8063
8064
8065
8066
8068
8069
8070
8071
8072
8074
8075
8076
8077
8078
8079
8080
8081
8082
8083
8084
8085
8086
8087
8088
8090
8091
8094
8095
8096
8097
8098
8099
8100
8102
8103
8104
8105
8106
8107
8109
8110
8111
8112
8113
8115
8117
8118
8119
8120
8121
8122
8123
8125
8127
8129
8130
8132
8134
8135
8136
8137
8138
8139
8142
8143
8144
8145
8146
8147
8148
8150
8151
8152
8153
8154
8155
8156
8158
8159
8162
8163
8164
8166
8167
8169
8170
8171
8172
8173
8174
8176
8177
8178
8182
8184
8185
8186
8187
8188
8189
8190
8191
8192
8193
8194
8195
8196
8197
8198
8199
8200
8201
8202
8203
8204
8205
8207
8208
8209
8210
8211
8213
8214
8217
8218
8219
8220
8222
8223
8224
8225
8229
8231
8232
8233
8234
8235
8236
8238
8239
8240
8241
8242
8243
8245
8246
8250
8252
8253
8254
8255
8259
8260
8261
8262
8265
8266
8268
8269
8273
8274
8276
8279
8280
8281
8282
8283
8284
8285
8286
8287
8288
8289
8290
8292
8294
8295
8297
8298
8299
8302
8303
8304
8305
8306
8307
8308
8310
8311
8312
8313
8315
8316
8317
8318
8322
8323
8327
8328
8329
8330
8332
8333
8334
8335
8336
8337
8338
8339
8340
8341
8342
8343
8344
8345
8346
8347
8348
8350
8351
8352
8354
8355
8357
8358
8359
8362
8363
8364
8365
8366
8367
8368
8369
8371
8373
8375
8376
8377
8378
8379
8380
8381
8383
8384
8385
8386
8387
8388
8389
8390
8391
8392
8393
8394
8395
8396
8397
8400
8401
8402
8404
8405
8406
8407
8409
8410
8411
8412
8413
8415
8416
8417
8418
8419
8420
8421
8422
8423
8426
8427
8428
8430
8431
8432
8433
8434
8435
8438
8439
8440
8442
8443
8444
8446
8448
8450
8451
8452
8453
8454
8455
8457
8460
8462
8463
8464
8466
8468
8469
8470
8471
8472
8474
8476
8477
8478
8479
8480
8481
8482
8483
8484
8485
8486
8487
8488
8489
8490
8491
8492
8494
8495
8496
8497
8498
8499
8500
8501
8502
8505
8506
8507
8509
8510
8511
8512
8513
8515
8516
8520
8523
8524
8525
8526
8527
8529
8530
8532
8533
8534
8535
8536
8539
8540
8541
8543
8545
8546
8547
8548
8549
8551
8552
8553
8554
8555
8556
8557
8559
8561
8562
8563
8564
8565
8566
8568
8569
8570
8574
8577
8578
8580
8581
8582
8584
8585
8586
8588
8591
8592
8593
8594
8595
8597
8598
8599
8601
8602
8604
8605
8606
8608
8609
8610
8611
8612
8613
8614
8615
8617
8618
8619
8620
8621
8623
8624
8625
8626
8627
8628
8629
8632
8633
8635
8636
8637
8638
8639
8640
8642
8643
8644
8645
8646
8647
8648
8649
8652
8653
8656
8657
8658
8659
8660
8662
8663
8665
8668
8670
8672
8673
8674
8677
8678
8679
8680
8682
8683
8684
8685
8686
8687
8689
8691
8692
8693
8697
8698
8699
8700
8701
8702
8703
8704
8705
8707
8708
8710
8712
8713
8714
8716
8717
8718
8719
8720
8721
8722
8723
8724
8725
8727
8728
8729
8731
8732
8734
8735
8736
8737
8739
8742
8743
8744
8746
8749
8751
8753
8754
8755
8760
8761
8762
8763
8764
8765
8767
8770
8771
8772
8773
8776
8779
8781
8782
8783
8784
8785
8786
8790
8792
8793
8794
8796
8798
8799
8800
8801
8805
8806
8807
8808
8809
8812
8814
8815
8817
8818
8820
8821
8823
8825
8826
8828
8831
8833
8835
8836
8837
8838
8839
8842
8843
8844
8845
8847
8848
8849
8850
8851
8852
8853
8854
8855
8856
8857
8858
8862
8863
8864
8866
8867
8868
8869
8870
8871
8872
8873
8874
8875
8876
8877
8878
8881
8882
8883
8884
8885
8886
8887
8889
8890
8891
8893
8894
8896
8897
8898
8900
8901
8902
8903
8904
8905
8906
8907
8908
8910
8911
8912
8913
8914
8915
8916
8918
8919
8920
8921
8924
8925
8926
8927
8928
8929
8930
8931
8933
8934
8937
8938
8940
8941
8943
8944
8945
8946
8948
8949
8950
8951
8952
8953
8955
8957
8958
8959
8960
8961
8962
8963
8964
8967
8968
8969
8970
8971
8972
8973
8974
8976
8977
8978
8979
8980
8981
8982
8983
8984
8990
8992
8995
8996
8997
8998
8999
9000
9002
9003
9004
9006
9007
9008
9009
9010
9011
9012
9013
9014
9016
9017
9018
9019
9020
9021
9022
9023
9024
9027
9028
9029
9030
9031
9032
9033
9035
9037
9038
9039
9040
9041
9042
9043
9044
9045
9046
9047
9048
9050
9051
9052
9053
9054
9055
9057
9060
9061
9063
9064
9065
9066
9067
9071
9075
9076
9077
9078
9079
9082
9084
9085
9086
9087
9090
9091
9093
9095
9097
9099
9100
9101
9103
9104
9108
9109
9110
9111
9112
9114
9115
9116
9117
9119
9121
9123
9124
9125
9128
9133
9134
9135
9136
9137
9138
9139
9140
9141
9143
9144
9146
9147
9149
9150
9152
9153
9154
9155
9156
9158
9159
9160
9162
9163
9164
9167
9168
9169
9170
9171
9173
9174
9175
9176
9178
9180
9181
9182
9183
9184
9185
9186
9188
9189
9190
9191
9192
9193
9194
9195
9197
9201
9202
9203
9204
9205
9206
9207
9209
9212
9213
9214
9215
9217
9218
9219
9220
9221
9222
9223
9227
9228
9229
9230
9231
9232
9233
9236
9237
9238
9239
9240
9241
9242
9244
9245
9247
9248
9249
9250
9251
9252
9253
9254
9255
9257
9258
9259
9261
9262
9263
9265
9266
9267
9268
9270
9272
9278
9279
9280
9281
9282
9283
9284
9286
9287
9289
9290
9293
9296
9297
9298
9302
9303
9304
9305
9306
9307
9308
9310
9311
9317
9318
9319
9321
9323
9324
9325
9326
9327
9328
9331
9334
9335
9336
9337
9338
9340
9341
9342
9343
9345
9347
9348
9350
9351
9352
9354
9356
9357
9358
9361
9362
9363
9364
9366
9367
9368
9369
9370
9372
9373
9374
9375
9376
9378
9379
9380
9381
9383
9384
9386
9387
9389
9391
9392
9393
9395
9397
9398
9399
9400
9402
9403
9404
9405
9406
9407
9408
9409
9410
9411
9412
9413
9414
9415
9416
9417
9418
9419
9420
9421
9422
9423
9427
9428
9430
9431
9432
9434
9435
9437
9438
9439
9440
9441
9442
9444
9445
9446
9447
9449
9450
9451
9452
9453
9454
9455
9456
9457
9459
9460
9461
9463
9464
9466
9467
9468
9469
9471
9473
9474
9475
9476
9479
9480
9481
9482
9483
9485
9486
9487
9488
9490
9492
9493
9494
9495
9496
9497
9498
9500
9501
9503
9504
9506
9508
9510
9511
9512
9513
9514
9515
9517
9518
9520
9522
9523
9524
9525
9527
9532
9533
9534
9535
9536
9537
9538
9539
9540
9541
9542
9543
9544
9548
9550
9551
9556
9558
9559
9560
9561
9563
9564
9565
9569
9571
9572
9573
9574
9575
9576
9580
9581
9584
9585
9586
9588
9589
9590
9591
9593
9594
9596
9598
9599
9600
9601
9602
9603
9604
9605
9607
9608
9609
9610
9611
9612
9613
9615
9616
9618
9619
9620
9623
9624
9625
9626
9628
9630
9632
9633
9634
9635
9637
9638
9639
9640
9642
9643
9646
9648
9649
9652
9653
9655
9657
9659
9660
9662
9663
9664
9665
9666
9667
9668
9669
9670
9671
9672
9673
9675
9676
9677
9679
9680
9681
9682
9684
9685
9686
9687
9688
9689
9690
9691
9694
9695
9696
9697
9698
9699
9703
9704
9705
9707
9708
9710
9711
9712
9713
9714
9715
9716
9718
9720
9721
9722
9726
9727
9728
9730
9731
9732
9733
9734
9735
9736
9738
9739
9740
9742
9744
9749
9750
9751
9752
9753
9757
9758
9760
9761
9764
9766
9767
9769
9770
9771
9772
9773
9774
9775
9776
9777
9778
9779
9780
9781
9782
9784
9785
9786
9787
9788
9789
9790
9791
9797
9798
9799
9800
9801
9802
9803
9806
9807
9808
9810
9812
9813
9814
9815
9816
9817
9818
9819
9823
9824
9825
9826
9827
9830
9831
9832
9833
9834
9835
9836
9837
9839
9840
9842
9844
9845
9846
9847
9848
9849
9850
9853
9854
9855
9856
9857
9858
9859
9860
9861
9862
9867
9868
9869
9870
9871
9872
9875
9877
9878
9880
9882
9883
9884
9885
9886
9888
9890
9891
9892
9893
9894
9895
9896
9897
9900
9903
9906
9907
9908
9910
9911
9915
9916
9919
9920
9922
9926
9927
9931
9932
9933
9934
9936
9937
9938
9939
9940
9944
9945
9946
9947
9948
9949
9952
9953
9954
9956
9958
9959
9960
9961
9963
9964
9966
9967
9969
9970
9971
9973
9974
9976
9977
9978
9979
9980
9981
9982
9985
9986
9987
9988
9989
9990
9992
9994
9995
9996
9997
9998
10000
10002
10003
10004
10005
10009
10010
10011
10013
10014
10015
10016
10017
10018
10021
10022
10025
10027
10028
10029
10030
10031
10032
10033
10034
10035
10036
10037
10039
10040
10041
10042
10044
10045
10046
10047
10049
10050
10052
10054
10059
10060
10061
10065
10069
10072
10073
10074
10076
10077
10078
10079
10080
10082
10083
10084
10086
10087
10090
10092
10094
10095
10098
10102
10103
10104
10105
10106
10107
10110
10112
10113
10114
10116
10119
10120
10121
10122
10123
10124
10125
10126
10130
10131
10132
10134
10135
10137
10138
10139
10140
10141
10142
10143
10144
10146
10151
10152
10153
10155
10156
10158
10159
10163
10164
10165
10166
10167
10168
10169
10172
10173
10174
10175
10178
10179
10182
10183
10184
10185
10187
10188
10189
10191
10192
10194
10195
10196
10197
10198
10199
10200
10201
10202
10204
10206
10207
10208
10209
10210
10211
10212
10213
10217
10218
10220
10222
10223
10226
10229
10230
10231
10232
10233
10235
10236
10237
10238
10239
10240
10242
10243
10244
10245
10246
10247
10248
10249
10250
10252
10253
10254
10255
10258
10259
10262
10263
10264
10266
10267
10268
10269
10270
10271
10272
10273
10274
10277
10278
10279
10281
10282
10284
10286
10287
10288
10289
10290
10291
10292
10294
10296
10297
10298
10299
10300
10301
10303
10304
10305
10306
10307
10308
10309
10311
10312
10313
10315
10317
10318
10320
10321
10322
10323
10324
10326
10327
10330
10331
10333
10335
10336
10337
10338
10339
10340
10341
10342
10343
10344
10345
10346
10348
10349
10350
10351
10352
10354
10356
10357
10358
10362
10365
10368
10371
10372
10373
10376
10377
10378
10379
10380
10381
10382
10383
10384
10385
10386
10388
10390
10391
10392
10393
10399
10400
10401
10402
10403
10404
10405
10406
10407
10408
10410
10412
10413
10415
10416
10417
10418
10419
10420
10424
10425
10426
10427
10428
10429
10430
10431
10432
10433
10434
10435
10438
10439
10440
10442
10443
10445
10446
10450
10451
10452
10453
10454
10455
10456
10457
10458
10459
10460
10461
10462
10463
10465
10466
10467
10468
10470
10471
10474
10476
10478
10479
10480
10481
10482
10483
10484
10485
10488
10489
10490
10491
10493
10494
10495
10497
10498
10499
10500
10501
10502
10503
10505
10506
10507
10509
10511
10512
10515
10516
10517
10519
10520
10521
10522
10523
10524
10525
10526
10527
10528
10529
10530
10532
10533
10534
10535
10536
10537
10538
10539
10541
10542
10543
10544
10545
10548
10549
10550
10551
10552
10553
10556
10557
10558
10560
10561
10562
10563
10564
10565
10568
10569
10570
10573
10574
10577
10578
10579
10582
10583
10584
10586
10587
10589
10590
10591
10592
10593
10594
10597
10598
10600
10601
10602
10603
10604
10605
10606
10607
10612
10613
10614
10615
10616
10617
10619
10621
10623
10624
10625
10627
10628
10629
10630
10631
10632
10633
10635
10636
10638
10639
10640
10641
10642
10643
10644
10646
10647
10648
10649
10650
10652
10653
10654
10655
10657
10659
10660
10661
10663
10665
10666
10669
10670
10672
10673
10675
10676
10677
10678
10679
10680
10682
10684
10685
10686
10690
10691
10693
10694
10695
10696
10698
10700
10701
10702
10705
10708
10709
10710
10711
10712
10713
10715
10716
10717
10719
10720
10721
10722
10723
10724
10725
10727
10728
10729
10730
10731
10732
10733
10734
10735
10736
10737
10738
10739
10740
10741
10743
10744
10746
10747
10749
10751
10752
10753
10755
10756
10757
10758
10760
10763
10765
10766
10770
10771
10772
10773
10774
10775
10776
10777
10778
10779
10781
10782
10784
10785
10786
10787
10788
10789
10790
10791
10793
10794
10796
10798
10799
10800
10801
10804
10805
10806
10807
10808
10810
10811
10813
10814
10817
10818
10820
10822
10824
10825
10826
10828
10829
10831
10832
10834
10835
10836
10838
10839
10840
10841
10842
10843
10844
10845
10846
10849
10853
10854
10856
10857
10858
10859
10860
10861
10862
10863
10866
10867
10868
10869
10872
10875
10876
10877
10882
10885
10887
10888
10889
10890
10892
10893
10894
10895
10896
10897
10898
10900
10901
10903
10906
10910
10911
10913
10914
10917
10918
10919
10921
10922
10923
10924
10925
10926
10929
10930
10931
10932
10933
10934
10936
10937
10939
10941
10944
10945
10949
10951
10953
10957
10958
10960
10961
10963
10964
10965
10966
10967
10968
10970
10971
10972
10973
10975
10976
10977
10978
10980
10984
10986
10992
10993
10994
10999
11000
11002
11004
11006
11007
11008
11010
11012
11013
11014
11015
11016
11017
11018
11020
11022
11023
11024
11026
11030
11031
11033
11035
11036
11038
11039
11040
11041
11043
11044
11045
11046
11047
11048
11051
11055
11057
11058
11059
11061
11062
11064
11065
11068
11069
11072
11073
11074
11076
11077
11078
11079
11080
11083
11084
11085
11086
11088
11089
11090
11091
11095
11096
11097
11098
11099
11100
11101
11102
11103
11105
11106
11107
11108
11109
11112
11113
11114
11116
11117
11119
11120
11121
11122
11123
11124
11125
11126
11127
11128
11129
11130
11131
11132
11134
11135
11136
11137
11140
11141
11142
11143
11144
11145
11146
11147
11148
11149
11150
11151
11152
11153
11154
11155
11156
11157
11158
11160
11161
11162
11163
11164
11165
11166
11168
11169
11171
11173
11176
11177
11182
11183
11184
11185
11188
11189
11190
11191
11192
11193
11194
11197
11198
11203
11205
11206
11208
11210
11212
11214
11216
11217
11218
11219
11220
11221
11222
11223
11225
11227
11228
11229
11230
11231
11232
11233
11234
11235
11240
11241
11242
11243
11244
11246
11247
11248
11249
11250
11252
11253
11254
11255
11256
11257
11258
11261
11262
11263
11264
11265
11266
11268
11269
11271
11272
11274
11277
11278
11279
11280
11282
11283
11284
11285
11286
11287
11288
11290
11291
11292
11293
11294
11296
11297
11298
11300
11301
11302
11304
11305
11307
11308
11310
11311
11312
11313
11315
11316
11318
11319
11320
11321
11322
11324
11325
11326
11327
11329
11330
11331
11332
11333
11334
11336
11337
11338
11339
11340
11341
11342
11343
11344
11346
11347
11348
11349
11351
11352
11354
11355
11358
11360
11361
11362
11363
11365
11366
11367
11368
11369
11370
11371
11372
11373
11376
11378
11382
11383
11384
11385
11386
11387
11388
11389
11390
11391
11393
11394
11395
11396
11397
11398
11399
11400
11401
11406
11407
11408
11413
11415
11416
11419
11420
11421
11422
11423
11426
11428
11429
11430
11432
11433
11434
11435
11436
11437
11438
11439
11440
11441
11442
11444
11447
11450
11451
11452
11453
11454
11455
11456
11459
11461
11464
11468
11469
11470
11472
11474
11475
11477
11480
11481
11482
11483
11484
11488
11490
11491
11492
11493
11494
11495
11496
11497
11500
11501
11504
11506
11507
11509
11510
11511
11513
11514
11516
11517
11518
11519
11523
11524
11525
11527
11528
11531
11532
11533
11534
11535
11537
11538
11540
11541
11543
11545
11546
11547
11549
11550
11552
11553
11554
11555
11557
11559
11561
11563
11564
11565
11566
11567
11568
11570
11572
11573
11574
11579
11580
11585
11587
11590
11591
11592
11595
11596
11597
11598
11599
11600
11602
11603
11606
11607
11609
11610
11612
11613
11615
11616
11617
11618
11619
11620
11621
11622
11625
11626
11627
11628
11629
11633
11634
11635
11639
11640
11641
11642
11643
11645
11651
11652
11653
11654
11655
11656
11657
11658
11659
11660
11661
11662
11663
11665
11667
11668
11669
11670
11671
11672
11674
11676
11678
11679
11680
11683
11684
11686
11687
11689
11690
11691
11692
11693
11694
11696
11697
11698
11702
11703
11705
11707
11708
11712
11715
11716
11717
11718
11719
11720
11721
11722
11723
11725
11727
11729
11731
11733
11735
11736
11737
11740
11743
11744
11745
11746
11747
11748
11750
11751
11753
11754
11756
11758
11759
11764
11765
11766
11767
11768
11770
11774
11778
11779
11781
11782
11783
11784
11786
11787
11788
11789
11791
11792
11795
11797
11798
11799
11800
11801
11806
11807
11808
11809
11810
11811
11813
11814
11815
11816
11817
11818
11819
11820
11821
11822
11823
11827
11828
11829
11831
11832
11833
11834
11835
11836
11837
11838
11839
11840
11842
11844
11845
11846
11847
11848
11849
11851
11852
11857
11858
11863
11864
11865
11869
11870
11872
11873
11874
11875
11876
11878
11879
11881
11882
11883
11884
11885
11886
11888
11889
11890
11893
11894
11896
11897
11900
11902
11905
11906
11908
11909
11910
11911
11912
11913
11914
11918
11919
11920
11921
11924
11927
11928
11930
11931
11932
11933
11937
11938
11939
11941
11942
11944
11946
11947
11950
11951
11952
11954
11955
11956
11957
11958
11960
11961
11962
11963
11965
11967
11968
11969
11971
11972
11974
11975
11976
11978
11980
11982
11983
11984
11985
11986
11987
11988
11990
11991
11992
11993
11994
11995
11996
11998
11999
12000
12001
12002
12004
12006
12010
12011
12013
12015
12017
12021
12022
12024
12025
12026
12029
12031
12033
12037
12039
12041
12043
12044
12046
12050
12051
12052
12053
12054
12055
12056
12059
12061
12062
12065
12066
12067
12068
12069
12070
12073
12076
12077
12078
12079
12080
12082
12083
12084
12085
12086
12088
12089
12090
12091
12092
12093
12095
12096
12097
12098
12099
12100
12102
12103
12104
12106
12109
12110
12112
12113
12115
12116
12117
12118
12120
12121
12124
12125
12126
12128
12130
12131
12132
12133
12134
12135
12136
12137
12140
12141
12142
12145
12148
12149
12150
12152
12153
12155
12156
12157
12158
12159
12160
12163
12164
12165
12167
12168
12169
12171
12174
12176
12177
12178
12179
12180
12182
12183
12184
12185
12187
12190
12192
12193
12194
12196
12197
12198
12199
12200
12201
12202
12203
12204
12205
12206
12207
12208
12210
12211
12215
12216
12219
12220
12222
12225
12226
12227
12228
12229
12230
12233
12234
12236
12237
12238
12241
12244
12247
12248
12249
12250
12252
12253
12254
12258
12260
12261
12263
12266
12268
12269
12271
12274
12277
12278
12279
12281
12282
12283
12285
12286
12287
12291
12292
12293
12296
12297
12298
12300
12301
12304
12305
12306
12307
12308
12309
12310
12311
12313
12314
12315
12316
12317
12320
12321
12322
12323
12325
12326
12327
12331
12335
12336
12339
12340
12342
12345
12346
12347
12348
12350
12351
12355
12356
12358
12360
12361
12363
12364
12365
12366
12368
12370
12373
12375
12376
12378
12379
12381
12386
12387
12388
12389
12391
12392
12395
12396
12397
12398
12399
12401
12402
12404
12405
12406
12407
12408
12410
12412
12414
12415
12417
12418
12419
12420
12421
12422
12423
12426
12427
12429
12430
12431
12432
12433
12436
12439
12441
12442
12443
12444
12447
12448
12449
12450
12451
12452
12454
12455
12456
12458
12459
12460
12461
12462
12463
12464
12465
12468
12470
12471
12472
12475
12476
12477
12478
12481
12482
12483
12484
12485
12489
12490
12492
12493
12494
12495
12497
12501
12502
12503
12506
12507
12509
12510
12511
12512
12513
12514
12515
12516
12517
12519
12520
12521
12523
12524
12525
12526
12528
12529
12533
12534
12535
12536
12537
12538
12539
12540
12541
12542
12543
12546
12547
12548
12549
12551
12552
12553
12555
12556
12557
12558
12559
12561
12563
12564
12566
12567
12568
12570
12571
12572
12573
12578
12581
12583
12584
12585
12586
12587
12588
12590
12591
12593
12594
12597
12601
12603
12604
12606
12607
12609
12610
12611
12612
12613
12614
12615
12617
12618
12620
12621
12622
12623
12624
12625
12626
12627
12629
12630
12633
12634
12635
12636
12638
12639
12640
12641
12642
12643
12644
12647
12648
12650
12651
12652
12653
12654
12655
12656
12659
12661
12663
12664
12665
12668
12669
12671
12672
12673
12674
12675
12676
12678
12680
12681
12682
12683
12688
12689
12692
12694
12698
12701
12702
12704
12705
12706
12708
12711
12712
12713
12714
12715
12717
12718
12719
12720
12721
12723
12726
12727
12731
12732
12733
12735
12737
12738
12739
12740
12741
12743
12744
12745
12747
12748
12749
12750
12752
12754
12755
12756
12757
12758
12759
12760
12761
12763
12765
12769
12770
12771
12772
12773
12775
12778
12779
12780
12781
12782
12784
12785
12786
12787
12789
12791
12792
12793
12795
12797
12798
12799
12801
12802
12803
12804
12805
12806
12807
12808
12816
12817
12819
12821
12822
12823
12824
12826
12828
12829
12830
12832
12833
12834
12836
12837
12838
12840
12841
12843
12844
12845
12846
12847
12848
12849
12850
12851
12852
12854
12855
12856
12857
12858
12859
12861
12863
12864
12865
12866
12867
12868
12870
12871
12872
12874
12876
12877
12878
12880
12882
12884
12887
12888
12889
12891
12893
12895
12896
12897
12898
12899
12903
12904
12906
12908
12909
12910
12912
12914
12915
12917
12918
12919
12920
12922
12923
12924
12925
12927
12928
12929
12930
12931
12932
12933
12935
12936
12937
12938
12939
12941
12942
12943
12944
12945
12946
12948
12949
12951
12953
12954
12955
12957
12958
12959
12960
12961
12962
12963
12964
12965
12967
12968
12969
12971
12973
12975
12976
12977
12980
12982
12983
12985
12986
12987
12988
12991
12993
12994
12995
12996
12998
12999
13000
13001
13003
13004
13005
13009
13013
13014
13015
13016
13017
13019
13021
13022
13024
13026
13029
13030
13031
13033
13035
13036
13038
13040
13041
13042
13043
13044
13045
13046
13047
13048
13050
13051
13053
13057
13059
13060
13061
13062
13063
13064
13065
13066
13067
13068
13069
13071
13072
13075
13077
13081
13082
13084
13085
13086
13087
13090
13091
13092
13093
13094
13095
13096
13097
13099
13100
13101
13103
13104
13106
13107
13108
13109
13110
13114
13116
13117
13118
13120
13121
13122
13123
13125
13126
13127
13128
13131
13136
13138
13139
13140
13141
13142
13143
13144
13145
13148
13150
13153
13154
13156
13157
13158
13159
13161
13162
13164
13165
13168
13170
13171
13173
13176
13177
13178
13179
13180
13181
13183
13184
13185
13187
13188
13190
13193
13194
13196
13197
13199
13201
13202
13204
13205
13207
13208
13211
13212
13213
13215
13216
13217
13218
13219
13222
13223
13224
13226
13227
13228
13229
13230
13232
13234
13235
13236
13237
13238
13239
13240
13244
13245
13246
13248
13249
13250
13252
13253
13254
13255
13258
13259
13260
13261
13262
13263
13264
13265
13266
13267
13271
13272
13273
13276
13278
13280
13281
13282
13284
13285
13290
13293
13295
13296
13299
13301
13305
13306
13307
13308
13309
13311
13312
13315
13316
13317
13319
13320
13322
13323
13324
13325
13326
13328
13329
13330
13331
13332
13333
13336
13337
13338
13340
13341
13343
13346
13348
13351
13352
13355
13358
13359
13362
13363
13364
13365
13366
13367
13368
13371
13372
13373
13375
13376
13377
13378
13379
13380
13382
13383
13385
13386
13387
13388
13390
13394
13395
13398
13399
13400
13402
13406
13407
13408
13410
13411
13412
13413
13414
13415
13416
13418
13419
13421
13422
13424
13425
13426
13427
13428
13429
13430
13432
13433
13434
13435
13437
13438
13439
13441
13443
13445
13449
13450
13452
13453
13454
13455
13456
13457
13458
13459
13460
13462
13464
13468
13469
13470
13471
13474
13475
13477
13479
13480
13481
13482
13483
13484
13485
13486
13487
13488
13491
13492
13494
13496
13497
13498
13501
13502
13503
13504
13508
13509
13511
13512
13513
13514
13518
13519
13520
13522
13523
13525
13527
13528
13529
13531
13533
13534
13535
13537
13538
13539
13540
13542
13543
13544
13548
13550
13553
13554
13555
13556
13557
13558
13561
13562
13563
13565
13567
13568
13569
13570
13571
13572
13573
13574
13575
13576
13578
13579
13580
13581
13587
13589
13590
13591
13592
13593
13594
13595
13596
13597
13598
13600
13602
13604
13605
13607
13608
13609
13611
13612
13613
13615
13616
13617
13618
13620
13621
13624
13625
13626
13627
13628
13631
13632
13633
13635
13640
13643
13646
13647
13648
13649
13650
13653
13654
13657
13658
13660
13661
13662
13665
13666
13668
13671
13672
13673
13674
13675
13676
13679
13680
13681
13683
13684
13689
13690
13693
13696
13697
13698
13699
13701
13702
13704
13706
13709
13711
13713
13715
13716
13717
13721
13722
13724
13725
13726
13727
13728
13730
13731
13732
13733
13734
13736
13738
13741
13742
13744
13745
13746
13747
13748
13749
13750
13751
13753
13758
13759
13760
13761
13762
13764
13765
13767
13769
13771
13772
13773
13775
13777
13778
13779
13780
13781
13783
13786
13787
13789
13791
13792
13793
13795
13799
13801
13802
13804
13805
13806
13808
13809
13810
13813
13817
13818
13819
13820
13822
13827
13829
13830
13831
13832
13833
13834
13838
13840
13841
13842
13846
13847
13848
13849
13851
13852
13853
13854
13855
13856
13857
13860
13861
13862
13863
13864
13865
13866
13867
13868
13870
13874
13875
13876
13878
13879
13881
13885
13887
13888
13890
13891
13892
13893
13895
13897
13898
13899
13900
13901
13902
13906
13907
13908
13910
13911
13912
13913
13914
13915
13917
13920
13921
13924
13926
13928
13932
13933
13934
13936
13940
13942
13944
13945
13946
13947
13949
13954
13957
13959
13961
13962
13964
13966
13968
13969
13970
13972
13973
13974
13975
13976
13977
13980
13983
13984
13985
13987
13988
13989
13990
13992
13993
13995
13996
13999
14000
14003
14004
14005
14006
14008
14009
14010
14012
14014
14016
14018
14019
14020
14022
14023
14025
14026
14029
14030
14031
14032
14034
14035
14036
14037
14038
14040
14041
14046
14047
14048
14050
14051
14053
14055
14058
14059
14060
14061
14066
14067
14070
14071
14072
14074
14075
14078
14079
14080
14081
14083
14084
14085
14086
14087
14089
14090
14091
14092
14093
14094
14095
14097
14098
14103
14107
14109
14110
14111
14114
14115
14116
14117
14118
14120
14121
14122
14128
14129
14130
14131
14133
14134
14135
14136
14137
14138
14141
14142
14143
14144
14145
14147
14149
14151
14152
14153
14154
14156
14157
14159
14160
14162
14163
14164
14166
14167
14168
14169
14170
14171
14172
14173
14174
14175
14176
14177
14179
14180
14181
14182
14183
14184
14185
14186
14188
14189
14191
14192
14193
14194
14195
14201
14203
14204
14205
14206
14208
14209
14211
14212
14213
14214
14215
14217
14218
14223
14226
14227
14228
14229
14230
14231
14234
14235
14237
14238
14239
14240
14241
14242
14245
14246
14247
14249
14250
14252
14255
14257
14258
14259
14260
14261
14262
14263
14265
14266
14267
14268
14269
14271
14272
14273
14274
14276
14279
14280
14281
14282
14283
14284
14287
14289
14290
14292
14293
14294
14296
14299
14300
14307
14311
14312
14314
14315
14318
14320
14322
14325
14326
14327
14328
14330
14332
14333
14334
14335
14336
14338
14340
14341
14342
14344
14345
14346
14347
14351
14352
14356
14358
14359
14362
14363
14367
14369
14371
14372
14375
14377
14378
14381
14382
14387
14388
14389
14390
14392
14393
14394
14397
14399
14400
14402
14403
14406
14408
14410
14413
14416
14418
14419
14420
14421
14422
14426
14428
14429
14430
14431
14432
14435
14436
14437
14442
14443
14444
14447
14448
14450
14452
14453
14454
14455
14456
14457
14458
14459
14461
14463
14464
14465
14466
14467
14469
14470
14471
14472
14476
14477
14478
14479
14480
14481
14482
14484
14486
14488
14489
14490
14493
14495
14496
14497
14498
14499
14501
14502
14504
14505
14506
14512
14515
14517
14518
14519
14520
14525
14526
14527
14529
14531
14533
14534
14536
14537
14540
14541
14542
14543
14546
14547
14549
14552
14553
14554
14555
14557
14558
14560
14561
14563
14570
14571
14572
14573
14575
14580
14581
14583
14585
14586
14587
14588
14589
14590
14591
14593
14594
14596
14597
14598
14599
14600
14601
14603
14605
14606
14607
14608
14609
14610
14611
14612
14613
14615
14616
14617
14619
14620
14623
14625
14627
14628
14629
14631
14634
14637
14639
14641
14642
14643
14645
14647
14648
14649
14650
14652
14653
14654
14656
14657
14658
14660
14661
14663
14665
14670
14672
14673
14674
14676
14677
14679
14680
14681
14683
14687
14688
14689
14691
14692
14693
14695
14697
14698
14700
14701
14703
14704
14706
14707
14708
14709
14710
14712
14713
14714
14716
14717
14718
14720
14722
14726
14728
14730
14731
14733
14735
14736
14737
14738
14739
14741
14742
14743
14744
14745
14746
14748
14752
14753
14756
14757
14759
14760
14761
14762
14763
14765
14767
14768
14770
14772
14773
14774
14775
14778
14779
14780
14782
14783
14785
14786
14788
14789
14790
14791
14792
14795
14799
14800
14801
14802
14803
14804
14807
14808
14810
14811
14812
14813
14815
14816
14817
14818
14819
14821
14822
14824
14827
14828
14829
14830
14832
14833
14834
14835
14836
14838
14840
14841
14844
14845
14849
14850
14852
14853
14855
14856
14857
14858
14859
14862
14863
14864
14865
14866
14867
14868
14870
14871
14872
14873
14876
14877
14880
14881
14882
14884
14885
14886
14887
14888
14889
14890
14891
14892
14895
14898
14902
14903
14904
14905
14908
14909
14910
14911
14912
14913
14914
14916
14920
14921
14922
14923
14926
14928
14930
14931
14932
14934
14935
14936
14937
14938
14939
14940
14943
14944
14946
14947
14949
14950
14952
14953
14955
14956
14958
14959
14960
14962
14963
14965
14967
14970
14971
14972
14973
14976
14977
14979
14980
14981
14982
14984
14986
14987
14988
14989
14991
14992
14993
14995
14996
14999
15000
15001
15002
15003
15005
15006
15010
15011
15013
15014
15015
15016
15019
15020
15023
15024
15025
15027
15028
15029
15030
15031
15035
15036
15037
15038
15039
15041
15042
15043
15047
15048
15049
15050
15051
15052
15055
15056
15057
15058
15059
15060
15065
15067
15070
15072
15074
15076
15077
15078
15081
15083
15085
15087
15088
15089
15090
15092
15094
15095
15097
15099
15103
15105
15106
15107
15108
15112
15113
15114
15117
15119
15120
15122
15123
15124
15125
15127
15128
15129
15130
15131
15132
15133
15135
15137
15139
15142
15144
15146
15147
15152
15153
15155
15156
15158
15161
15162
15164
15166
15167
15168
15170
15173
15174
15175
15177
15181
15183
15190
15191
15192
15193
15194
15196
15197
15200
15201
15202
15203
15204
15205
15207
15209
15210
15211
15212
15213
15214
15215
15217
15218
15220
15221
15222
15226
15227
15228
15229
15230
15231
15232
15234
15235
15236
15237
15238
15239
15240
15243
15244
15245
15246
15248
15250
15251
15252
15254
15257
15260
15262
15264
15265
15268
15269
15271
15272
15273
15275
15277
15278
15279
15282
15285
15286
15288
15289
15291
15292
15293
15295
15296
15298
15303
15304
15305
15306
15308
15310
15313
15314
15315
15316
15318
15319
15322
15323
15324
15325
15327
15328
15330
15331
15333
15335
15336
15338
15339
15340
15341
15344
15346
15348
15350
15352
15353
15354
15361
15363
15364
15365
15367
15374
15375
15376
15377
15380
15382
15383
15384
15388
15390
15391
15393
15394
15395
15396
15397
15399
15400
15403
15405
15406
15407
15408
15411
15412
15414
15416
15417
15418
15420
15422
15424
15425
15426
15427
15428
15432
15433
15435
15436
15437
15438
15439
15440
15443
15444
15445
15448
15451
15452
15455
15458
15462
15463
15465
15466
15468
15470
15474
15477
15480
15482
15484
15485
15486
15487
15488
15489
15491
15492
15493
15494
15496
15497
15499
15503
15505
15506
15511
15513
15515
15516
15518
15519
15521
15522
15523
15525
15526
15527
15528
15529
15530
15531
15532
15533
15535
15537
15539
15540
15541
15544
15545
15548
15550
15551
15552
15553
15554
15555
15559
15560
15561
15563
15564
15565
15566
15569
15570
15571
15572
15573
15574
15575
15578
15579
15580
15582
15584
15586
15588
15589
15591
15592
15594
15595
15596
15597
15598
15599
15600
15601
15603
15606
15607
15608
15609
15610
15612
15613
15614
15615
15617
15620
15622
15623
15624
15625
15626
15627
15628
15631
15632
15633
15634
15636
15638
15640
15641
15644
15646
15647
15648
15649
15651
15653
15654
15659
15661
15662
15663
15666
15667
15669
15670
15673
15674
15675
15676
15678
15679
15680
15681
15683
15685
15686
15687
15688
15693
15694
15695
15696
15698
15700
15702
15703
15704
15705
15706
15707
15708
15710
15711
15714
15715
15716
15717
15718
15721
15722
15723
15724
15725
15727
15728
15731
15732
15733
15734
15735
15736
15739
15740
15742
15743
15745
15746
15747
15749
15750
15751
15752
15754
15756
15759
15765
15766
15767
15768
15769
15770
15772
15773
15774
15775
15777
15780
15782
15783
15784
15786
15787
15788
15789
15793
15795
15796
15797
15802
15803
15804
15806
15808
15809
15811
15812
15813
15814
15815
15817
15818
15822
15823
15824
15825
15828
15832
15833
15837
15838
15839
15840
15842
15845
15847
15848
15849
15851
15854
15855
15856
15859
15860
15861
15862
15865
15866
15867
15869
15872
15873
15874
15875
15876
15878
15879
15881
15883
15884
15885
15886
15887
15891
15892
15893
15894
15895
15896
15897
15898
15899
15900
15904
15906
15907
15909
15911
15912
15915
15917
15919
15920
15921
15922
15924
15925
15926
15930
15932
15933
15934
15936
15941
15943
15944
15946
15947
15948
15949
15955
15956
15957
15959
15960
15961
15962
15963
15964
15965
15969
15970
15972
15974
15977
15979
15981
15982
15983
15984
15985
15987
15988
15989
15990
15992
15996
15997
15999
16000
16001
16002
16004
16007
16009
16010
16012
16014
16015
16017
16018
16020
16021
16022
16023
16025
16026
16027
16030
16031
16032
16034
16035
16036
16037
16044
16045
16047
16048
16050
16051
16053
16058
16059
16060
16061
16062
16063
16065
16066
16067
16068
16069
16070
16075
16076
16078
16080
16082
16084
16087
16088
16089
16091
16092
16093
16094
16096
16097
16098
16099
16100
16101
16103
16105
16106
16107
16108
16109
16110
16111
16113
16114
16115
16118
16120
16122
16126
16127
16130
16131
16133
16134
16136
16137
16138
16139
16140
16141
16142
16143
16144
16146
16147
16148
16149
16152
16153
16155
16157
16158
16159
16160
16162
16164
16166
16167
16168
16169
16170
16171
16172
16173
16175
16177
16178
16179
16182
16183
16184
16185
16186
16187
16190
16192
16196
16197
16198
16200
16201
16202
16204
16205
16207
16208
16209
16213
16215
16218
16219
16222
16223
16224
16228
16229
16230
16231
16232
16233
16234
16235
16236
16238
16239
16240
16242
16243
16245
16247
16248
16249
16250
16251
16252
16253
16261
16262
16263
16267
16277
16278
16279
16280
16282
16283
16284
16288
16289
16290
16293
16294
16296
16297
16298
16299
16300
16303
16304
16305
16306
16307
16308
16310
16311
16315
16317
16319
16321
16323
16324
16327
16328
16329
16330
16331
16332
16333
16335
16336
16337
16338
16340
16341
16343
16345
16346
16347
16348
16349
16350
16351
16352
16353
16354
16355
16356
16357
16359
16360
16365
16366
16367
16371
16375
16376
16379
16382
16383
16384
16386
16387
16388
16389
16392
16393
16394
16395
16398
16399
16401
16402
16405
16406
16408
16409
16410
16411
16412
16413
16415
16416
16418
16419
16421
16422
16423
16424
16427
16429
16430
16431
16432
16433
16434
16435
16436
16439
16440
16441
16443
16444
16448
16450
16451
16453
16454
16455
16456
16457
16463
16465
16466
16468
16472
16473
16474
16475
16476
16477
16480
16484
16487
16488
16489
16490
16491
16492
16493
16494
16496
16499
16501
16502
16503
16504
16505
16506
16508
16509
16510
16511
16513
16515
16517
16519
16521
16522
16524
16525
16526
16531
16534
16536
16538
16540
16541
16542
16543
16545
16547
16548
16551
16556
16560
16561
16562
16563
16566
16568
16569
16570
16573
16576
16577
16579
16580
16583
16584
16585
16586
16587
16588
16589
16591
16592
16593
16594
16598
16599
16602
16603
16604
16606
16607
16609
16610
16612
16613
16614
16617
16618
16620
16621
16623
16627
16628
16629
16631
16632
16635
16637
16639
16640
16643
16648
16653
16657
16659
16661
16664
16665
16666
16670
16672
16673
16674
16675
16676
16677
16679
16681
16682
16684
16686
16687
16688
16689
16693
16695
16696
16697
16698
16699
16701
16706
16708
16709
16710
16711
16712
16713
16716
16717
16718
16719
16720
16721
16722
16724
16725
16727
16728
16731
16732
16735
16737
16738
16739
16740
16742
16743
16744
16746
16747
16748
16751
16753
16756
16757
16758
16759
16760
16761
16762
16764
16765
16766
16770
16771
16773
16775
16777
16778
16779
16781
16782
16784
16788
16793
16794
16796
16799
16802
16803
16804
16808
16809
16810
16812
16815
16817
16818
16819
16820
16821
16827
16828
16829
16836
16837
16839
16840
16845
16847
16849
16850
16852
16853
16855
16856
16857
16863
16864
16866
16867
16868
16870
16871
16872
16873
16874
16876
16878
16879
16880
16881
16883
16884
16887
16888
16890
16892
16893
16894
16897
16898
16899
16902
16904
16905
16908
16909
16910
16911
16913
16915
16916
16917
16920
16922
16923
16928
16929
16932
16933
16935
16937
16940
16941
16943
16944
16946
16947
16949
16950
16952
16954
16955
16957
16958
16959
16960
16961
16963
16964
16965
16966
16967
16970
16971
16973
16974
16976
16979
16980
16981
16982
16983
16984
16985
16988
16989
16993
16996
16998
16999
17000
17002
17003
17005
17008
17009
17011
17016
17017
17019
17020
17022
17023
17024
17027
17030
17031
17032
17034
17038
17039
17040
17041
17043
17044
17045
17047
17049
17051
17052
17055
17058
17060
17061
17062
17063
17064
17065
17066
17067
17068
17070
17071
17072
17075
17077
17078
17079
17081
17082
17083
17085
17087
17088
17089
17090
17092
17093
17094
17097
17098
17099
17101
17102
17106
17107
17108
17109
17111
17113
17114
17120
17125
17126
17128
17129
17132
17133
17134
17140
17142
17143
17145
17146
17149
17151
17152
17154
17157
17158
17162
17163
17164
17165
17166
17167
17168
17169
17171
17173
17174
17175
17177
17180
17181
17184
17185
17187
17188
17190
17191
17192
17193
17198
17199
17200
17203
17206
17207
17208
17209
17210
17211
17216
17219
17220
17221
17223
17225
17227
17228
17230
17232
17234
17235
17236
17237
17238
17239
17240
17241
17243
17244
17245
17247
17248
17249
17251
17254
17257
17261
17262
17263
17264
17265
17266
17267
17268
17270
17272
17273
17275
17278
17280
17281
17284
17285
17288
17289
17290
17291
17292
17294
17295
17296
17297
17299
17300
17302
17304
17305
17310
17311
17312
17313
17314
17315
17318
17319
17321
17323
17324
17325
17326
17328
17330
17331
17334
17338
17342
17345
17346
17349
17350
17352
17353
17354
17357
17358
17359
17360
17363
17364
17367
17368
17375
17377
17378
17381
17384
17385
17386
17387
17388
17389
17391
17393
17394
17395
17396
17397
17399
17402
17405
17407
17410
17414
17415
17416
17420
17422
17425
17426
17429
17430
17432
17434
17435
17439
17440
17443
17444
17445
17447
17448
17450
17454
17456
17457
17458
17459
17461
17462
17463
17465
17466
17467
17471
17474
17476
17480
17481
17482
17483
17485
17486
17488
17489
17490
17491
17492
17494
17495
17496
17498
17500
17501
17502
17503
17504
17506
17507
17508
17509
17510
17513
17515
17517
17519
17521
17523
17529
17530
17531
17533
17534
17535
17537
17538
17539
17540
17541
17543
17545
17548
17551
17553
17554
17555
17556
17557
17558
17560
17561
17562
17563
17564
17565
17568
17572
17573
17575
17576
17577
17578
17582
17583
17584
17587
17588
17589
17591
17592
17593
17597
17598
17599
17600
17601
17602
17603
17604
17605
17606
17608
17610
17612
17614
17616
17617
17620
17621
17622
17623
17625
17628
17629
17631
17633
17634
17636
17637
17638
17639
17640
17642
17643
17645
17648
17652
17653
17654
17655
17657
17658
17661
17664
17666
17668
17669
17670
17671
17672
17673
17676
17677
17678
17679
17680
17681
17682
17683
17685
17686
17689
17690
17691
17695
17697
17698
17699
17703
17704
17708
17710
17711
17720
17721
17722
17723
17724
17726
17727
17732
17735
17736
17739
17740
17742
17743
17745
17748
17749
17750
17752
17754
17756
17758
17759
17761
17762
17763
17765
17770
17773
17774
17775
17776
17778
17779
17782
17785
17788
17789
17790
17791
17793
17795
17796
17799
17800
17802
17803
17806
17807
17809
17810
17812
17814
17818
17820
17821
17822
17824
17825
17826
17827
17828
17831
17832
17833
17834
17835
17836
17839
17845
17851
17852
17853
17855
17856
17857
17860
17861
17863
17865
17866
17867
17869
17870
17872
17873
17877
17878
17881
17882
17883
17884
17885
17886
17887
17888
17892
17896
17898
17899
17900
17904
17907
17908
17911
17912
17914
17918
17921
17922
17923
17925
17926
17927
17931
17933
17935
17936
17940
17942
17943
17950
17951
17952
17954
17955
17957
17958
17959
17960
17963
17964
17967
17968
17969
17971
17972
17973
17974
17975
17978
17980
17981
17982
17983
17986
17987
17991
17992
17994
17997
17998
18001
18002
18003
18004
18005
18006
18007
18008
18009
18013
18014
18016
18018
18020
18021
18022
18023
18024
18025
18027
18028
18029
18034
18035
18036
18037
18038
18040
18041
18042
18043
18046
18047
18048
18049
18050
18052
18053
18054
18056
18057
18058
18060
18066
18068
18069
18072
18073
18074
18075
18076
18077
18078
18080
18082
18083
18084
18085
18087
18088
18089
18090
18091
18092
18094
18095
18097
18098
18099
18100
18101
18103
18106
18108
18112
18114
18115
18116
18117
18118
18119
18120
18126
18131
18133
18134
18137
18139
18140
18141
18142
18143
18144
18145
18146
18147
18148
18149
18150
18155
18156
18157
18158
18160
18162
18163
18164
18165
18166
18167
18168
18169
18170
18171
18172
18173
18174
18175
18176
18177
18178
18180
18183
18184
18185
18187
18188
18189
18193
18194
18196
18197
18200
18202
18203
18204
18205
18206
18207
18209
18211
18213
18214
18216
18217
18221
18223
18229
18231
18232
18233
18234
18235
18236
18237
18238
18239
18240
18241
18243
18244
18248
18251
18252
18253
18254
18255
18258
18259
18261
18264
18266
18268
18270
18271
18274
18278
18279
18280
18282
18284
18287
18289
18290
18291
18293
18295
18296
18297
18299
18303
18305
18306
18307
18308
18309
18310
18315
18316
18318
18319
18320
18322
18324
18326
18329
18331
18333
18334
18335
18336
18337
18344
18348
18349
18351
18352
18353
18354
18356
18357
18358
18368
18369
18374
18375
18377
18378
18379
18381
18382
18384
18385
18386
18387
18388
18389
18391
18393
18394
18395
18396
18397
18398
18400
18402
18403
18404
18405
18408
18409
18411
18412
18413
18414
18416
18420
18421
18422
18423
18424
18426
18427
18430
18431
18432
18433
18435
18436
18444
18445
18447
18448
18450
18451
18452
18453
18456
18457
18458
18459
18460
18463
18464
18465
18466
18467
18468
18469
18470
18471
18473
18475
18476
18477
18479
18480
18483
18484
18486
18488
18489
18492
18494
18496
18499
18500
18503
18504
18506
18507
18508
18509
18511
18512
18513
18516
18517
18518
18520
18521
18522
18523
18524
18525
18526
18527
18533
18535
18537
18538
18539
18541
18542
18543
18545
18546
18547
18548
18549
18550
18553
18554
18555
18556
18557
18559
18560
18561
18562
18563
18564
18565
18567
18569
18570
18571
18573
18574
18575
18576
18577
18581
18583
18585
18586
18588
18589
18591
18592
18593
18594
18597
18599
18600
18601
18602
18605
18606
18607
18608
18609
18610
18612
18613
18615
18616
18617
18623
18624
18626
18627
18631
18632
18635
18636
18637
18639
18641
18642
18643
18645
18646
18647
18648
18650
18652
18653
18654
18656
18657
18658
18659
18660
18662
18664
18666
18670
18671
18674
18675
18676
18677
18678
18679
18680
18682
18684
18685
18687
18691
18692
18693
18694
18698
18701
18702
18704
18705
18706
18707
18708
18709
18712
18713
18715
18716
18717
18718
18722
18723
18724
18725
18726
18729
18730
18732
18733
18734
18735
18737
18738
18739
18740
18748
18749
18752
18754
18755
18756
18757
18758
18760
18764
18765
18766
18767
18769
18770
18771
18772
18773
18774
18775
18778
18779
18783
18784
18785
18786
18788
18790
18791
18792
18794
18795
18796
18797
18798
18800
18802
18804
18805
18808
18809
18810
18816
18818
18819
18820
18821
18826
18827
18830
18831
18833
18834
18835
18836
18839
18840
18843
18845
18849
18850
18854
18856
18857
18858
18859
18861
18862
18863
18864
18865
18866
18867
18869
18870
18871
18872
18873
18877
18879
18880
18881
18884
18886
18887
18889
18890
18892
18895
18896
18897
18898
18900
18904
18905
18907
18908
18909
18910
18911
18912
18913
18915
18919
18920
18921
18922
18926
18931
18932
18933
18935
18936
18937
18939
18941
18943
18944
18945
18946
18948
18949
18952
18953
18954
18955
18957
18959
18960
18961
18964
18966
18967
18970
18971
18973
18974
18978
18979
18980
18981
18982
18985
18986
18987
18988
18989
18990
18991
18992
18995
18998
19000
19002
19003
19008
19012
19013
19014
19019
19020
19022
19024
19025
19026
19033
19034
19036
19037
19038
19039
19040
19043
19044
19047
19048
19049
19050
19051
19052
19053
19054
19055
19056
19059
19060
19061
19062
19065
19068
19070
19072
19073
19074
19077
19078
19079
19080
19083
19084
19087
19088
19090
19094
19095
19096
19097
19099
19101
19102
19104
19106
19107
19108
19109
19110
19114
19116
19119
19121
19122
19123
19124
19129
19130
19132
19133
19135
19138
19139
19140
19141
19142
19144
19145
19146
19147
19148
19149
19150
19151
19152
19153
19154
19157
19158
19159
19162
19163
19166
19167
19168
19169
19172
19173
19174
19175
19176
19177
19178
19181
19182
19183
19186
19189
19192
19194
19195
19196
19197
19200
19204
19208
19209
19210
19211
19212
19213
19214
19215
19217
19220
19221
19222
19223
19227
19228
19231
19232
19233
19234
19235
19239
19241
19242
19245
19246
19248
19249
19251
19252
19253
19254
19255
19260
19261
19262
19263
19264
19265
19266
19268
19269
19270
19274
19275
19276
19278
19280
19282
19283
19285
19287
19288
19292
19293
19294
19298
19301
19304
19305
19306
19307
19308
19310
19312
19314
19315
19317
19320
19322
19323
19324
19329
19332
19333
19334
19335
19336
19337
19338
19340
19342
19344
19345
19347
19349
19350
19352
19353
19354
19355
19356
19361
19363
19366
19371
19373
19375
19379
19381
19382
19383
19386
19387
19389
19392
19394
19395
19396
19397
19398
19401
19403
19404
19406
19407
19408
19409
19411
19417
19420
19421
19423
19424
19425
19426
19427
19428
19429
19432
19434
19435
19438
19442
19446
19447
19448
19449
19451
19454
19457
19459
19461
19462
19463
19464
19466
19468
19470
19471
19474
19480
19481
19482
19484
19486
19487
19488
19489
19490
19492
19494
19495
19496
19499
19500
19501
19503
19504
19505
19506
19507
19510
19511
19515
19516
19518
19521
19524
19525
19526
19528
19529
19530
19531
19533
19534
19535
19536
19537
19542
19543
19544
19548
19549
19551
19552
19553
19556
19557
19558
19559
19560
19561
19562
19565
19566
19567
19568
19569
19570
19572
19573
19574
19576
19577
19579
19580
19581
19583
19584
19586
19588
19591
19592
19594
19595
19597
19601
19605
19606
19613
19617
19619
19620
19621
19622
19623
19628
19629
19631
19633
19638
19643
19647
19649
19652
19653
19654
19660
19661
19662
19663
19664
19666
19667
19668
19669
19670
19671
19672
19674
19675
19677
19680
19681
19684
19686
19687
19688
19690
19691
19692
19694
19695
19696
19697
19698
19699
19700
19703
19704
19705
19707
19708
19710
19711
19712
19715
19716
19717
19719
19720
19723
19724
19726
19729
19730
19733
19735
19739
19742
19743
19747
19749
19750
19752
19753
19755
19760
19766
19768
19769
19772
19773
19775
19776
19781
19782
19783
19784
19785
19786
19787
19788
19789
19792
19793
19794
19796
19797
19799
19800
19802
19803
19804
19808
19809
19810
19811
19812
19813
19814
19815
19818
19820
19822
19823
19825
19826
19833
19835
19839
19841
19843
19845
19846
19848
19850
19851
19855
19856
19857
19858
19859
19861
19864
19865
19866
19867
19868
19869
19871
19872
19873
19874
19875
19878
19879
19882
19883
19886
19887
19888
19889
19890
19892
19895
19896
19898
19899
19900
19902
19903
19905
19908
19911
19913
19914
19915
19916
19918
19919
19920
19921
19922
19923
19926
19927
19936
19941
19942
19947
19949
19952
19953
19954
19956
19959
19960
19961
19962
19963
19964
19965
19970
19973
19974
19976
19978
19980
19982
19983
19984
19987
19988
19992
19994
19996
19997
19998
20002
20003
20004
20005
20006
20007
20010
20011
20012
20014
20016
20017
20018
20021
20022
20023
20025
20026
20028
20029
20032
20034
20036
20038
20040
20042
20045
20046
20050
20051
20052
20053
20056
20057
20058
20059
20060
20063
20064
20065
20066
20067
20068
20069
20070
20071
20072
20073
20074
20075
20078
20079
20086
20090
20091
20094
20098
20099
20101
20103
20104
20105
20106
20108
20110
20111
20112
20113
20115
20117
20120
20121
20122
20125
20127
20128
20129
20130
20131
20132
20134
20135
20138
20139
20140
20143
20144
20146
20147
20149
20151
20156
20158
20159
20160
20161
20162
20165
20168
20169
20170
20171
20172
20174
20175
20180
20181
20182
20183
20186
20188
20189
20192
20193
20194
20195
20196
20199
20201
20204
20205
20207
20208
20209
20211
20212
20214
20215
20218
20219
20220
20223
20226
20228
20230
20231
20232
20233
20235
20236
20239
20243
20245
20249
20250
20254
20257
20260
20263
20264
20266
20267
20269
20270
20271
20273
20275
20277
20279
20282
20284
20285
20286
20287
20288
20290
20292
20293
20295
20302
20304
20307
20308
20309
20310
20311
20315
20316
20317
20318
20319
20321
20323
20326
20327
20328
20329
20331
20332
20333
20335
20336
20337
20338
20340
20343
20347
20348
20351
20352
20355
20359
20363
20364
20365
20367
20368
20374
20375
20379
20380
20381
20382
20384
20385
20387
20388
20394
20395
20397
20398
20403
20404
20406
20407
20409
20411
20412
20413
20414
20415
20416
20417
20420
20421
20422
20424
20425
20428
20434
20437
20438
20439
20440
20441
20443
20444
20446
20450
20452
20453
20454
20455
20456
20457
20459
20460
20461
20464
20465
20466
20467
20469
20470
20472
20473
20476
20477
20478
20479
20480
20481
20482
20483
20484
20485
20487
20489
20490
20491
20494
20495
20496
20498
20499
20500
20501
20502
20503
20505
20507
20509
20510
20511
20512
20513
20514
20516
20518
20522
20527
20529
20533
20535
20536
20537
20538
20539
20541
20542
20543
20546
20547
20551
20554
20555
20557
20560
20563
20564
20565
20567
20568
20569
20572
20573
20575
20576
20581
20583
20584
20585
20586
20587
20588
20589
20592
20596
20598
20599
20600
20604
20606
20607
20608
20609
20610
20611
20612
20613
20614
20616
20617
20618
20619
20620
20621
20622
20623
20624
20627
20629
20630
20631
20632
20635
20637
20639
20641
20643
20645
20648
20649
20651
20652
20653
20655
20657
20658
20659
20660
20661
20662
20664
20665
20667
20668
20670
20671
20672
20674
20675
20677
20678
20680
20683
20684
20685
20699
20701
20703
20706
20710
20711
20713
20714
20715
20716
20717
20720
20722
20724
20725
20728
20729
20730
20731
20732
20734
20735
20736
20737
20738
20739
20740
20741
20743
20747
20749
20751
20752
20753
20754
20755
20756
20757
20758
20759
20765
20767
20768
20771
20772
20773
20774
20775
20777
20779
20780
20781
20782
20783
20784
20788
20789
20790
20791
20792
20794
20795
20797
20798
20799
20800
20801
20803
20805
20807
20808
20812
20814
20816
20817
20818
20819
20821
20825
20826
20827
20829
20830
20832
20833
20837
20843
20844
20846
20847
20850
20852
20853
20854
20855
20856
20857
20858
20861
20862
20863
20865
20868
20869
20871
20872
20874
20876
20878
20880
20882
20884
20887
20889
20891
20892
20893
20895
20897
20901
20903
20904
20905
20906
20908
20911
20913
20915
20918
20919
20921
20922
20923
20924
20926
20928
20930
20932
20933
20934
20935
20939
20941
20945
20946
20947
20950
20952
20953
20954
20955
20956
20959
20960
20961
20965
20967
20968
20969
20970
20971
20973
20974
20975
20976
20978
20979
20980
20983
20984
20986
20987
20993
20994
20996
20999
21001
21004
21006
21008
21009
21015
21016
21018
21019
21021
21024
21025
21027
21029
21030
21033
21034
21036
21038
21040
21041
21042
21044
21046
21047
21048
21049
21054
21057
21059
21062
21066
21067
21068
21070
21072
21074
21076
21078
21079
21081
21083
21084
21087
21090
21091
21094
21095
21098
21099
21100
21101
21102
21103
21104
21105
21106
21107
21109
21110
21111
21112
21113
21114
21115
21116
21117
21118
21119
21122
21123
21124
21126
21128
21130
21131
21132
21134
21135
21136
21137
21138
21141
21142
21143
21144
21146
21153
21155
21156
21158
21159
21163
21164
21165
21169
21170
21172
21173
21176
21177
21179
21180
21183
21184
21185
21186
21187
21188
21190
21191
21192
21194
21197
21199
21200
21201
21202
21204
21205
21207
21208
21209
21213
21214
21215
21216
21217
21218
21219
21220
21223
21226
21228
21231
21232
21234
21235
21237
21238
21241
21244
21245
21246
21248
21249
21250
21251
21252
21253
21254
21256
21257
21258
21259
21261
21262
21264
21265
21267
21268
21269
21270
21274
21275
21276
21278
21279
21281
21282
21284
21286
21288
21289
21295
21297
21298
21299
21300
21301
21304
21306
21307
21309
21311
21312
21314
21316
21317
21318
21320
21321
21322
21323
21324
21330
21332
21333
21334
21339
21341
21344
21345
21346
21350
21353
21354
21356
21358
21360
21362
21368
21370
21371
21373
21374
21378
21380
21381
21382
21384
21385
21387
21388
21391
21394
21395
21397
21398
21402
21403
21405
21406
21407
21409
21412
21413
21414
21419
21421
21422
21426
21427
21428
21429
21431
21432
21433
21434
21439
21440
21443
21444
21446
21449
21451
21452
21453
21459
21460
21461
21463
21464
21466
21472
21473
21474
21475
21477
21478
21479
21480
21482
21483
21484
21486
21487
21490
21492
21493
21495
21496
21497
21498
21500
21502
21503
21504
21505
21510
21511
21516
21517
21520
21521
21527
21528
21530
21531
21532
21534
21535
21537
21538
21539
21541
21542
21546
21547
21549
21550
21551
21553
21556
21557
21558
21560
21561
21563
21564
21565
21566
21568
21574
21575
21576
21577
21580
21582
21583
21585
21586
21587
21588
21589
21590
21591
21595
21597
21599
21600
21602
21603
21604
21605
21607
21608
21610
21611
21613
21614
21617
21618
21619
21620
21621
21622
21623
21627
21628
21630
21631
21632
21633
21634
21635
21637
21639
21640
21643
21648
21649
21652
21654
21655
21656
21657
21658
21660
21661
21662
21664
21665
21666
21668
21671
21674
21675
21678
21679
21680
21681
21682
21683
21684
21685
21690
21691
21692
21693
21695
21696
21697
21698
21701
21707
21708
21711
21712
21716
21717
21719
21721
21722
21727
21730
21734
21735
21736
21738
21742
21744
21747
21748
21750
21751
21753
21754
21755
21756
21758
21760
21761
21762
21764
21766
21767
21768
21775
21776
21777
21778
21779
21780
21782
21784
21786
21789
21791
21794
21798
21800
21801
21803
21806
21809
21810
21814
21815
21816
21817
21818
21819
21821
21823
21826
21827
21831
21832
21835
21838
21840
21845
21846
21849
21850
21851
21853
21855
21857
21860
21861
21864
21867
21870
21871
21873
21874
21875
21876
21877
21878
21879
21883
21884
21886
21887
21890
21891
21892
21893
21896
21900
21901
21902
21903
21907
21909
21910
21912
21914
21916
21926
21927
21928
21930
21931
21933
21934
21935
21936
21938
21939
21941
21943
21948
21949
21951
21955
21957
21959
21960
21962
21966
21968
21970
21972
21976
21979
21982
21983
21985
21987
21988
21991
21992
21993
21995
21998
21999
22000
22001
22002
22003
22005
22006
22009
22013
22014
22021
22022
22023
22024
22026
22027
22028
22030
22032
22033
22034
22035
22037
22038
22041
22043
22044
22048
22049
22050
22052
22053
22054
22057
22060
22062
22064
22067
22071
22073
22077
22081
22082
22084
22087
22088
22089
22090
22091
22094
22096
22099
22103
22104
22105
22106
22107
22108
22109
22113
22114
22115
22116
22117
22120
22124
22125
22126
22127
22128
22130
22131
22132
22133
22134
22135
22136
22137
22139
22142
22143
22145
22147
22149
22150
22151
22152
22154
22156
22157
22158
22159
22162
22163
22164
22165
22166
22168
22171
22174
22175
22176
22181
22183
22184
22185
22186
22187
22188
22191
22193
22194
22195
22196
22200
22201
22205
22210
22211
22212
22214
22217
22218
22219
22222
22223
22226
22229
22230
22231
22232
22233
22235
22236
22237
22240
22241
22242
22244
22246
22247
22248
22250
22255
22257
22259
22260
22262
22263
22265
22266
22267
22268
22270
22272
22273
22274
22275
22277
22281
22282
22283
22284
22285
22286
22287
22289
22290
22291
22292
22293
22294
22299
22300
22301
22305
22306
22307
22308
22309
22313
22315
22316
22317
22318
22319
22321
22323
22324
22327
22328
22329
22330
22333
22334
22335
22336
22337
22338
22339
22343
22347
22348
22351
22353
22355
22356
22358
22359
22360
22362
22368
22369
22371
22372
22373
22374
22375
22378
22379
22380
22381
22382
22383
22384
22385
22387
22389
22390
22391
22392
22394
22396
22397
22399
22402
22405
22408
22409
22411
22412
22413
22415
22416
22417
22419
22421
22423
22424
22425
22426
22427
22428
22430
22432
22433
22434
22437
22439
22440
22442
22443
22445
22446
22447
22449
22450
22451
22452
22456
22459
22460
22461
22463
22464
22465
22466
22468
22469
22471
22472
22474
22475
22476
22477
22478
22480
22481
22482
22484
22485
22486
22492
22494
22495
22496
22497
22498
22499
22502
22505
22506
22509
22510
22512
22513
22514
22515
22516
22518
22519
22522
22524
22525
22527
22528
22533
22537
22538
22542
22544
22545
22546
22550
22551
22555
22556
22557
22558
22559
22560
22561
22564
22567
22569
22572
22573
22575
22576
22579
22581
22583
22584
22585
22588
22589
22590
22591
22593
22595
22596
22598
22599
22600
22602
22604
22606
22608
22609
22610
22613
22618
22619
22623
22624
22625
22626
22627
22628
22629
22630
22632
22633
22634
22635
22636
22641
22643
22646
22649
22651
22654
22655
22656
22657
22660
22661
22662
22663
22666
22670
22672
22673
22675
22677
22679
22682
22685
22686
22687
22690
22693
22695
22696
22699
22700
22703
22706
22707
22709
22715
22716
22717
22718
22725
22730
22731
22732
22735
22736
22737
22738
22739
22740
22741
22742
22743
22744
22746
22753
22756
22757
22759
22761
22763
22766
22767
22770
22771
22773
22775
22776
22777
22778
22779
22782
22784
22786
22787
22788
22790
22792
22793
22794
22796
22799
22800
22804
22806
22809
22811
22814
22816
22817
22819
22822
22823
22824
22825
22826
22827
22828
22830
22832
22833
22834
22835
22838
22839
22840
22841
22842
22845
22846
22854
22855
22856
22857
22858
22863
22864
22865
22866
22867
22868
22869
22870
22871
22873
22875
22876
22880
22882
22885
22887
22888
22889
22891
22892
22893
22898
22900
22901
22903
22904
22905
22906
22907
22908
22910
22911
22912
22914
22916
22918
22921
22922
22924
22927
22928
22929
22930
22934
22936
22937
22940
22941
22944
22945
22947
22948
22950
22952
22953
22957
22958
22960
22961
22962
22966
22967
22969
22970
22973
22975
22977
22979
22980
22981
22982
22983
22984
22985
22987
22988
22990
22991
22992
22993
22994
22996
22997
22998
22999
23000
23002
23003
23004
23005
23007
23009
23010
23011
23014
23016
23017
23021
23022
23023
23025
23027
23028
23030
23032
23035
23037
23038
23041
23043
23045
23047
23050
23058
23059
23061
23064
23065
23067
23070
23073
23074
23075
23079
23081
23082
23083
23086
23088
23093
23094
23095
23098
23099
23102
23103
23104
23107
23110
23113
23116
23117
23119
23120
23122
23123
23129
23132
23133
23134
23135
23136
23140
23142
23143
23145
23146
23150
23152
23153
23154
23155
23158
23159
23161
23163
23164
23165
23166
23167
23168
23170
23172
23173
23174
23177
23180
23182
23183
23184
23185
23187
23189
23190
23191
23194
23195
23197
23198
23199
23202
23204
23205
23206
23208
23209
23210
23211
23213
23214
23215
23218
23219
23220
23221
23222
23223
23225
23226
23227
23229
23232
23235
23237
23240
23245
23246
23249
23251
23252
23254
23255
23258
23259
23260
23261
23263
23267
23268
23269
23270
23271
23272
23273
23274
23275
23276
23278
23279
23283
23284
23285
23286
23287
23288
23291
23294
23295
23297
23299
23301
23302
23304
23307
23308
23310
23311
23312
23316
23320
23323
23324
23325
23326
23327
23329
23330
23331
23334
23336
23339
23341
23343
23344
23351
23352
23353
23354
23356
23358
23359
23360
23364
23369
23371
23372
23373
23374
23377
23378
23379
23380
23381
23383
23384
23386
23389
23394
23396
23397
23398
23402
23403
23405
23407
23409
23410
23412
23413
23414
23419
23422
23423
23424
23426
23431
23432
23437
23438
23439
23442
23443
23444
23447
23449
23450
23451
23452
23454
23456
23457
23459
23466
23469
23470
23471
23472
23474
23475
23479
23481
23482
23483
23484
23485
23487
23489
23492
23495
23497
23498
23501
23502
23505
23507
23508
23513
23515
23517
23521
23522
23525
23526
23527
23533
23535
23536
23538
23540
23542
23543
23547
23551
23553
23554
23556
23560
23561
23562
23563
23564
23568
23570
23571
23572
23578
23579
23580
23585
23586
23587
23588
23589
23595
23597
23598
23600
23601
23604
23606
23607
23608
23609
23611
23613
23614
23615
23616
23618
23620
23622
23626
23630
23631
23632
23636
23637
23639
23644
23649
23651
23652
23653
23655
23658
23661
23662
23665
23668
23669
23672
23673
23675
23678
23679
23681
23683
23684
23686
23689
23690
23692
23693
23695
23698
23699
23702
23704
23706
23708
23709
23713
23716
23717
23719
23720
23723
23728
23729
23730
23735
23736
23738
23739
23740
23741
23743
23744
23746
23747
23748
23749
23750
23751
23752
23753
23756
23757
23759
23762
23763
23767
23768
23769
23770
23772
23773
23774
23775
23776
23777
23779
23785
23786
23787
23790
23791
23792
23793
23794
23795
23796
23799
23804
23805
23810
23812
23814
23815
23816
23820
23822
23823
23825
23826
23831
23833
23834
23835
23836
23837
23838
23842
23843
23845
23846
23847
23848
23850
23851
23853
23855
23856
23857
23860
23861
23862
23864
23868
23870
23871
23872
23873
23874
23877
23879
23883
23886
23890
23891
23895
23897
23898
23900
23901
23907
23908
23910
23913
23914
23915
23918
23919
23920
23922
23926
23927
23928
23929
23930
23935
23936
23937
23938
23940
23944
23945
23949
23950
23951
23952
23953
23954
23956
23958
23959
23960
23963
23964
23966
23967
23975
23978
23980
23981
23985
23986
23987
23991
23994
23996
24001
24002
24007
24008
24009
24010
24012
24013
24014
24015
24016
24019
24021
24022
24023
24024
24025
24026
24027
24029
24030
24036
24037
24038
24039
24040
24046
24047
24050
24051
24052
24053
24054
24056
24057
24059
24060
24062
24066
24067
24072
24073
24074
24075
24076
24078
24080
24081
24082
24083
24084
24086
24088
24089
24091
24092
24093
24094
24095
24096
24098
24101
24102
24103
24109
24110
24112
24113
24115
24116
24118
24119
24123
24124
24125
24126
24127
24129
24133
24137
24138
24140
24141
24142
24146
24147
24148
24149
24150
24151
24152
24156
24157
24160
24161
24163
24164
24165
24167
24171
24173
24175
24178
24179
24180
24184
24186
24188
24191
24192
24193
24194
24195
24197
24198
24199
24200
24201
24203
24205
24206
24207
24209
24210
24214
24217
24220
24221
24223
24224
24225
24228
24230
24231
24233
24234
24235
24236
24237
24238
24239
24240
24241
24242
24244
24245
24249
24251
24253
24254
24261
24268
24269
24270
24271
24272
24273
24276
24277
24278
24279
24281
24284
24288
24289
24294
24295
24296
24298
24300
24301
24302
24303
24304
24305
24307
24308
24309
24313
24315
24316
24318
24319
24322
24323
24326
24328
24329
24331
24332
24333
24337
24339
24340
24347
24348
24349
24350
24353
24354
24355
24358
24363
24365
24366
24367
24368
24372
24374
24375
24379
24380
24381
24382
24383
24385
24387
24388
24389
24390
24391
24393
24395
24396
24397
24398
24401
24402
24404
24408
24409
24413
24414
24416
24419
24420
24423
24424
24425
24427
24429
24434
24435
24438
24439
24441
24443
24446
24447
24448
24450
24455
24458
24460
24461
24463
24464
24469
24471
24477
24478
24479
24480
24481
24482
24484
24486
24487
24489
24490
24491
24493
24495
24496
24497
24499
24501
24502
24504
24505
24507
24508
24509
24514
24515
24517
24518
24519
24521
24526
24528
24529
24530
24531
24534
24535
24537
24542
24543
24544
24545
24546
24547
24550
24554
24555
24556
24557
24559
24560
24561
24562
24564
24566
24568
24569
24572
24573
24576
24577
24578
24579
24580
24581
24582
24583
24587
24590
24593
24596
24597
24598
24600
24601
24602
24605
24606
24608
24612
24616
24617
24621
24628
24634
24635
24636
24637
24639
24640
24642
24646
24647
24649
24651
24652
24654
24655
24657
24658
24660
24661
24662
24663
24665
24666
24670
24671
24674
24676
24677
24678
24679
24681
24685
24687
24689
24691
24693
24694
24695
24699
24701
24703
24708
24710
24714
24715
24716
24717
24719
24720
24721
24722
24723
24725
24726
24728
24729
24731
24733
24734
24737
24738
24740
24742
24744
24745
24752
24755
24756
24757
24758
24759
24764
24765
24766
24770
24773
24775
24776
24778
24779
24780
24782
24783
24784
24785
24787
24788
24791
24792
24793
24794
24795
24797
24802
24804
24806
24809
24812
24813
24815
24816
24820
24821
24822
24826
24828
24829
24830
24831
24832
24833
24834
24836
24837
24839
24841
24843
24844
24845
24847
24853
24855
24856
24860
24863
24865
24866
24867
24869
24873
24874
24875
24876
24879
24881
24882
24883
24887
24890
24891
24894
24897
24904
24911
24912
24917
24918
24919
24923
24924
24928
24929
24934
24935
24939
24940
24944
24946
24947
24949
24950
24953
24956
24958
24959
24963
24964
24966
24967
24968
24969
24972
24973
24974
24977
24978
24979
24980
24982
24985
24986
24988
24990
24991
24995
24998
24999
25001
25003
25004
25005
25008
25010
25012
25014
25015
25016
25023
25025
25027
25029
25035
25036
25037
25041
25042
25043
25044
25045
25047
25050
25052
25053
25054
25055
25056
25057
25058
25060
25063
25066
25067
25068
25070
25074
25075
25076
25077
25078
25080
25082
25087
25089
25091
25095
25097
25098
25100
25103
25104
25105
25106
25108
25111
25113
25114
25115
25117
25119
25122
25123
25124
25125
25127
25128
25131
25132
25133
25134
25137
25143
25144
25146
25147
25148
25149
25152
25155
25156
25157
25158
25161
25162
25165
25167
25168
25170
25172
25173
25174
25180
25181
25182
25183
25186
25187
25192
25193
25194
25195
25197
25198
25200
25201
25204
25206
25211
25212
25215
25216
25217
25219
25220
25223
25224
25227
25229
25230
25231
25233
25237
25241
25243
25244
25245
25250
25252
25257
25258
25259
25261
25262
25264
25265
25267
25270
25271
25274
25276
25277
25278
25279
25280
25281
25282
25284
25285
25286
25287
25289
25291
25292
25293
25296
25297
25299
25300
25303
25304
25305
25306
25307
25310
25313
25315
25319
25322
25323
25325
25326
25328
25329
25331
25333
25339
25340
25341
25342
25343
25344
25346
25347
25348
25349
25350
25351
25352
25354
25357
25358
25362
25363
25364
25366
25368
25372
25374
25375
25376
25378
25379
25383
25385
25388
25389
25391
25392
25393
25395
25396
25397
25398
25399
25400
25402
25407
25408
25410
25411
25414
25416
25417
25423
25424
25425
25426
25428
25429
25430
25432
25434
25438
25439
25440
25442
25446
25449
25450
25453
25455
25456
25457
25458
25460
25462
25464
25465
25466
25467
25468
25470
25471
25472
25478
25479
25481
25483
25487
25490
25492
25493
25499
25500
25502
25503
25504
25506
25507
25508
25510
25514
25517
25518
25519
25521
25522
25524
25525
25526
25527
25530
25531
25532
25534
25536
25542
25544
25545
25546
25547
25548
25550
25552
25553
25556
25559
25561
25563
25565
25566
25567
25568
25569
25570
25572
25577
25580
25581
25582
25585
25586
25588
25590
25591
25592
25593
25595
25597
25598
25599
25602
25605
25611
25615
25616
25617
25618
25620
25621
25624
25626
25627
25628
25637
25640
25642
25644
25645
25652
25654
25657
25658
25659
25661
25662
25664
25666
25667
25668
25670
25672
25674
25675
25676
25679
25680
25681
25682
25685
25688
25689
25690
25692
25693
25697
25699
25701
25703
25704
25705
25707
25708
25709
25710
25711
25712
25714
25715
25716
25718
25719
25720
25721
25722
25723
25724
25726
25728
25729
25733
25735
25737
25739
25742
25744
25749
25750
25751
25753
25756
25761
25762
25763
25766
25768
25769
25773
25774
25776
25779
25780
25781
25786
25788
25790
25791
25792
25793
25794
25795
25797
25798
25803
25804
25806
25807
25812
25814
25816
25817
25819
25822
25823
25826
25827
25830
25832
25837
25838
25839
25842
25844
25848
25849
25850
25852
25854
25855
25856
25857
25858
25860
25863
25864
25865
25866
25868
25872
25874
25878
25881
25882
25883
25885
25887
25888
25891
25893
25896
25898
25899
25900
25901
25902
25903
25905
25908
25909
25910
25911
25912
25914
25919
25920
25923
25924
25929
25930
25932
25933
25936
25938
25939
25943
25945
25946
25948
25949
25950
25952
25958
25959
25962
25969
25971
25972
25974
25975
25977
25986
25988
25989
25991
25997
25998
26000
26001
26003
26005
26006
26007
26009
26010
26012
26013
26014
26018
26019
26021
26023
26025
26026
26027
26029
26030
26031
26032
26033
26034
26037
26039
26042
26043
26047
26052
26053
26054
26055
26061
26063
26065
26067
26068
26069
26070
26072
26074
26075
26076
26078
26079
26080
26081
26087
26089
26094
26096
26097
26098
26099
26100
26104
26107
26110
26111
26112
26115
26119
26123
26124
26126
26127
26129
26131
26132
26135
26137
26138
26139
26141
26144
26146
26148
26150
26151
26153
26155
26157
26162
26163
26164
26166
26168
26170
26172
26173
26174
26177
26178
26179
26180
26183
26190
26191
26192
26193
26194
26195
26196
26201
26202
26203
26207
26208
26211
26214
26215
26216
26217
26219
26222
26223
26224
26226
26228
26230
26231
26234
26236
26241
26243
26246
26247
26248
26250
26254
26257
26258
26259
26260
26261
26263
26265
26266
26267
26268
26271
26273
26275
26280
26281
26289
26290
26292
26293
26296
26298
26299
26302
26305
26306
26307
26308
26310
26312
26313
26314
26317
26321
26322
26323
26324
26332
26334
26336
26338
26340
26341
26342
26343
26344
26346
26349
26350
26352
26353
26354
26355
26357
26358
26361
26365
26370
26373
26375
26379
26380
26381
26382
26383
26387
26388
26389
26392
26395
26396
26397
26398
26401
26405
26407
26408
26409
26410
26413
26415
26417
26418
26421
26428
26430
26432
26437
26438
26439
26440
26442
26448
26454
26458
26462
26463
26466
26469
26471
26472
26475
26477
26479
26482
26483
26484
26486
26491
26492
26496
26498
26500
26502
26503
26506
26508
26510
26512
26513
26514
26515
26516
26517
26519
26521
26525
26526
26527
26532
26533
26534
26535
26536
26541
26542
26543
26544
26547
26548
26551
26552
26554
26555
26556
26557
26564
26565
26566
26569
26570
26576
26577
26578
26579
26582
26583
26584
26586
26587
26588
26595
26596
26599
26600
26601
26602
26606
26609
26611
26612
26613
26615
26616
26617
26620
26621
26623
26624
26628
26629
26634
26635
26642
26644
26646
26647
26650
26651
26652
26654
26655
26656
26657
26659
26660
26661
26664
26666
26670
26676
26677
26678
26679
26681
26682
26683
26684
26685
26688
26690
26691
26694
26696
26699
26701
26702
26704
26705
26706
26707
26709
26710
26711
26716
26718
26722
26724
26729
26731
26733
26734
26737
26739
26740
26746
26747
26748
26750
26759
26760
26762
26766
26767
26768
26770
26772
26773
26774
26775
26778
26781
26782
26783
26784
26785
26788
26789
26790
26791
26793
26799
26801
26802
26804
26808
26809
26811
26812
26814
26815
26816
26817
26818
26819
26820
26823
26824
26825
26828
26829
26831
26832
26838
26841
26842
26843
26845
26846
26849
26850
26857
26858
26859
26860
26863
26864
26865
26872
26874
26878
26879
26880
26881
26882
26884
26887
26891
26893
26894
26895
26896
26897
26898
26899
26900
26901
26902
26907
26910
26912
26914
26917
26923
26925
26926
26927
26928
26929
26932
26937
26939
26940
26944
26946
26947
26949
26950
26953
26956
26957
26961
26963
26965
26967
26969
26973
26974
26977
26980
26981
26982
26984
26988
26989
26990
26991
26992
26994
26996
26997
27000
27002
27005
27008
27010
27012
27016
27017
27018
27020
27023
27024
27025
27028
27030
27031
27033
27034
27035
27036
27043
27044
27045
27048
27049
27050
27051
27053
27054
27055
27056
27058
27059
27060
27062
27063
27064
27065
27067
27068
27070
27073
27076
27078
27079
27082
27085
27086
27087
27088
27091
27092
27095
27097
27099
27100
27102
27105
27106
27107
27109
27110
27117
27118
27119
27120
27123
27127
27128
27129
27132
27133
27134
27135
27136
27139
27140
27141
27142
27146
27150
27151
27152
27153
27155
27158
27163
27164
27168
27169
27172
27174
27175
27179
27180
27181
27183
27184
27187
27189
27190
27193
27198
27201
27204
27206
27207
27209
27211
27212
27213
27216
27217
27219
27221
27222
27224
27227
27228
27230
27232
27233
27235
27237
27243
27245
27247
27248
27253
27254
27256
27264
27271
27276
27277
27279
27282
27283
27286
27287
27289
27290
27291
27292
27294
27296
27298
27300
27301
27302
27303
27308
27312
27314
27317
27318
27322
27323
27324
27327
27328
27329
27332
27334
27335
27336
27338
27344
27345
27350
27355
27356
27358
27361
27362
27365
27366
27367
27371
27372
27373
27374
27376
27380
27381
27384
27388
27389
27390
27391
27392
27393
27394
27396
27402
27404
27406
27410
27411
27412
27415
27416
27418
27419
27420
27423
27424
27425
27427
27435
27436
27437
27438
27439
27445
27446
27447
27449
27450
27451
27452
27454
27458
27460
27462
27463
27464
27466
27467
27469
27470
27477
27478
27480
27481
27482
27484
27486
27487
27488
27489
27490
27491
27494
27496
27498
27500
27502
27504
27507
27509
27510
27513
27517
27519
27520
27521
27526
27530
27531
27532
27533
27534
27535
27538
27539
27544
27545
27546
27548
27549
27550
27551
27555
27560
27562
27563
27567
27570
27571
27572
27574
27577
27582
27583
27584
27588
27590
27593
27595
27597
27599
27601
27602
27605
27607
27609
27610
27613
27614
27619
27620
27624
27625
27626
27629
27632
27634
27635
27636
27638
27639
27642
27643
27646
27647
27648
27649
27650
27652
27653
27657
27659
27661
27662
27664
27666
27669
27670
27671
27672
27675
27676
27680
27683
27685
27687
27690
27692
27696
27697
27698
27699
27700
27701
27703
27704
27705
27706
27707
27710
27713
27714
27716
27717
27718
27720
27722
27723
27724
27725
27726
27730
27731
27732
27734
27735
27738
27740
27742
27743
27744
27745
27746
27747
27749
27750
27751
27754
27757
27758
27759
27764
27765
27768
27769
27770
27771
27778
27779
27780
27781
27782
27786
27788
27791
27795
27796
27797
27798
27803
27805
27808
27809
27811
27812
27815
27817
27820
27822
27823
27824
27825
27826
27827
27828
27830
27832
27833
27836
27837
27840
27841
27844
27846
27848
27849
27850
27853
27858
27862
27863
27866
27867
27868
27869
27871
27876
27878
27879
27882
27885
27888
27889
27891
27893
27894
27895
27896
27897
27900
27902
27904
27905
27906
27908
27910
27911
27913
27915
27916
27917
27918
27920
27921
27923
27924
27925
27926
27927
27928
27929
27930
27931
27932
27934
27935
27936
27938
27945
27946
27949
27950
27952
27955
27956
27958
27959
27960
27964
27965
27966
27968
27969
27971
27973
27974
27976
27977
27978
27980
27984
27986
27987
27988
27989
27990
27998
28000
28005
28007
28008
28012
28019
28022
28025
28026
28028
28031
28032
28037
28039
28041
28043
28049
28051
28052
28053
28055
28056
28057
28058
28062
28064
28067
28069
28071
28073
28074
28076
28077
28078
28079
28082
28085
28086
28089
28092
28095
28098
28099
28100
28101
28103
28105
28106
28107
28109
28111
28113
28115
28118
28120
28121
28122
28124
28125
28130
28140
28141
28142
28144
28147
28148
28149
28151
28154
28155
28158
28163
28169
28170
28173
28174
28176
28177
28178
28183
28185
28186
28187
28188
28189
28191
28192
28193
28198
28200
28201
28203
28206
28210
28214
28217
28221
28222
28224
28225
28226
28227
28228
28229
28238
28240
28241
28242
28244
28245
28246
28247
28248
28249
28250
28254
28256
28258
28259
28260
28261
28262
28263
28265
28268
28272
28276
28278
28279
28280
28281
28282
28286
28290
28293
28294
28295
28296
28297
28298
28299
28300
28304
28308
28310
28312
28313
28314
28315
28319
28320
28323
28327
28328
28329
28330
28331
28334
28335
28336
28338
28341
28342
28343
28346
28350
28352
28356
28358
28359
28360
28365
28367
28370
28371
28377
28378
28380
28384
28387
28389
28390
28391
28392
28393
28394
28396
28400
28402
28403
28404
28405
28406
28407
28409
28410
28412
28413
28414
28417
28421
28425
28428
28430
28433
28434
28439
28440
28442
28443
28444
28445
28446
28447
28448
28450
28451
28452
28456
28457
28458
28459
28460
28463
28464
28465
28466
28468
28470
28474
28475
28476
28477
28482
28484
28486
28487
28488
28492
28494
28495
28497
28501
28502
28503
28506
28507
28508
28509
28510
28513
28514
28515
28516
28520
28522
28523
28528
28529
28532
28535
28536
28538
28539
28543
28545
28546
28551
28552
28554
28555
28556
28557
28562
28564
28567
28568
28569
28571
28572
28573
28574
28575
28579
28583
28586
28587
28588
28589
28592
28594
28595
28597
28598
28599
28600
28603
28606
28607
28608
28609
28617
28619
28620
28621
28622
28623
28624
28626
28627
28628
28633
28637
28639
28640
28641
28644
28647
28649
28651
28659
28660
28661
28662
28663
28665
28667
28669
28671
28673
28674
28675
28677
28678
28679
28681
28685
28686
28689
28690
28691
28695
28699
28701
28702
28704
28705
28707
28711
28712
28714
28718
28719
28721
28722
28727
28728
28729
28730
28731
28732
28733
28736
28737
28738
28739
28741
28742
28743
28746
28750
28753
28754
28755
28756
28758
28759
28760
28761
28762
28763
28764
28765
28768
28769
28770
28772
28773
28774
28776
28777
28778
28782
28786
28789
28790
28791
28792
28793
28794
28797
28799
28802
28803
28807
28808
28810
28812
28815
28816
28819
28822
28829
28835
28838
28840
28846
28849
28852
28853
28855
28864
28867
28868
28873
28876
28880
28883
28885
28886
28887
28891
28892
28893
28896
28898
28899
28900
28901
28904
28905
28908
28909
28910
28911
28913
28917
28919
28920
28921
28924
28926
28928
28929
28932
28933
28934
28935
28936
28938
28940
28941
28943
28945
28946
28953
28954
28956
28957
28958
28961
28962
28964
28966
28967
28969
28970
28971
28973
28974
28975
28976
28978
28991
28992
28993
28994
28995
28996
28997
28998
29000
29001
29006
29007
29008
29010
29013
29014
29015
29017
29018
29025
29031
29032
29033
29035
29037
29039
29040
29041
29042
29044
29046
29047
29048
29050
29051
29053
29055
29057
29058
29059
29060
29062
29069
29071
29072
29074
29075
29076
29077
29078
29080
29088
29091
29092
29093
29094
29095
29096
29097
29099
29100
29102
29104
29108
29110
29112
29113
29115
29116
29118
29120
29121
29122
29123
29125
29128
29131
29134
29136
29138
29140
29142
29144
29145
29146
29153
29155
29158
29159
29160
29161
29164
29168
29169
29170
29171
29172
29174
29176
29177
29180
29187
29191
29193
29199
29201
29202
29203
29206
29208
29210
29211
29213
29214
29216
29219
29223
29231
29233
29234
29236
29238
29239
29243
29246
29248
29249
29252
29254
29256
29257
29259
29260
29262
29263
29264
29265
29268
29269
29270
29272
29275
29281
29282
29283
29285
29286
29288
29289
29292
29294
29295
29296
29299
29300
29301
29302
29303
29304
29306
29308
29309
29310
29314
29315
29317
29318
29320
29321
29322
29328
29329
29333
29334
29337
29342
29344
29345
29346
29347
29350
29351
29353
29356
29358
29360
29363
29364
29368
29372
29375
29378
29379
29381
29382
29383
29384
29385
29389
29391
29394
29395
29397
29398
29403
29404
29408
29409
29411
29412
29413
29415
29421
29422
29424
29426
29428
29430
29433
29435
29436
29437
29438
29439
29440
29441
29442
29445
29446
29447
29448
29449
29450
29451
29452
29456
29457
29458
29459
29460
29461
29463
29465
29466
29469
29471
29474
29477
29478
29482
29494
29496
29500
29501
29505
29506
29507
29509
29510
29517
29528
29529
29530
29533
29535
29538
29539
29541
29542
29548
29550
29551
29552
29553
29554
29556
29557
29559
29560
29561
29564
29566
29567
29569
29573
29575
29576
29577
29579
29581
29582
29586
29587
29588
29591
29592
29593
29595
29596
29598
29601
29602
29606
29607
29608
29611
29612
29615
29616
29617
29619
29620
29621
29622
29623
29625
29627
29634
29635
29636
29638
29639
29640
29642
29643
29646
29647
29648
29649
29650
29651
29653
29656
29658
29659
29663
29666
29667
29669
29678
29680
29681
29682
29684
29685
29686
29687
29688
29689
29690
29691
29693
29694
29695
29696
29697
29698
29701
29703
29707
29711
29712
29713
29714
29715
29717
29719
29721
29722
29725
29726
29728
29733
29735
29745
29746
29748
29749
29750
29753
29754
29758
29761
29763
29764
29772
29773
29775
29776
29777
29778
29780
29783
29784
29786
29787
29793
29796
29799
29801
29802
29804
29805
29806
29808
29809
29810
29811
29812
29813
29815
29818
29819
29822
29823
29824
29826
29827
29828
29831
29832
29833
29834
29838
29842
29843
29844
29845
29846
29847
29850
29853
29854
29855
29856
29858
29859
29861
29865
29869
29877
29878
29880
29881
29884
29889
29890
29891
29892
29893
29895
29896
29900
29901
29902
29903
29904
29907
29910
29912
29913
29916
29921
29922
29924
29925
29926
29927
29933
29935
29938
29939
29940
29949
29952
29954
29956
29959
29961
29962
29963
29965
29966
29967
29970
29971
29972
29976
29977
29978
29979
29980
29982
29983
29985
29988
29991
29993
29995
29997
29998
30003
30004
30007
30008
30013
30015
30016
30017
30021
30022
30023
30027
30028
30031
30033
30034
30035
30037
30038
30039
30040
30043
30046
30047
30051
30052
30053
30054
30056
30057
30059
30060
30062
30064
30065
30066
30067
30068
30069
30070
30071
30076
30078
30081
30089
30090
30092
30095
30097
30098
30104
30106
30108
30111
30113
30114
30116
30117
30119
30120
30121
30122
30124
30125
30126
30129
30131
30132
30135
30137
30140
30141
30142
30143
30146
30147
30149
30150
30152
30155
30157
30160
30162
30163
30164
30165
30173
30181
30183
30184
30185
30186
30187
30188
30191
30192
30195
30197
30198
30200
30202
30203
30204
30205
30207
30212
30214
30217
30219
30222
30223
30227
30228
30231
30232
30233
30235
30237
30238
30239
30240
30241
30243
30245
30246
30248
30249
30251
30253
30254
30260
30261
30262
30264
30265
30269
30272
30273
30274
30284
30285
30287
30292
30293
30295
30296
30298
30299
30303
30304
30306
30308
30310
30313
30314
30315
30316
30317
30318
30323
30326
30327
30328
30329
30330
30331
30332
30333
30334
30335
30347
30353
30355
30357
30360
30361
30362
30363
30366
30367
30368
30369
30370
30371
30378
30382
30385
30386
30389
30393
30394
30396
30397
30398
30399
30404
30407
30408
30410
30411
30412
30415
30416
30417
30419
30420
30423
30431
30433
30434
30437
30439
30441
30446
30451
30452
30456
30457
30458
30459
30462
30463
30465
30466
30470
30471
30473
30476
30477
30479
30481
30483
30486
30488
30489
30490
30491
30494
30495
30497
30499
30500
30501
30503
30505
30506
30509
30510
30512
30513
30514
30515
30517
30520
30523
30527
30530
30532
30533
30535
30538
30539
30542
30543
30550
30551
30553
30557
30560
30561
30564
30565
30567
30568
30569
30570
30571
30575
30576
30580
30581
30585
30586
30587
30590
30591
30592
30593
30594
30596
30599
30603
30604
30605
30606
30607
30610
30614
30616
30618
30619
30621
30623
30626
30628
30630
30634
30637
30638
30640
30641
30644
30647
30650
30651
30652
30653
30655
30656
30658
30659
30661
30663
30664
30668
30670
30673
30676
30680
30687
30691
30692
30693
30695
30696
30697
30700
30701
30704
30705
30709
30711
30713
30714
30715
30716
30717
30718
30719
30720
30723
30730
30731
30740
30742
30743
30744
30745
30746
30747
30749
30750
30751
30753
30755
30761
30762
30763
30768
30773
30774
30777
30782
30784
30785
30787
30788
30790
30792
30794
30797
30798
30799
30800
30801
30803
30805
30812
30813
30815
30817
30820
30821
30825
30827
30828
30834
30835
30837
30838
30840
30844
30850
30851
30855
30857
30858
30859
30860
30861
30862
30863
30864
30869
30870
30871
30873
30875
30876
30879
30880
30881
30882
30883
30885
30886
30887
30888
30893
30894
30897
30899
30901
30907
30909
30911
30912
30913
30914
30915
30917
30921
30924
30925
30931
30932
30933
30935
30937
30939
30941
30942
30946
30948
30951
30953
30954
30955
30957
30958
30962
30965
30966
30967
30971
30974
30976
30980
30982
30987
30990
30991
30993
30994
30995
30996
30999
31000
31003
31005
31007
31008
31009
31012
31013
31015
31016
31023
31025
31027
31028
31032
31039
31042
31047
31052
31053
31054
31055
31059
31060
31062
31063
31066
31071
31072
31073
31075
31076
31077
31079
31083
31084
31088
31090
31091
31092
31093
31095
31096
31098
31100
31101
31103
31104
31106
31107
31108
31109
31110
31111
31113
31114
31117
31118
31119
31126
31127
31128
31130
31131
31133
31135
31136
31137
31141
31142
31143
31144
31146
31152
31153
31155
31156
31157
31158
31167
31169
31171
31174
31178
31179
31183
31185
31186
31187
31189
31192
31195
31196
31197
31209
31210
31216
31217
31218
31219
31221
31223
31224
31226
31228
31229
31233
31238
31240
31242
31247
31249
31251
31253
31255
31256
31257
31258
31260
31265
31266
31267
31268
31269
31275
31276
31277
31279
31281
31284
31288
31291
31294
31296
31299
31300
31301
31302
31303
31304
31310
31313
31314
31315
31317
31318
31319
31321
31324
31325
31330
31333
31334
31335
31338
31340
31341
31344
31347
31348
31349
31350
31352
31354
31355
31360
31367
31369
31371
31376
31378
31379
31381
31384
31385
31390
31391
31392
31393
31397
31402
31403
31404
31405
31410
31413
31415
31416
31419
31420
31423
31424
31427
31428
31432
31433
31434
31437
31440
31442
31444
31448
31449
31451
31457
31460
31461
31462
31465
31466
31474
31477
31478
31479
31480
31481
31484
31488
31489
31493
31495
31499
31500
31504
31508
31509
31510
31511
31512
31513
31514
31516
31519
31522
31528
31531
31532
31533
31534
31539
31540
31541
31542
31544
31546
31548
31551
31552
31558
31559
31563
31574
31575
31581
31582
31584
31589
31591
31594
31595
31596
31597
31600
31603
31604
31605
31607
31609
31612
31613
31615
31623
31625
31626
31627
31628
31633
31634
31635
31637
31639
31641
31643
31645
31646
31647
31648
31649
31651
31655
31659
31660
31664
31665
31674
31676
31679
31680
31683
31686
31687
31688
31693
31694
31701
31702
31703
31708
31710
31711
31712
31717
31718
31719
31720
31721
31724
31728
31730
31731
31732
31733
31735
31736
31739
31747
31748
31752
31754
31756
31760
31762
31765
31766
31768
31774
31776
31777
31779
31781
31784
31785
31788
31789
31791
31792
31795
31799
31800
31801
31802
31803
31805
31808
31810
31811
31812
31816
31822
31823
31824
31826
31837
31838
31839
31847
31852
31853
31854
31856
31857
31858
31860
31862
31867
31868
31872
31874
31875
31877
31879
31881
31882
31883
31886
31887
31890
31891
31895
31896
31904
31907
31909
31910
31911
31913
31920
31923
31924
31927
31930
31934
31936
31938
31939
31941
31942
31947
31948
31949
31950
31952
31955
31957
31958
31959
31961
31966
31969
31971
31972
31973
31976
31983
31986
31987
31988
31989
31994
31996
32001
32003
32004
32007
32016
32017
32022
32024
32025
32026
32027
32029
32032
32034
32035
32036
32037
32039
32040
32041
32043
32044
32045
32048
32050
32052
32053
32054
32058
32059
32060
32062
32065
32066
32067
32073
32079
32080
32085
32089
32090
32091
32092
32094
32095
32097
32102
32104
32107
32110
32112
32114
32115
32118
32119
32120
32121
32122
32125
32127
32130
32131
32132
32139
32141
32145
32146
32147
32148
32150
32153
32156
32159
32160
32161
32163
32166
32167
32170
32172
32174
32175
32177
32179
32180
32183
32184
32185
32186
32187
32189
32191
32193
32194
32195
32208
32209
32213
32216
32219
32223
32224
32225
32226
32235
32237
32238
32241
32242
32243
32244
32246
32247
32248
32249
32253
32254
32255
32258
32259
32260
32262
32263
32266
32267
32269
32270
32272
32274
32275
32279
32281
32284
32285
32286
32287
32288
32289
32290
32294
32298
32300
32301
32305
32306
32308
32313
32314
32315
32317
32318
32319
32320
32323
32325
32327
32328
32329
32334
32335
32336
32337
32338
32339
32341
32342
32343
32345
32347
32348
32351
32353
32354
32358
32359
32361
32362
32365
32366
32367
32368
32370
32371
32372
32374
32375
32378
32381
32383
32385
32387
32388
32389
32390
32393
32394
32396
32403
32404
32407
32413
32414
32417
32418
32419
32420
32427
32428
32432
32433
32434
32435
32437
32439
32441
32442
32443
32449
32450
32453
32459
32460
32462
32464
32466
32468
32469
32471
32472
32473
32476
32478
32480
32483
32485
32487
32489
32495
32499
32500
32501
32504
32507
32509
32512
32517
32520
32524
32525
32528
32530
32532
32537
32540
32542
32543
32544
32545
32547
32549
32550
32551
32554
32556
32559
32560
32561
32565
32566
32567
32569
32570
32573
32577
32582
32584
32588
32589
32590
32595
32600
32601
32602
32603
32604
32606
32607
32609
32613
32614
32616
32620
32626
32627
32633
32635
32637
32638
32640
32641
32644
32645
32646
32647
32649
32651
32652
32653
32654
32655
32656
32658
32661
32662
32663
32665
32668
32671
32675
32678
32680
32681
32687
32689
32690
32699
32700
32701
32703
32709
32710
32713
32714
32718
32721
32722
32725
32726
32727
32728
32732
32735
32740
32744
32745
32746
32749
32752
32754
32757
32760
32767
32768
32770
32774
32776
32777
32783
32784
32785
32788
32790
32791
32792
32795
32796
32798
32800
32801
32804
32805
32810
32813
32822
32826
32829
32833
32835
32836
32837
32838
32839
32841
32843
32845
32847
32849
32850
32854
32856
32863
32865
32866
32871
32872
32874
32875
32876
32877
32878
32879
32886
32889
32890
32891
32893
32894
32895
32896
32897
32898
32902
32903
32906
32907
32909
32910
32911
32913
32915
32918
32920
32921
32922
32924
32927
32928
32931
32934
32939
32941
32942
32943
32945
32946
32947
32950
32951
32952
32957
32958
32960
32961
32962
32966
32967
32968
32969
32970
32971
32972
32973
32974
32975
32977
32979
32982
32983
32984
32988
32989
32994
32995
32996
32997
32998
33001
33002
33007
33009
33012
33017
33024
33026
33027
33028
33029
33030
33032
33035
33036
33037
33038
33039
33040
33041
33042
33049
33051
33053
33056
33059
33060
33062
33063
33064
33068
33069
33072
33073
33075
33076
33078
33080
33085
33086
33087
33088
33089
33093
33094
33095
33097
33101
33102
33105
33107
33108
33109
33110
33114
33116
33118
33120
33121
33122
33124
33125
33129
33131
33138
33140
33142
33145
33146
33147
33148
33150
33151
33152
33153
33155
33158
33165
33166
33167
33168
33170
33171
33172
33174
33178
33179
33180
33188
33189
33190
33191
33194
33195
33200
33204
33205
33206
33212
33213
33214
33218
33219
33224
33230
33231
33240
33241
33245
33248
33249
33250
33252
33254
33256
33264
33265
33266
33267
33268
33272
33273
33274
33275
33276
33283
33285
33286
33289
33290
33293
33295
33298
33300
33302
33303
33304
33305
33308
33309
33311
33313
33314
33317
33323
33325
33326
33330
33332
33334
33335
33340
33341
33342
33345
33350
33351
33352
33353
33354
33355
33356
33358
33360
33361
33362
33363
33366
33367
33377
33382
33385
33386
33387
33389
33391
33392
33393
33408
33413
33416
33418
33419
33420
33423
33429
33431
33433
33435
33436
33439
33440
33442
33443
33447
33448
33450
33451
33453
33455
33458
33461
33462
33464
33465
33466
33467
33468
33470
33471
33472
33473
33474
33478
33479
33480
33481
33484
33485
33486
33489
33493
33494
33495
33498
33499
33501
33503
33504
33509
33510
33513
33514
33515
33518
33519
33521
33525
33528
33531
33534
33536
33537
33538
33539
33544
33545
33546
33552
33554
33556
33559
33564
33565
33567
33572
33573
33576
33577
33579
33580
33589
33591
33593
33594
33595
33599
33601
33602
33604
33606
33607
33612
33619
33621
33622
33625
33626
33631
33632
33633
33649
33652
33654
33655
33657
33658
33661
33665
33667
33671
33673
33676
33679
33680
33681
33683
33685
33686
33689
33691
33692
33697
33699
33700
33702
33706
33708
33710
33712
33714
33716
33718
33719
33720
33722
33724
33725
33730
33731
33732
33733
33734
33735
33739
33740
33741
33742
33744
33745
33746
33749
33750
33753
33754
33756
33757
33758
33759
33760
33761
33764
33765
33767
33768
33770
33771
33774
33776
33778
33779
33780
33781
33782
33783
33784
33788
33790
33791
33793
33794
33800
33802
33805
33810
33814
33817
33818
33822
33825
33826
33828
33829
33830
33832
33836
33837
33842
33847
33849
33850
33852
33855
33857
33859
33866
33867
33868
33869
33872
33873
33874
33876
33877
33882
33883
33887
33891
33892
33893
33894
33899
33907
33909
33910
33911
33912
33914
33915
33916
33918
33920
33921
33922
33930
33931
33933
33935
33936
33939
33940
33945
33946
33948
33949
33951
33952
33953
33955
33956
33958
33960
33967
33968
33969
33971
33972
33973
33975
33980
33983
33986
33989
33990
33991
33992
33993
33994
33995
33997
33998
33999
34004
34005
34007
34012
34013
34015
34017
34018
34019
34020
34022
34024
34027
34030
34032
34036
34037
34038
34043
34044
34045
34051
34054
34057
34062
34063
34065
34066
34071
34074
34075
34082
34088
34094
34096
34097
34098
34099
34101
34103
34105
34106
34107
34108
34110
34111
34114
34117
34124
34126
34131
34135
34136
34139
34143
34145
34146
34153
34154
34156
34157
34163
34165
34170
34172
34173
34175
34176
34178
34180
34187
34189
34191
34192
34196
34198
34199
34200
34204
34207
34209
34210
34212
34215
34217
34218
34219
34225
34227
34233
34234
34235
34237
34238
34242
34243
34244
34245
34246
34249
34250
34255
34256
34260
34264
34265
34267
34268
34269
34270
34271
34272
34276
34282
34288
34290
34292
34294
34296
34299
34300
34301
34303
34307
34308
34310
34311
34318
34319
34320
34322
34325
34330
34334
34337
34338
34340
34343
34344
34346
34347
34349
34350
34351
34353
34356
34359
34360
34361
34366
34369
34371
34372
34373
34374
34375
34376
34378
34382
34383
34385
34387
34388
34389
34390
34392
34393
34396
34403
34404
34407
34410
34412
34415
34416
34418
34421
34422
34425
34426
34427
34428
34429
34430
34431
34432
34433
34438
34439
34440
34441
34444
34445
34446
34449
34451
34457
34460
34462
34463
34465
34468
34470
34471
34472
34474
34475
34480
34481
34482
34487
34489
34492
34494
34495
34498
34499
34501
34503
34508
34512
34513
34517
34520
34521
34522
34523
34525
34526
34527
34531
34532
34534
34535
34538
34539
34540
34542
34546
34547
34549
34556
34558
34560
34565
34566
34568
34572
34573
34576
34577
34579
34580
34584
34585
34590
34591
34593
34595
34597
34600
34602
34605
34606
34607
34609
34610
34613
34615
34617
34621
34622
34624
34632
34635
34636
34638
34639
34644
34646
34647
34649
34652
34653
34656
34657
34659
34661
34663
34664
34667
34669
34670
34671
34672
34677
34678
34679
34680
34684
34687
34690
34699
34705
34706
34707
34709
34713
34724
34725
34727
34728
34729
34736
34738
34742
34745
34746
34747
34748
34752
34754
34755
34756
34761
34765
34772
34773
34774
34775
34776
34779
34780
34781
34783
34787
34788
34790
34793
34795
34797
34802
34805
34806
34807
34809
34810
34811
34812
34813
34815
34816
34817
34818
34822
34825
34826
34827
34830
34832
34839
34841
34844
34846
34847
34849
34852
34854
34858
34860
34867
34869
34870
34871
34872
34873
34875
34876
34878
34885
34886
34887
34888
34895
34896
34897
34898
34900
34902
34904
34906
34907
34909
34912
34916
34917
34919
34920
34924
34927
34928
34929
34932
34933
34934
34935
34937
34939
34940
34942
34948
34951
34953
34954
34955
34958
34961
34965
34966
34968
34973
34980
34982
34987
34989
34990
34997
34998
35000
35002
35003
35007
35012
35013
35016
35020
35025
35027
35028
35030
35032
35034
35037
35039
35040
35042
35044
35045
35052
35057
35058
35059
35067
35074
35075
35076
35078
35080
35081
35082
35085
35087
35088
35090
35091
35093
35094
35097
35098
35100
35101
35102
35106
35108
35109
35116
35119
35123
35124
35130
35131
35132
35134
35140
35141
35143
35144
35148
35149
35150
35152
35154
35155
35159
35160
35163
35164
35165
35166
35167
35168
35169
35172
35173
35174
35175
35177
35178
35179
35185
35186
35188
35189
35190
35191
35193
35195
35197
35199
35203
35208
35209
35210
35214
35219
35221
35222
35224
35225
35226
35228
35229
35234
35235
35237
35239
35241
35244
35247
35248
35250
35251
35254
35255
35258
35259
35261
35264
35272
35277
35281
35282
35283
35284
35288
35289
35296
35298
35299
35300
35302
35308
35309
35311
35312
35317
35320
35322
35324
35325
35327
35329
35331
35334
35336
35337
35339
35341
35342
35343
35344
35346
35351
35355
35356
35359
35360
35361
35363
35366
35372
35374
35375
35378
35380
35383
35386
35387
35393
35400
35401
35402
35408
35411
35414
35416
35420
35422
35424
35425
35426
35432
35433
35434
35436
35442
35443
35446
35448
35452
35453
35454
35455
35456
35459
35461
35462
35463
35465
35467
35474
35475
35476
35477
35479
35481
35485
35488
35490
35491
35493
35494
35495
35497
35498
35504
35505
35506
35510
35513
35514
35515
35516
35517
35519
35523
35525
35528
35529
35530
35531
35532
35533
35536
35538
35539
35541
35542
35544
35545
35546
35547
35551
35556
35557
35558
35562
35564
35568
35572
35576
35583
35588
35589
35590
35593
35594
35597
35599
35600
35603
35604
35605
35608
35612
35613
35614
35617
35619
35620
35622
35625
35626
35635
35637
35638
35639
35640
35642
35643
35644
35645
35649
35652
35653
35655
35656
35658
35664
35667
35670
35671
35672
35673
35674
35677
35678
35679
35685
35686
35689
35691
35694
35695
35697
35698
35699
35700
35702
35705
35706
35711
35712
35715
35716
35723
35725
35726
35727
35729
35732
35734
35735
35736
35737
35739
35740
35741
35742
35747
35751
35752
35755
35759
35760
35761
35764
35766
35767
35769
35771
35772
35774
35775
35778
35779
35787
35789
35790
35791
35793
35794
35796
35798
35801
35803
35807
35809
35810
35811
35815
35817
35821
35822
35825
35826
35836
35838
35840
35841
35842
35844
35845
35848
35849
35850
35851
35859
35862
35863
35869
35870
35871
35872
35873
35874
35876
35877
35878
35880
35882
35883
35885
35886
35887
35888
35890
35891
35893
35896
35901
35907
35908
35909
35911
35913
35915
35916
35917
35919
35920
35922
35923
35925
35927
35932
35935
35936
35937
35938
35939
35943
35945
35947
35948
35950
35956
35959
35960
35967
35969
35970
35971
35974
35978
35979
35980
35983
35984
35985
35988
35990
35992
35994
35997
35998
35999
36001
36002
36004
36007
36009
36010
36012
36014
36016
36017
36018
36023
36028
36032
36035
36036
36039
36042
36044
36045
36049
36050
36052
36053
36055
36056
36059
36064
36065
36070
36076
36078
36084
36089
36091
36092
36098
36102
36113
36119
36120
36123
36127
36129
36131
36133
36134
36137
36140
36141
36144
36145
36146
36147
36148
36150
36153
36154
36156
36157
36158
36162
36167
36168
36169
36170
36176
36180
36182
36185
36187
36189
36192
36193
36195
36196
36205
36207
36208
36210
36212
36213
36219
36220
36221
36222
36223
36224
36228
36229
36231
36233
36235
36237
36239
36244
36250
36251
36252
36258
36259
36260
36261
36268
36269
36271
36272
36273
36274
36275
36278
36283
36284
36288
36289
36290
36295
36296
36299
36300
36302
36303
36306
36307
36313
36314
36317
36318
36319
36320
36324
36325
36326
36328
36329
36330
36331
36332
36334
36336
36339
36347
36348
36352
36353
36359
36361
36363
36365
36366
36367
36369
36370
36372
36377
36379
36381
36383
36386
36388
36390
36391
36395
36398
36400
36401
36405
36406
36409
36412
36414
36416
36417
36420
36421
36425
36426
36434
36435
36436
36437
36438
36439
36442
36445
36448
36449
36452
36456
36457
36459
36460
36461
36462
36463
36464
36468
36472
36475
36477
36478
36479
36480
36481
36482
36487
36489
36490
36492
36497
36510
36513
36515
36516
36517
36518
36520
36521
36523
36527
36529
36530
36531
36534
36535
36536
36540
36541
36544
36545
36547
36549
36554
36555
36556
36560
36561
36563
36564
36565
36566
36569
36574
36576
36579
36584
36586
36588
36590
36593
36595
36597
36599
36600
36602
36605
36607
36609
36613
36615
36616
36617
36619
36620
36623
36624
36630
36632
36633
36636
36637
36644
36646
36647
36650
36654
36655
36657
36660
36665
36667
36670
36673
36676
36678
36680
36684
36685
36686
36687
36690
36695
36698
36699
36703
36704
36707
36712
36714
36715
36719
36720
36721
36722
36729
36731
36732
36734
36735
36737
36739
36741
36742
36743
36744
36748
36749
36751
36760
36762
36763
36764
36765
36766
36767
36770
36775
36777
36778
36780
36781
36783
36784
36785
36786
36790
36791
36795
36796
36797
36799
36800
36803
36804
36809
36810
36811
36812
36813
36814
36817
36819
36820
36831
36833
36834
36840
36841
36844
36850
36855
36856
36862
36863
36866
36867
36869
36874
36877
36879
36881
36885
36886
36890
36891
36893
36894
36897
36898
36899
36900
36903
36908
36910
36911
36912
36913
36915
36919
36920
36924
36926
36928
36932
36934
36935
36937
36941
36942
36944
36947
36949
36956
36958
36959
36964
36965
36969
36971
36972
36974
36979
36980
36981
36982
36983
36984
36986
36988
36990
36993
36998
37001
37002
37005
37006
37008
37011
37012
37013
37014
37017
37019
37020
37023
37024
37027
37029
37033
37035
37036
37040
37042
37043
37048
37051
37054
37056
37057
37060
37062
37064
37065
37066
37067
37070
37072
37073
37075
37076
37077
37078
37079
37083
37085
37087
37090
37092
37093
37099
37101
37102
37103
37104
37105
37106
37111
37112
37113
37116
37119
37121
37122
37126
37127
37129
37135
37136
37138
37140
37145
37149
37150
37151
37154
37157
37158
37159
37167
37168
37169
37170
37174
37176
37177
37178
37179
37183
37185
37186
37191
37192
37193
37194
37197
37198
37200
37201
37202
37203
37205
37214
37216
37217
37220
37221
37222
37223
37225
37229
37232
37233
37235
37236
37237
37240
37242
37247
37250
37253
37254
37257
37259
37260
37263
37265
37266
37270
37273
37274
37276
37281
37282
37285
37289
37291
37292
37294
37296
37298
37299
37300
37302
37304
37306
37307
37310
37313
37315
37316
37317
37321
37328
37331
37335
37337
37338
37343
37344
37347
37348
37350
37354
37357
37360
37365
37366
37367
37368
37374
37378
37382
37385
37389
37393
37403
37404
37405
37406
37410
37413
37421
37423
37428
37430
37435
37437
37441
37442
37443
37444
37445
37446
37447
37451
37452
37457
37459
37460
37461
37462
37463
37465
37467
37468
37469
37471
37473
37474
37475
37476
37477
37481
37485
37486
37487
37491
37492
37496
37497
37498
37500
37502
37504
37505
37514
37515
37525
37527
37532
37536
37539
37540
37543
37549
37550
37551
37556
37562
37563
37564
37566
37568
37569
37570
37576
37582
37584
37586
37589
37592
37603
37604
37608
37609
37612
37614
37616
37617
37619
37622
37629
37631
37632
37633
37635
37640
37641
37646
37647
37652
37655
37658
37663
37664
37665
37666
37670
37671
37673
37674
37675
37676
37677
37679
37680
37681
37683
37684
37685
37686
37687
37689
37694
37695
37698
37699
37704
37707
37709
37714
37721
37722
37725
37728
37730
37733
37734
37737
37739
37740
37741
37742
37746
37747
37749
37751
37753
37755
37756
37758
37760
37762
37763
37767
37768
37770
37771
37774
37775
37779
37780
37781
37789
37792
37794
37795
37796
37799
37800
37802
37804
37805
37806
37807
37808
37810
37811
37812
37817
37818
37820
37827
37828
37831
37832
37833
37836
37837
37843
37844
37846
37847
37848
37850
37852
37853
37854
37856
37860
37871
37874
37877
37884
37885
37886
37888
37894
37895
37897
37903
37904
37907
37909
37910
37912
37914
37917
37919
37920
37922
37923
37924
37926
37933
37934
37935
37936
37937
37938
37942
37945
37946
37954
37956
37962
37963
37967
37970
37972
37973
37974
37975
37976
37978
37982
37983
37984
37987
37989
37994
37995
37996
37999
38001
38003
38004
38005
38009
38010
38016
38018
38020
38024
38026
38030
38032
38036
38038
38041
38042
38043
38049
38050
38058
38059
38061
38063
38066
38067
38070
38071
38072
38073
38075
38079
38081
38082
38083
38084
38086
38088
38089
38090
38095
38096
38097
38098
38099
38100
38103
38104
38105
38106
38107
38116
38117
38119
38124
38125
38129
38130
38135
38136
38137
38139
38141
38143
38144
38145
38146
38149
38152
38155
38157
38161
38167
38176
38181
38182
38185
38186
38187
38192
38195
38198
38199
38202
38205
38206
38208
38209
38214
38215
38217
38220
38224
38225
38226
38228
38229
38231
38237
38239
38240
38242
38243
38247
38248
38249
38251
38252
38256
38257
38261
38264
38265
38266
38267
38274
38275
38276
38278
38279
38280
38282
38283
38284
38287
38288
38292
38293
38296
38298
38299
38300
38301
38302
38303
38309
38314
38316
38318
38320
38329
38331
38334
38344
38345
38346
38347
38349
38350
38356
38358
38360
38361
38367
38371
38373
38381
38383
38384
38385
38386
38387
38389
38391
38394
38397
38400
38401
38403
38406
38407
38409
38411
38412
38419
38422
38423
38426
38428
38432
38433
38434
38435
38436
38437
38438
38439
38442
38444
38447
38449
38451
38453
38454
38456
38460
38462
38463
38470
38473
38480
38481
38482
38483
38486
38488
38490
38491
38495
38498
38507
38514
38515
38517
38519
38520
38521
38522
38523
38528
38531
38535
38538
38540
38543
38545
38549
38550
38553
38556
38557
38558
38562
38563
38564
38566
38568
38572
38573
38575
38580
38581
38583
38586
38587
38589
38592
38593
38597
38606
38608
38609
38620
38621
38622
38625
38628
38634
38636
38640
38643
38644
38645
38647
38650
38651
38657
38664
38665
38666
38667
38668
38671
38672
38677
38679
38680
38681
38684
38685
38686
38688
38694
38696
38699
38700
38703
38704
38706
38710
38712
38714
38716
38726
38728
38731
38732
38733
38734
38736
38737
38749
38753
38754
38756
38757
38758
38760
38761
38762
38764
38766
38770
38773
38776
38782
38783
38785
38787
38789
38791
38799
38800
38802
38803
38807
38808
38813
38815
38818
38819
38821
38823
38826
38827
38830
38831
38832
38833
38836
38838
38841
38844
38851
38852
38854
38855
38856
38857
38863
38864
38866
38868
38870
38873
38874
38876
38880
38885
38888
38889
38891
38896
38897
38898
38899
38901
38902
38906
38907
38910
38911
38913
38921
38923
38925
38932
38934
38936
38943
38944
38946
38951
38952
38956
38957
38958
38959
38961
38965
38968
38970
38971
38972
38973
38976
38978
38981
38982
38984
38985
38988
38993
38994
38997
38998
39002
39003
39005
39006
39007
39008
39011
39012
39015
39016
39017
39018
39019
39021
39025
39026
39028
39029
39031
39033
39035
39039
39041
39043
39045
39049
39052
39054
39056
39058
39059
39062
39063
39064
39065
39067
39070
39072
39073
39087
39091
39094
39096
39098
39099
39103
39106
39107
39109
39110
39114
39116
39117
39118
39121
39122
39125
39126
39128
39129
39134
39136
39138
39139
39140
39141
39142
39144
39147
39149
39150
39151
39155
39160
39161
39164
39170
39175
39176
39180
39184
39185
39187
39188
39190
39192
39193
39194
39195
39196
39202
39213
39214
39218
39219
39220
39221
39226
39229
39231
39233
39234
39235
39236
39238
39239
39240
39242
39247
39248
39249
39251
39254
39259
39262
39263
39266
39274
39277
39282
39286
39292
39294
39297
39299
39300
39301
39302
39303
39304
39306
39311
39313
39315
39317
39318
39319
39321
39323
39326
39327
39328
39330
39332
39333
39334
39336
39337
39338
39340
39341
39345
39348
39350
39352
39354
39356
39358
39359
39360
39366
39373
39379
39380
39381
39383
39388
39390
39391
39394
39395
39396
39397
39399
39405
39407
39410
39411
39413
39415
39420
39421
39422
39426
39428
39429
39430
39431
39435
39438
39439
39440
39442
39445
39446
39450
39451
39456
39457
39460
39464
39465
39467
39472
39478
39481
39482
39484
39488
39489
39492
39493
39494
39500
39502
39503
39505
39508
39510
39511
39512
39513
39514
39515
39516
39520
39523
39525
39527
39528
39529
39530
39531
39536
39539
39542
39544
39547
39549
39550
39551
39552
39553
39557
39559
39563
39564
39565
39567
39569
39570
39571
39574
39577
39578
39579
39580
39582
39583
39585
39586
39590
39592
39594
39597
39599
39604
39612
39613
39614
39615
39617
39618
39619
39621
39622
39623
39627
39633
39634
39635
39636
39639
39642
39644
39645
39647
39648
39652
39653
39654
39655
39657
39658
39662
39664
39666
39671
39673
39674
39675
39676
39677
39679
39681
39685
39686
39687
39689
39691
39694
39698
39702
39703
39704
39706
39714
39718
39720
39726
39727
39733
39739
39740
39741
39742
39743
39745
39749
39750
39751
39752
39753
39754
39755
39758
39759
39762
39764
39766
39767
39770
39771
39776
39781
39783
39784
39787
39788
39792
39795
39796
39797
39799
39801
39803
39806
39811
39812
39813
39815
39816
39817
39821
39823
39824
39825
39827
39831
39834
39835
39837
39839
39842
39844
39846
39851
39852
39853
39854
39855
39857
39858
39859
39860
39865
39867
39870
39875
39876
39886
39887
39888
39890
39891
39893
39895
39902
39903
39905
39911
39914
39915
39923
39926
39927
39928
39929
39930
39935
39937
39938
39942
39943
39944
39945
39950
39953
39954
39957
39960
39962
39965
39967
39968
39970
39972
39975
39976
39978
39979
39980
39982
39984
39985
39986
39987
39988
39989
39996
40004
40007
40012
40014
40016
40025
40026
40028
40029
40032
40034
40037
40038
40040
40047
40049
40050
40053
40057
40063
40064
40065
40066
40068
40070
40071
40073
40075
40080
40086
40088
40090
40092
40093
40096
40098
40100
40101
40107
40108
40110
40111
40115
40116
40118
40119
40123
40124
40128
40129
40131
40132
40134
40135
40138
40139
40142
40143
40144
40145
40146
40149
40152
40155
40156
40157
40158
40160
40161
40166
40168
40170
40171
40174
40175
40181
40183
40186
40189
40192
40193
40197
40201
40203
40204
40207
40212
40213
40216
40219
40220
40224
40225
40226
40227
40229
40233
40237
40239
40240
40248
40249
40250
40251
40253
40256
40258
40264
40266
40267
40268
40271
40274
40275
40276
40278
40284
40285
40289
40290
40292
40293
40297
40300
40302
40303
40305
40308
40311
40317
40321
40324
40332
40333
40336
40338
40339
40341
40343
40344
40345
40346
40348
40350
40351
40352
40353
40354
40355
40357
40358
40361
40362
40368
40369
40370
40373
40374
40376
40378
40380
40382
40384
40385
40386
40388
40391
40392
40398
40404
40408
40409
40410
40411
40414
40417
40420
40423
40425
40428
40429
40432
40435
40443
40447
40450
40451
40452
40453
40454
40459
40465
40469
40470
40473
40477
40478
40479
40480
40482
40485
40486
40488
40489
40490
40491
40494
40497
40500
40501
40502
40503
40505
40506
40507
40509
40510
40513
40518
40523
40525
40527
40528
40529
40530
40532
40536
40541
40544
40545
40547
40552
40554
40559
40561
40562
40563
40564
40565
40568
40571
40572
40580
40584
40588
40589
40591
40593
40594
40597
40599
40600
40602
40609
40610
40613
40614
40615
40617
40624
40627
40628
40630
40631
40632
40634
40640
40641
40642
40643
40646
40652
40653
40655
40656
40657
40664
40667
40670
40671
40672
40673
40675
40677
40678
40681
40683
40685
40687
40693
40701
40702
40707
40712
40713
40715
40716
40718
40719
40720
40721
40727
40729
40732
40733
40745
40747
40749
40751
40754
40755
40758
40760
40761
40762
40764
40768
40769
40780
40782
40784
40786
40787
40788
40790
40791
40793
40799
40803
40808
40811
40813
40814
40816
40817
40818
40819
40820
40823
40826
40829
40831
40834
40835
40838
40839
40840
40845
40848
40851
40853
40855
40856
40857
40858
40861
40863
40864
40868
40870
40871
40872
40874
40876
40878
40879
40884
40885
40887
40889
40890
40891
40893
40896
40900
40904
40906
40908
40912
40914
40916
40917
40919
40920
40922
40923
40926
40929
40933
40937
40938
40940
40941
40942
40944
40948
40949
40950
40951
40952
40953
40954
40957
40961
40967
40968
40969
40970
40973
40979
40982
40983
40985
40987
40988
40993
40995
40999
41000
41001
41004
41005
41006
41009
41012
41013
41014
41015
41016
41019
41020
41022
41029
41031
41036
41039
41040
41042
41043
41046
41050
41052
41054
41061
41065
41066
41068
41069
41075
41076
41077
41078
41080
41081
41082
41086
41087
41090
41095
41096
41099
41100
41101
41113
41115
41118
41119
41122
41126
41127
41129
41131
41132
41133
41135
41136
41138
41139
41140
41141
41142
41144
41146
41147
41151
41152
41153
41155
41156
41158
41160
41161
41163
41165
41166
41167
41169
41170
41171
41173
41177
41178
41183
41185
41186
41196
41197
41198
41201
41204
41205
41208
41209
41211
41213
41217
41223
41224
41228
41230
41231
41232
41233
41234
41239
41242
41243
41244
41246
41247
41248
41250
41251
41255
41256
41257
41258
41260
41262
41265
41268
41269
41270
41271
41272
41274
41275
41276
41278
41285
41288
41289
41290
41291
41292
41295
41297
41298
41304
41306
41307
41313
41314
41318
41325
41329
41333
41334
41336
41340
41341
41343
41347
41352
41353
41355
41358
41359
41360
41361
41363
41364
41365
41366
41368
41375
41376
41378
41382
41386
41388
41391
41392
41396
41397
41400
41403
41407
41414
41416
41419
41423
41424
41433
41434
41439
41443
41445
41446
41453
41454
41455
41457
41459
41461
41462
41463
41464
41467
41468
41469
41474
41476
41478
41479
41484
41489
41491
41495
41496
41497
41500
41501
41504
41505
41507
41508
41510
41511
41512
41513
41514
41515
41517
41518
41520
41521
41525
41530
41535
41536
41537
41538
41539
41542
41545
41547
41549
41550
41551
41552
41553
41554
41557
41560
41561
41562
41564
41565
41567
41568
41569
41571
41572
41575
41577
41581
41584
41586
41589
41594
41596
41600
41602
41605
41609
41613
41614
41618
41624
41625
41626
41633
41634
41637
41638
41641
41643
41646
41647
41650
41653
41655
41658
41659
41662
41664
41665
41666
41668
41669
41671
41674
41675
41676
41679
41680
41683
41688
41692
41696
41698
41699
41700
41701
41702
41703
41706
41707
41712
41713
41714
41716
41717
41720
41724
41727
41728
41729
41730
41738
41747
41748
41753
41755
41767
41769
41774
41776
41779
41780
41783
41784
41786
41788
41789
41790
41791
41792
41794
41795
41801
41802
41803
41804
41809
41814
41816
41820
41827
41829
41831
41834
41835
41836
41839
41840
41847
41849
41850
41851
41853
41854
41855
41856
41858
41862
41863
41864
41867
41872
41874
41876
41879
41880
41883
41890
41891
41896
41898
41900
41907
41908
41909
41912
41913
41915
41916
41919
41920
41921
41925
41926
41928
41930
41932
41934
41935
41939
41942
41943
41947
41952
41954
41957
41959
41962
41964
41965
41966
41968
41973
41974
41975
41977
41978
41979
41981
41984
41985
41986
41992
41993
41995
41997
42000
42001
42003
42004
42007
42011
42012
42016
42019
42020
42026
42027
42028
42033
42041
42042
42046
42048
42051
42053
42054
42057
42058
42060
42061
42067
42070
42071
42072
42073
42076
42078
42080
42081
42086
42087
42088
42089
42092
42093
42095
42097
42098
42102
42103
42104
42105
42108
42110
42115
42116
42117
42118
42119
42120
42122
42125
42126
42127
42128
42139
42140
42143
42144
42145
42146
42149
42151
42152
42154
42157
42158
42159
42162
42164
42166
42167
42169
42171
42176
42177
42178
42180
42181
42182
42185
42189
42191
42195
42196
42197
42199
42204
42210
42220
42222
42228
42230
42233
42234
42236
42237
42243
42246
42249
42250
42251
42253
42256
42257
42258
42261
42263
42264
42267
42269
42270
42274
42276
42286
42290
42292
42297
42300
42301
42303
42304
42311
42312
42314
42315
42316
42318
42320
42324
42325
42327
42328
42331
42333
42335
42337
42338
42342
42344
42345
42346
42348
42349
42351
42353
42358
42359
42360
42363
42365
42366
42367
42370
42371
42372
42374
42377
42378
42381
42384
42385
42386
42389
42392
42393
42397
42401
42403
42404
42405
42406
42407
42411
42413
42416
42417
42418
42420
42422
42423
42426
42428
42429
42432
42434
42435
42436
42441
42443
42449
42450
42451
42452
42461
42464
42465
42467
42468
42470
42473
42477
42478
42479
42481
42483
42484
42485
42486
42488
42490
42496
42499
42500
42506
42507
42511
42516
42519
42521
42524
42525
42532
42533
42534
42536
42546
42547
42549
42553
42558
42559
42562
42563
42568
42570
42572
42573
42584
42598
42604
42606
42607
42610
42611
42612
42614
42618
42619
42622
42624
42628
42630
42634
42637
42642
42644
42649
42650
42653
42655
42661
42662
42665
42666
42667
42669
42672
42673
42674
42675
42677
42680
42683
42691
42693
42695
42696
42699
42700
42701
42704
42706
42709
42711
42715
42717
42718
42721
42724
42726
42727
42728
42730
42733
42734
42735
42741
42742
42744
42745
42746
42748
42749
42750
42752
42753
42754
42756
42762
42765
42769
42770
42774
42775
42777
42778
42780
42784
42786
42787
42791
42793
42797
42799
42800
42804
42807
42808
42809
42812
42813
42820
42822
42824
42825
42826
42828
42832
42834
42835
42837
42842
42844
42847
42849
42853
42854
42861
42862
42863
42864
42868
42872
42873
42874
42877
42881
42889
42890
42891
42895
42898
42900
42901
42902
42903
42905
42907
42911
42912
42916
42918
42923
42927
42930
42933
42934
42936
42937
42940
42941
42942
42943
42945
42946
42948
42949
42951
42953
42955
42959
42960
42962
42966
42967
42970
42972
42974
42975
42978
42980
42985
42986
42989
42991
42992
42994
42995
43000
43001
43005
43008
43009
43015
43016
43017
43018
43021
43030
43034
43036
43038
43039
43041
43043
43046
43050
43051
43053
43057
43058
43060
43062
43063
43064
43065
43066
43069
43070
43072
43073
43074
43075
43081
43082
43085
43086
43088
43089
43092
43094
43099
43101
43102
43104
43105
43110
43111
43114
43117
43119
43124
43126
43129
43134
43135
43136
43138
43140
43142
43143
43145
43149
43152
43158
43159
43163
43164
43167
43170
43171
43176
43178
43183
43187
43188
43191
43193
43194
43195
43204
43205
43211
43214
43216
43217
43218
43220
43222
43223
43224
43230
43236
43241
43243
43244
43247
43248
43250
43252
43254
43255
43256
43260
43261
43265
43269
43270
43274
43281
43282
43284
43285
43288
43289
43293
43294
43298
43299
43301
43303
43304
43307
43309
43313
43314
43315
43316
43322
43325
43327
43328
43332
43334
43335
43339
43344
43357
43361
43362
43369
43370
43371
43372
43373
43374
43375
43377
43378
43381
43382
43385
43386
43388
43389
43395
43396
43398
43399
43401
43405
43406
43407
43410
43413
43415
43418
43424
43428
43429
43431
43432
43434
43437
43438
43439
43440
43442
43448
43449
43451
43453
43456
43457
43459
43460
43461
43466
43469
43471
43472
43479
43480
43483
43485
43488
43489
43490
43492
43493
43494
43495
43498
43501
43506
43510
43515
43517
43520
43521
43522
43527
43529
43530
43532
43534
43536
43537
43541
43542
43552
43555
43556
43558
43561
43563
43565
43567
43568
43570
43580
43583
43587
43592
43595
43601
43602
43603
43605
43609
43611
43614
43618
43619
43621
43623
43625
43626
43636
43637
43639
43640
43643
43650
43651
43659
43660
43661
43663
43665
43666
43669
43670
43674
43675
43676
43677
43679
43687
43688
43690
43691
43693
43694
43695
43696
43697
43701
43703
43705
43707
43710
43714
43716
43718
43719
43720
43722
43723
43724
43728
43729
43733
43736
43737
43739
43740
43741
43743
43744
43746
43751
43752
43753
43759
43765
43767
43770
43773
43775
43776
43777
43778
43782
43783
43786
43787
43788
43792
43793
43796
43798
43806
43807
43823
43826
43831
43832
43837
43838
43841
43844
43845
43846
43850
43852
43854
43856
43857
43858
43859
43860
43865
43866
43867
43868
43870
43872
43873
43883
43884
43886
43888
43891
43899
43900
43906
43908
43913
43915
43919
43923
43925
43928
43934
43935
43943
43945
43946
43947
43948
43949
43950
43951
43952
43957
43962
43964
43969
43971
43977
43978
43982
43984
43986
43987
43988
43995
43996
43997
43998
43999
44001
44003
44007
44010
44013
44014
44025
44026
44032
44034
44038
44039
44044
44047
44048
44051
44054
44055
44059
44062
44065
44067
44075
44081
44084
44086
44090
44096
44101
44102
44103
44104
44109
44115
44116
44120
44122
44123
44125
44128
44131
44132
44134
44141
44142
44143
44150
44151
44153
44154
44157
44164
44168
44170
44172
44173
44177
44178
44179
44189
44195
44198
44200
44201
44206
44208
44212
44213
44214
44216
44217
44218
44221
44222
44223
44225
44226
44229
44231
44234
44237
44239
44241
44242
44243
44246
44249
44252
44254
44255
44257
44258
44259
44265
44272
44274
44275
44279
44280
44282
44284
44286
44289
44296
44299
44300
44301
44303
44305
44307
44312
44313
44315
44317
44324
44327
44329
44331
44333
44335
44336
44339
44340
44341
44343
44350
44352
44353
44354
44362
44364
44365
44366
44367
44368
44372
44373
44380
44383
44388
44393
44394
44395
44398
44399
44402
44409
44410
44413
44414
44416
44417
44424
44425
44429
44431
44440
44447
44448
44450
44452
44456
44457
44458
44459
44463
44464
44465
44466
44473
44475
44479
44481
44483
44484
44487
44489
44491
44495
44498
44499
44500
44504
44505
44506
44512
44515
44518
44523
44525
44528
44529
44531
44532
44533
44539
44540
44543
44549
44553
44556
44558
44560
44561
44562
44564
44566
44568
44569
44570
44571
44572
44573
44574
44575
44576
44579
44585
44586
44588
44589
44591
44598
44599
44601
44603
44604
44608
44610
44611
44613
44620
44622
44630
44634
44640
44641
44646
44647
44648
44651
44653
44656
44657
44661
44663
44664
44666
44667
44669
44670
44671
44673
44676
44680
44687
44692
44693
44694
44696
44703
44705
44712
44719
44720
44721
44722
44723
44728
44731
44732
44734
44736
44737
44738
44740
44741
44742
44744
44745
44746
44747
44748
44749
44751
44752
44754
44755
44758
44761
44764
44767
44770
44771
44772
44776
44777
44778
44779
44780
44781
44782
44786
44787
44791
44798
44800
44802
44804
44806
44812
44814
44816
44820
44822
44824
44831
44843
44848
44851
44853
44854
44857
44866
44868
44870
44871
44875
44877
44878
44888
44893
44894
44896
44899
44900
44901
44905
44911
44917
44918
44921
44932
44935
44936
44937
44938
44941
44942
44943
44947
44949
44952
44954
44955
44958
44960
44962
44966
44969
44970
44971
44972
44974
44978
44979
44980
44983
44984
44989
44990
44993
45001
45002
45004
45005
45008
45009
45016
45018
45019
45022
45023
45026
45028
45030
45031
45034
45037
45040
45044
45047
45051
45052
45053
45054
45055
45059
45068
45070
45071
45074
45075
45078
45080
45083
45084
45086
45088
45089
45090
45092
45093
45099
45102
45104
45105
45106
45112
45116
45119
45120
45122
45123
45127
45128
45129
45133
45134
45135
45140
45141
45143
45147
45148
45149
45152
45154
45157
45158
45164
45178
45179
45180
45182
45183
45184
45186
45189
45190
45191
45192
45193
45195
45197
45198
45199
45205
45210
45212
45214
45216
45217
45220
45221
45224
45227
45228
45229
45232
45233
45238
45239
45240
45247
45248
45258
45259
45263
45265
45266
45269
45270
45271
45274
45275
45276
45277
45280
45287
45290
45292
45295
45297
45299
45301
45302
45305
45306
45309
45311
45312
45313
45316
45318
45320
45321
45322
45326
45327
45328
45330
45332
45333
45334
45338
45339
45341
45342
45345
45346
45347
45348
45351
45358
45359
45368
45369
45373
45374
45375
45378
45394
45396
45400
45401
45403
45409
45411
45412
45414
45416
45421
45425
45426
45430
45432
45436
45441
45442
45445
45452
45453
45455
45457
45460
45461
45462
45463
45465
45467
45468
45469
45472
45478
45479
45486
45487
45495
45502
45511
45513
45516
45517
45518
45519
45525
45529
45533
45534
45535
45540
45543
45545
45548
45552
45554
45555
45557
45559
45560
45563
45574
45576
45579
45584
45586
45588
45591
45595
45597
45600
45602
45607
45614
45615
45618
45619
45621
45622
45623
45625
45626
45627
45629
45630
45635
45636
45637
45641
45646
45651
45659
45662
45665
45667
45669
45670
45676
45683
45685
45686
45688
45689
45692
45698
45702
45703
45705
45707
45708
45712
45713
45714
45718
45720
45723
45727
45732
45735
45738
45739
45740
45743
45746
45750
45752
45759
45766
45767
45772
45774
45775
45776
45779
45781
45783
45788
45790
45794
45796
45798
45799
45805
45807
45808
45812
45815
45822
45827
45831
45833
45834
45841
45842
45845
45850
45854
45858
45859
45860
45862
45863
45864
45867
45868
45869
45870
45877
45878
45879
45883
45890
45893
45897
45899
45900
45901
45906
45911
45914
45918
45922
45925
45928
45933
45936
45938
45940
45941
45943
45944
45950
45952
45954
45956
45957
45959
45967
45968
45969
45970
45972
45975
45981
45983
45984
45989
45992
45993
45994
45996
46003
46006
46008
46009
46011
46013
46017
46018
46022
46026
46027
46028
46032
46033
46035
46038
46039
46040
46041
46043
46050
46051
46052
46060
46061
46064
46065
46073
46074
46082
46084
46086
46088
46091
46094
46097
46099
46101
46103
46104
46111
46112
46113
46120
46121
46124
46130
46137
46142
46143
46148
46149
46151
46154
46157
46160
46163
46164
46169
46170
46171
46172
46175
46181
46182
46185
46189
46193
46194
46197
46201
46202
46203
46209
46212
46213
46217
46219
46221
46222
46224
46228
46231
46234
46236
46239
46251
46253
46254
46255
46257
46262
46264
46265
46266
46269
46273
46279
46284
46285
46289
46290
46293
46295
46299
46302
46303
46306
46310
46314
46315
46317
46323
46325
46328
46329
46338
46339
46342
46343
46344
46345
46346
46349
46351
46353
46355
46357
46361
46363
46367
46368
46369
46370
46372
46373
46374
46377
46379
46385
46393
46396
46398
46399
46402
46403
46407
46408
46410
46411
46414
46415
46418
46423
46424
46426
46434
46436
46437
46438
46439
46446
46448
46449
46451
46453
46454
46458
46460
46466
46467
46476
46480
46481
46482
46483
46484
46485
46487
46489
46491
46493
46497
46499
46505
46507
46508
46509
46520
46522
46523
46525
46535
46536
46539
46547
46548
46549
46552
46553
46554
46555
46559
46560
46561
46566
46568
46569
46573
46578
46587
46590
46591
46596
46599
46604
46605
46608
46609
46610
46616
46617
46618
46621
46623
46624
46625
46627
46628
46632
46633
46635
46636
46637
46643
46648
46649
46652
46653
46654
46659
46661
46662
46663
46664
46668
46670
46676
46683
46685
46689
46692
46694
46696
46697
46701
46706
46708
46710
46712
46714
46715
46716
46717
46719
46720
46721
46723
46726
46729
46734
46736
46737
46738
46739
46747
46754
46758
46760
46763
46767
46768
46769
46770
46784
46785
46786
46787
46796
46804
46805
46809
46810
46814
46815
46820
46824
46825
46828
46830
46838
46839
46840
46848
46850
46862
46864
46866
46867
46877
46878
46881
46886
46889
46890
46902
46908
46909
46912
46918
46919
46921
46922
46923
46924
46925
46926
46927
46930
46931
46932
46933
46937
46938
46942
46943
46944
46947
46949
46950
46951
46953
46960
46961
46962
46963
46964
46966
46967
46968
46973
46975
46976
46981
46985
46987
46988
46989
46995
47000
47002
47006
47014
47015
47016
47024
47026
47029
47034
47045
47049
47055
47057
47059
47066
47067
47070
47074
47075
47077
47078
47080
47081
47090
47091
47095
47096
47097
47103
47104
47108
47109
47110
47114
47116
47123
47126
47127
47130
47133
47140
47142
47144
47145
47146
47148
47149
47154
47157
47158
47160
47163
47164
47173
47176
47177
47185
47187
47188
47189
47191
47193
47194
47201
47204
47205
47206
47209
47212
47216
47222
47223
47224
47231
47232
47234
47236
47237
47238
47241
47243
47246
47248
47249
47252
47253
47259
47260
47262
47264
47265
47266
47270
47271
47272
47275
47276
47277
47279
47280
47286
47289
47291
47292
47293
47307
47313
47315
47317
47318
47322
47326
47327
47328
47329
47334
47335
47336
47338
47340
47344
47345
47346
47348
47351
47352
47353
47354
47355
47356
47357
47362
47364
47370
47374
47375
47377
47378
47381
47384
47388
47389
47391
47393
47394
47398
47406
47409
47410
47411
47413
47415
47416
47418
47425
47428
47432
47434
47437
47438
47439
47440
47443
47450
47451
47452
47455
47456
47459
47461
47468
47473
47477
47478
47480
47484
47485
47493
47494
47495
47500
47501
47502
47503
47504
47506
47508
47509
47514
47515
47523
47525
47526
47527
47528
47529
47532
47538
47541
47543
47544
47547
47548
47551
47554
47558
47559
47561
47565
47571
47572
47579
47581
47584
47587
47589
47590
47592
47593
47594
47596
47599
47608
47609
47612
47614
47621
47622
47625
47629
47634
47635
47640
47641
47642
47643
47650
47651
47658
47659
47663
47665
47669
47673
47674
47675
47677
47678
47680
47681
47686
47690
47692
47694
47698
47699
47702
47703
47704
47718
47719
47720
47726
47731
47733
47734
47737
47739
47740
47741
47743
47744
47749
47752
47755
47758
47763
47768
47769
47770
47771
47776
47778
47780
47781
47782
47784
47786
47788
47789
47790
47791
47792
47797
47800
47801
47802
47805
47808
47813
47817
47818
47821
47822
47823
47825
47828
47829
47831
47832
47835
47836
47837
47843
47851
47852
47854
47860
47863
47866
47870
47872
47874
47879
47881
47890
47891
47893
47896
47897
47898
47904
47912
47913
47915
47921
47927
47928
47929
47932
47936
47943
47944
47946
47948
47952
47955
47956
47957
47960
47961
47966
47967
47973
47975
47976
47978
47979
47980
47986
47993
47994
47995
48002
48005
48015
48017
48018
48020
48022
48023
48028
48029
48030
48033
48036
48038
48039
48040
48043
48050
48052
48056
48061
48066
48070
48072
48077
48078
48079
48080
48084
48086
48088
48089
48093
48095
48099
48102
48109
48112
48113
48114
48116
48118
48120
48124
48125
48127
48129
48130
48131
48133
48142
48144
48147
48148
48149
48150
48153
48154
48155
48156
48159
48161
48162
48163
48164
48166
48167
48169
48171
48172
48175
48176
48177
48183
48185
48189
48193
48203
48205
48212
48213
48217
48218
48220
48222
48224
48230
48232
48233
48234
48237
48241
48244
48245
48248
48260
48261
48263
48264
48269
48270
48271
48274
48277
48281
48282
48285
48286
48289
48293
48295
48297
48302
48303
48309
48311
48315
48319
48321
48322
48323
48325
48326
48327
48328
48329
48330
48331
48335
48337
48342
48343
48345
48346
48347
48348
48349
48350
48352
48353
48355
48358
48360
48367
48370
48372
48373
48374
48377
48380
48381
48386
48387
48391
48393
48395
48396
48399
48400
48406
48408
48409
48411
48413
48417
48419
48420
48421
48423
48427
48428
48429
48434
48436
48437
48438
48440
48441
48444
48450
48455
48456
48463
48473
48475
48477
48478
48480
48482
48483
48485
48487
48494
48500
48501
48502
48503
48504
48507
48508
48509
48510
48513
48519
48524
48525
48526
48531
48534
48536
48540
48544
48547
48551
48555
48559
48561
48566
48567
48569
48571
48572
48573
48575
48576
48577
48583
48584
48593
48594
48595
48596
48603
48604
48611
48624
48630
48632
48634
48635
48637
48638
48645
48647
48654
48657
48659
48662
48678
48679
48680
48681
48684
48685
48688
48689
48690
48692
48696
48702
48703
48704
48710
48715
48716
48718
48719
48720
48724
48730
48733
48735
48736
48738
48743
48745
48749
48752
48753
48755
48756
48758
48759
48761
48763
48765
48767
48768
48772
48773
48775
48776
48778
48782
48786
48787
48788
48790
48793
48794
48797
48804
48807
48808
48810
48811
48814
48815
48816
48819
48821
48823
48825
48826
48827
48829
48832
48836
48837
48840
48841
48842
48844
48845
48851
48854
48855
48856
48861
48864
48865
48867
48874
48875
48876
48877
48879
48880
48881
48884
48885
48889
48893
48902
48903
48905
48906
48907
48910
48912
48917
48918
48924
48925
48926
48932
48934
48939
48942
48943
48946
48950
48955
48958
48959
48961
48963
48970
48973
48976
48978
48992
48993
48995
48999
49000
49002
49009
49010
49015
49016
49018
49019
49020
49028
49031
49034
49036
49040
49041
49042
49044
49045
49048
49051
49057
49058
49059
49060
49061
49063
49064
49067
49070
49073
49078
49080
49083
49084
49089
49091
49093
49097
49098
49100
49101
49102
49105
49110
49113
49114
49123
49124
49126
49129
49130
49132
49133
49134
49136
49139
49140
49143
49146
49147
49150
49151
49154
49156
49157
49159
49160
49161
49162
49163
49165
49166
49170
49171
49172
49180
49186
49190
49192
49196
49197
49199
49201
49204
49208
49209
49210
49211
49217
49219
49220
49221
49222
49226
49227
49228
49231
49238
49240
49252
49256
49258
49264
49265
49267
49272
49273
49278
49280
49282
49283
49287
49296
49300
49303
49310
49311
49312
49313
49314
49316
49317
49320
49321
49325
49326
49327
49331
49340
49343
49346
49347
49351
49359
49360
49362
49365
49367
49368
49370
49372
49374
49376
49379
49386
49390
49392
49395
49396
49399
49400
49401
49408
49410
49411
49415
49419
49422
49424
49427
49428
49430
49431
49432
49433
49434
49435
49436
49442
49443
49445
49448
49457
49458
49465
49468
49470
49472
49475
49476
49477
49479
49481
49483
49485
49487
49488
49490
49491
49494
49498
49499
49500
49503
49504
49508
49515
49523
49524
49525
49530
49531
49532
49534
49536
49539
49544
49547
49548
49552
49554
49557
49558
49559
49563
49564
49567
49569
49577
49578
49579
49580
49583
49597
49606
49614
49619
49621
49622
49623
49625
49632
49633
49634
49638
49639
49640
49645
49647
49650
49652
49653
49654
49655
49657
49660
49665
49666
49673
49675
49678
49683
49693
49695
49696
49698
49701
49703
49704
49709
49711
49714
49715
49716
49717
49718
49720
49721
49722
49724
49730
49732
49735
49738
49744
49747
49749
49754
49757
49765
49766
49769
49772
49773
49776
49777
49779
49784
49785
49787
49790
49792
49795
49798
49799
49800
49805
49807
49808
49810
49813
49815
49825
49827
49831
49834
49836
49837
49838
49842
49844
49848
49855
49857
49859
49870
49874
49880
49883
49886
49889
49897
49900
49902
49904
49907
49909
49912
49914
49915
49916
49922
49926
49928
49929
49932
49933
49934
49941
49942
49946
49948
49949
49954
49955
49956
49959
49963
49964
49967
49968
49969
49970
49971
49976
49977
49986
49987
49988
49990
49991
49992
49993
49994
49995
49998
50003
50007
50013
50016
50017
50020
50021
50024
50026
50027
50028
50029
50030
50031
50032
50034
50036
50038
50039
50040
50044
50056
50058
50061
50065
50069
50079
50081
50083
50087
50090
50091
50093
50094
50095
50096
50098
50099
50100
50101
50104
50105
50106
50110
50111
50118
50119
50123
50125
50129
50133
50136
50137
50139
50142
50143
50147
50148
50151
50153
50157
50158
50160
50161
50162
50167
50168
50173
50180
50183
50188
50189
50190
50191
50199
50202
50203
50207
50209
50210
50217
50224
50225
50230
50231
50233
50235
50237
50239
50240
50242
50245
50246
50250
50253
50254
50255
50257
50258
50260
50262
50265
50272
50273
50275
50277
50280
50283
50284
50285
50291
50297
50301
50304
50305
50307
50309
50315
50319
50320
50326
50329
50330
50332
50334
50336
50341
50344
50350
50353
50354
50356
50357
50359
50360
50361
50365
50367
50368
50369
50371
50372
50376
50377
50382
50386
50389
50390
50396
50397
50398
50399
50400
50407
50414
50417
50425
50428
50433
50437
50438
50443
50449
50452
50454
50459
50460
50461
50463
50464
50466
50469
50471
50474
50483
50488
50491
50492
50499
50500
50502
50504
50505
50509
50514
50515
50522
50524
50527
50528
50534
50536
50538
50539
50541
50543
50545
50548
50549
50550
50552
50557
50558
50560
50567
50568
50574
50576
50577
50578
50579
50581
50585
50590
50592
50596
50597
50600
50601
50605
50607
50609
50610
50611
50614
50618
50623
50630
50632
50633
50638
50639
50642
50643
50647
50648
50653
50654
50656
50658
50659
50660
50663
50665
50668
50669
50671
50683
50690
50691
50692
50695
50702
50706
50713
50714
50715
50716
50717
50719
50725
50727
50728
50729
50730
50731
50736
50737
50742
50749
50750
50755
50756
50757
50760
50763
50764
50766
50767
50769
50772
50774
50775
50779
50781
50785
50786
50789
50791
50804
50807
50815
50819
50820
50823
50826
50831
50833
50837
50839
50846
50850
50855
50856
50858
50859
50863
50864
50866
50867
50872
50875
50876
50879
50882
50891
50892
50894
50900
50901
50903
50906
50918
50920
50921
50922
50931
50933
50934
50937
50943
50945
50949
50950
50951
50952
50957
50960
50965
50973
50975
50976
50977
50982
50985
50986
50987
50988
50989
50990
50992
50994
50997
50998
51000
51001
51004
51006
51008
51016
51018
51028
51030
51031
51034
51036
51038
51043
51046
51047
51048
51051
51054
51056
51057
51059
51060
51063
51067
51068
51070
51071
51075
51080
51083
51087
51088
51090
51098
51099
51101
51103
51110
51111
51112
51119
51123
51128
51129
51137
51142
51151
51155
51157
51158
51163
51164
51169
51172
51175
51178
51179
51182
51183
51185
51186
51189
51190
51192
51193
51194
51199
51201
51203
51206
51207
51209
51211
51212
51216
51218
51219
51221
51231
51234
51237
51238
51239
51245
51247
51249
51260
51270
51273
51274
51275
51278
51282
51283
51284
51286
51287
51289
51290
51297
51299
51301
51304
51305
51307
51317
51319
51322
51325
51328
51331
51334
51336
51337
51338
51342
51344
51345
51346
51347
51350
51355
51356
51357
51358
51359
51360
51362
51366
51371
51372
51373
51375
51376
51379
51380
51382
51384
51386
51388
51389
51393
51398
51399
51405
51411
51412
51413
51416
51418
51420
51425
51429
51432
51433
51439
51442
51444
51454
51455
51456
51457
51459
51461
51463
51474
51479
51481
51482
51483
51486
51492
51494
51495
51499
51502
51503
51505
51507
51515
51516
51519
51520
51522
51533
51534
51538
51542
51544
51548
51549
51553
51556
51558
51560
51561
51563
51564
51570
51571
51572
51577
51578
51579
51584
51586
51588
51599
51600
51601
51602
51607
51609
51610
51616
51619
51623
51624
51629
51631
51632
51633
51637
51652
51654
51659
51662
51663
51664
51665
51666
51667
51668
51673
51675
51676
51690
51691
51692
51693
51698
51700
51701
51704
51711
51714
51715
51718
51721
51722
51727
51728
51729
51730
51731
51735
51740
51741
51745
51746
51747
51748
51755
51761
51763
51773
51777
51779
51781
51782
51783
51784
51785
51790
51797
51807
51808
51809
51811
51816
51819
51826
51830
51831
51835
51838
51839
51841
51842
51845
51846
51850
51851
51852
51854
51855
51856
51862
51863
51864
51865
51866
51871
51873
51874
51876
51878
51882
51883
51886
51888
51891
51895
51898
51901
51907
51910
51911
51917
51919
51922
51923
51924
51925
51926
51927
51929
51930
51933
51935
51936
51938
51939
51941
51943
51948
51954
51955
51958
51968
51969
51972
51974
51977
51981
51982
51984
51988
51989
51990
51998
52001
52008
52011
52012
52023
52026
52033
52034
52036
52037
52038
52039
52040
52041
52044
52046
52049
52051
52053
52059
52061
52062
52063
52065
52074
52075
52077
52081
52084
52085
52086
52089
52092
52097
52099
52100
52108
52112
52116
52117
52118
52120
52123
52125
52126
52129
52132
52133
52138
52142
52144
52145
52148
52149
52150
52151
52152
52154
52155
52157
52159
52173
52178
52179
52180
52181
52182
52186
52193
52195
52202
52214
52219
52221
52226
52228
52231
52232
52233
52234
52237
52239
52243
52250
52251
52262
52264
52265
52268
52269
52272
52274
52278
52285
52290
52291
52297
52303
52307
52308
52310
52311
52318
52325
52331
52339
52342
52344
52351
52352
52353
52354
52359
52361
52365
52367
52372
52379
52381
52383
52385
52386
52387
52390
52391
52392
52394
52395
52397
52398
52400
52401
52402
52408
52409
52410
52413
52416
52421
52424
52425
52429
52433
52434
52437
52439
52441
52443
52446
52447
52448
52449
52451
52452
52459
52461
52467
52470
52473
52478
52479
52481
52482
52487
52489
52490
52492
52493
52498
52500
52501
52508
52509
52517
52518
52519
52524
52541
52548
52551
52555
52556
52557
52561
52562
52563
52567
52575
52579
52582
52584
52588
52590
52591
52592
52602
52604
52606
52610
52611
52612
52614
52618
52621
52622
52623
52625
52629
52635
52636
52637
52640
52651
52652
52659
52660
52662
52663
52669
52670
52673
52676
52677
52678
52682
52686
52689
52699
52701
52703
52709
52710
52711
52713
52720
52722
52724
52727
52732
52736
52739
52744
52746
52747
52749
52750
52754
52755
52757
52759
52760
52763
52766
52773
52776
52780
52782
52783
52784
52786
52788
52789
52790
52795
52798
52802
52812
52815
52816
52820
52821
52824
52825
52826
52827
52830
52832
52833
52836
52837
52840
52848
52850
52851
52852
52853
52854
52857
52860
52862
52866
52870
52871
52883
52886
52894
52895
52899
52900
52902
52903
52907
52914
52917
52920
52922
52925
52926
52928
52933
52940
52941
52943
52945
52946
52954
52957
52958
52962
52963
52964
52965
52967
52968
52970
52972
52973
52975
52976
52977
52979
52983
52985
52992
52993
53001
53002
53005
53007
53012
53019
53020
53027
53037
53039
53041
53045
53048
53053
53057
53058
53064
53067
53069
53070
53071
53072
53081
53083
53087
53088
53090
53093
53095
53096
53098
53100
53105
53106
53111
53113
53114
53115
53118
53121
53122
53126
53136
53137
53139
53140
53141
53146
53147
53150
53155
53158
53161
53162
53163
53171
53174
53175
53179
53180
53185
53187
53188
53189
53192
53194
53198
53203
53206
53207
53209
53215
53218
53221
53224
53226
53227
53228
53231
53233
53235
53236
53238
53240
53243
53245
53247
53253
53254
53257
53258
53265
53267
53269
53270
53272
53274
53275
53276
53278
53280
53282
53283
53286
53295
53296
53300
53302
53303
53304
53307
53310
53312
53313
53315
53317
53319
53322
53330
53336
53337
53340
53343
53347
53350
53354
53356
53361
53364
53378
53379
53381
53394
53400
53402
53409
53419
53423
53429
53437
53438
53439
53442
53449
53451
53452
53454
53456
53462
53463
53466
53469
53470
53472
53478
53483
53484
53485
53486
53492
53493
53495
53498
53499
53501
53507
53511
53513
53518
53519
53525
53526
53528
53531
53539
53540
53541
53546
53547
53550
53560
53561
53566
53567
53568
53571
53572
53575
53577
53579
53582
53589
53593
53595
53601
53605
53616
53627
53637
53643
53646
53648
53650
53653
53656
53661
53662
53670
53672
53673
53682
53685
53686
53687
53691
53695
53697
53700
53702
53706
53709
53712
53715
53718
53720
53721
53723
53724
53725
53727
53729
53740
53747
53749
53751
53753
53754
53755
53757
53760
53761
53764
53767
53768
53769
53772
53774
53775
53776
53778
53781
53783
53785
53786
53787
53790
53791
53792
53795
53797
53798
53805
53806
53817
53820
53834
53837
53838
53840
53843
53845
53847
53850
53858
53862
53864
53865
53866
53868
53871
53876
53877
53880
53885
53886
53889
53893
53897
53901
53902
53904
53905
53907
53908
53914
53915
53916
53922
53926
53935
53937
53938
53942
53943
53945
53951
53952
53953
53954
53959
53962
53963
53964
53968
53970
53973
53976
53979
53981
53984
53993
53995
54004
54006
54008
54009
54013
54014
54015
54020
54022
54024
54026
54034
54037
54042
54043
54045
54048
54051
54059
54060
54065
54078
54081
54084
54090
54094
54097
54098
54100
54102
54107
54108
54109
54117
54119
54120
54124
54125
54129
54130
54133
54134
54136
54137
54142
54147
54150
54152
54154
54163
54164
54165
54176
54185
54190
54206
54207
54208
54209
54211
54214
54215
54216
54217
54219
54221
54222
54223
54225
54227
54231
54233
54234
54237
54238
54242
54244
54247
54248
54258
54259
54262
54263
54266
54270
54272
54279
54284
54287
54289
54292
54295
54302
54309
54312
54313
54314
54315
54319
54320
54321
54322
54325
54326
54327
54331
54333
54334
54338
54342
54344
54348
54351
54353
54354
54360
54361
54362
54365
54367
54375
54376
54377
54380
54381
54385
54390
54391
54394
54397
54399
54406
54408
54414
54416
54433
54434
54438
54445
54446
54447
54455
54461
54462
54463
54466
54469
54472
54476
54477
54484
54488
54489
54498
54499
54504
54510
54512
54515
54517
54518
54520
54521
54526
54529
54531
54534
54538
54541
54542
54547
54551
54556
54558
54561
54570
54571
54572
54574
54576
54578
54583
54585
54586
54589
54590
54591
54593
54596
54599
54600
54601
54602
54603
54614
54619
54622
54624
54625
54628
54631
54634
54638
54641
54642
54651
54654
54656
54660
54664
54665
54667
54668
54670
54671
54674
54678
54679
54682
54683
54684
54686
54688
54691
54697
54704
54705
54707
54709
54712
54713
54714
54716
54717
54718
54722
54731
54732
54733
54734
54737
54738
54739
54748
54749
54752
54753
54754
54756
54758
54759
54762
54770
54774
54777
54778
54779
54782
54784
54788
54789
54794
54799
54800
54802
54810
54811
54813
54814
54818
54824
54830
54832
54834
54837
54843
54853
54855
54859
54860
54861
54865
54866
54871
54872
54873
54874
54876
54878
54879
54880
54882
54884
54886
54887
54891
54892
54894
54896
54897
54900
54903
54907
54908
54912
54917
54919
54920
54922
54925
54929
54933
54935
54936
54946
54954
54958
54961
54962
54965
54967
54968
54975
54976
54977
54984
54985
54986
54988
54991
54992
54993
54994
54997
55000
55007
55008
55010
55014
55016
55019
55020
55026
55027
55029
55030
55034
55037
55039
55042
55045
55047
55049
55060
55062
55064
55066
55068
55071
55073
55075
55076
55078
55081
55084
55085
55088
55089
55090
55097
55098
55100
55115
55117
55120
55122
55123
55125
55126
55127
55131
55140
55146
55147
55149
55150
55151
55152
55162
55164
55168
55169
55170
55171
55172
55173
55174
55176
55178
55185
55186
55188
55190
55203
55205
55207
55208
55210
55211
55218
55224
55227
55232
55235
55238
55240
55247
55252
55254
55257
55258
55259
55260
55266
55277
55279
55283
55284
55287
55288
55294
55296
55299
55304
55305
55308
55311
55312
55313
55314
55316
55320
55321
55330
55331
55344
55347
55348
55350
55354
55355
55357
55358
55361
55363
55365
55367
55368
55372
55377
55378
55384
55385
55394
55400
55402
55403
55404
55411
55414
55417
55419
55421
55422
55424
55425
55428
55429
55432
55434
55438
55442
55445
55447
55448
55452
55464
55465
55472
55477
55478
55479
55483
55484
55488
55491
55492
55497
55499
55503
55510
55512
55521
55523
55531
55534
55535
55545
55546
55547
55552
55555
55557
55559
55560
55561
55566
55570
55571
55574
55575
55578
55579
55582
55588
55591
55592
55599
55600
55601
55602
55603
55606
55609
55610
55615
55616
55618
55619
55624
55637
55639
55643
55645
55647
55649
55650
55654
55656
55657
55662
55664
55665
55666
55668
55671
55673
55676
55683
55684
55685
55687
55689
55690
55691
55699
55700
55703
55704
55705
55710
55716
55717
55718
55721
55723
55724
55725
55729
55730
55733
55734
55735
55736
55737
55739
55740
55743
55746
55747
55748
55749
55750
55762
55763
55767
55771
55776
55779
55782
55786
55789
55791
55792
55796
55797
55800
55803
55805
55807
55809
55810
55813
55818
55819
55821
55826
55831
55833
55834
55839
55842
55851
55852
55853
55866
55868
55871
55872
55877
55879
55881
55891
55893
55897
55901
55902
55903
55911
55913
55915
55918
55924
55927
55930
55932
55933
55938
55941
55942
55943
55945
55946
55950
55954
55956
55957
55958
55959
55965
55968
55971
55975
55976
55977
55983
55985
55991
55993
56000
56001
56004
56006
56017
56018
56030
56035
56040
56044
56048
56051
56055
56056
56057
56062
56073
56075
56076
56077
56080
56081
56082
56084
56088
56091
56092
56093
56094
56095
56096
56099
56107
56108
56111
56121
56124
56127
56129
56132
56133
56139
56142
56149
56150
56154
56156
56157
56161
56162
56163
56166
56167
56169
56172
56174
56175
56176
56177
56178
56181
56182
56195
56197
56198
56199
56200
56201
56207
56209
56212
56216
56222
56227
56229
56235
56239
56241
56245
56253
56254
56255
56259
56260
56262
56264
56265
56268
56273
56274
56275
56276
56277
56284
56285
56286
56290
56293
56296
56298
56299
56301
56303
56304
56310
56316
56317
56320
56325
56332
56340
56342
56343
56348
56349
56352
56354
56360
56363
56367
56368
56370
56373
56378
56386
56393
56396
56398
56403
56404
56407
56411
56419
56421
56422
56425
56430
56435
56437
56441
56443
56445
56449
56450
56454
56456
56458
56460
56464
56465
56467
56468
56470
56475
56484
56485
56488
56490
56492
56496
56497
56498
56501
56502
56504
56506
56507
56513
56514
56518
56519
56526
56533
56535
56536
56540
56541
56545
56546
56548
56551
56554
56557
56562
56564
56566
56568
56570
56571
56574
56578
56581
56586
56593
56595
56603
56604
56606
56617
56623
56627
56628
56632
56633
56634
56637
56640
56641
56643
56648
56657
56668
56672
56675
56677
56682
56684
56685
56687
56688
56690
56691
56696
56698
56699
56701
56703
56708
56711
56713
56715
56720
56723
56724
56728
56729
56730
56731
56732
56733
56736
56738
56744
56745
56751
56754
56763
56767
56768
56772
56773
56775
56776
56779
56784
56785
56788
56795
56797
56807
56812
56816
56821
56826
56830
56833
56837
56839
56845
56847
56848
56852
56855
56859
56860
56862
56874
56885
56887
56890
56891
56892
56893
56896
56897
56899
56900
56902
56903
56910
56911
56912
56913
56917
56923
56925
56928
56929
56932
56937
56944
56945
56950
56958
56960
56966
56968
56973
56976
56978
56980
56987
56991
56994
56995
56996
56999
57003
57013
57017
57018
57020
57021
57026
57028
57030
57032
57036
57039
57040
57042
57043
57047
57049
57050
57052
57053
57054
57058
57060
57062
57064
57069
57070
57073
57074
57080
57081
57085
57089
57091
57099
57101
57104
57106
57107
57109
57114
57115
57121
57124
57125
57128
57131
57134
57135
57138
57143
57146
57147
57148
57149
57150
57156
57158
57172
57176
57177
57179
57182
57184
57186
57187
57189
57194
57198
57208
57223
57226
57230
57235
57239
57244
57247
57250
57259
57260
57267
57271
57274
57277
57278
57280
57283
57284
57287
57288
57290
57291
57298
57302
57306
57312
57313
57319
57326
57330
57331
57335
57345
57352
57354
57360
57361
57363
57364
57365
57367
57369
57370
57372
57373
57374
57376
57378
57380
57382
57385
57390
57391
57394
57400
57402
57406
57409
57411
57415
57419
57420
57421
57424
57426
57427
57431
57432
57438
57439
57447
57448
57450
57457
57458
57467
57477
57480
57484
57485
57489
57491
57496
57498
57499
57501
57507
57515
57518
57519
57521
57524
57530
57536
57537
57540
57542
57548
57549
57550
57551
57558
57563
57567
57571
57578
57579
57583
57584
57585
57586
57587
57597
57601
57602
57603
57608
57610
57611
57616
57623
57624
57629
57634
57637
57643
57646
57647
57648
57651
57653
57655
57657
57659
57660
57661
57663
57664
57671
57675
57677
57678
57680
57683
57685
57686
57687
57691
57692
57694
57705
57706
57708
57709
57710
57712
57713
57714
57715
57716
57725
57727
57728
57731
57732
57733
57734
57735
57739
57744
57749
57750
57752
57755
57756
57762
57764
57765
57773
57775
57784
57787
57796
57799
57802
57804
57805
57811
57818
57831
57834
57835
57836
57841
57846
57848
57857
57859
57861
57863
57864
57865
57867
57870
57871
57873
57874
57878
57879
57880
57881
57883
57885
57890
57892
57894
57896
57899
57900
57902
57905
57906
57908
57918
57927
57928
57930
57932
57934
57935
57939
57946
57947
57948
57952
57953
57955
57957
57958
57959
57960
57961
57962
57963
57966
57971
57973
57977
57981
57982
57986
57989
57992
57994
57996
57998
57999
58001
58003
58007
58008
58009
58011
58013
58017
58022
58025
58027
58029
58038
58039
58047
58055
58058
58063
58064
58066
58068
58070
58076
58085
58087
58098
58100
58102
58108
58110
58114
58115
58117
58118
58122
58124
58126
58129
58133
58135
58136
58139
58140
58141
58143
58145
58156
58160
58163
58167
58170
58172
58173
58179
58185
58186
58188
58190
58191
58192
58193
58194
58196
58197
58199
58205
58206
58210
58216
58219
58220
58221
58225
58228
58230
58231
58236
58239
58242
58243
58244
58246
58248
58252
58263
58264
58268
58270
58271
58276
58277
58279
58282
58286
58288
58292
58299
58302
58304
58307
58310
58312
58313
58317
58320
58321
58328
58333
58341
58342
58344
58345
58347
58349
58350
58351
58356
58359
58364
58370
58371
58373
58374
58382
58391
58392
58397
58398
58399
58400
58405
58407
58408
58415
58418
58426
58428
58430
58431
58432
58435
58443
58444
58445
58446
58447
58448
58453
58457
58458
58459
58460
58469
58480
58484
58488
58490
58492
58495
58497
58507
58508
58509
58510
58511
58515
58516
58518
58525
58526
58532
58540
58541
58543
58550
58552
58553
58554
58555
58556
58558
58560
58562
58565
58567
58569
58576
58578
58581
58582
58585
58586
58596
58597
58602
58603
58605
58607
58609
58614
58615
58623
58630
58631
58635
58638
58639
58640
58641
58643
58644
58648
58651
58652
58653
58655
58656
58660
58662
58664
58665
58666
58668
58672
58674
58675
58676
58680
58684
58686
58687
58691
58699
58704
58706
58708
58709
58710
58718
58720
58721
58723
58732
58733
58739
58740
58743
58744
58745
58746
58753
58755
58756
58760
58762
58763
58765
58768
58772
58773
58774
58784
58788
58791
58793
58794
58795
58796
58801
58802
58803
58804
58807
58809
58811
58814
58815
58832
58837
58839
58848
58852
58854
58857
58858
58859
58864
58865
58866
58870
58871
58872
58875
58879
58881
58884
58885
58893
58905
58906
58911
58913
58916
58925
58928
58930
58934
58941
58944
58946
58955
58957
58958
58961
58963
58981
58983
58986
58988
58995
58996
58999
59009
59010
59014
59015
59017
59023
59024
59026
59028
59030
59031
59033
59035
59036
59037
59040
59041
59050
59051
59054
59055
59056
59065
59073
59075
59076
59085
59087
59088
59090
59092
59093
59097
59098
59100
59102
59103
59112
59116
59118
59119
59120
59121
59126
59128
59132
59136
59137
59140
59142
59144
59145
59147
59149
59154
59157
59168
59171
59174
59179
59190
59191
59196
59197
59199
59207
59209
59210
59215
59217
59218
59224
59225
59229
59231
59234
59237
59241
59242
59250
59255
59256
59266
59271
59282
59285
59288
59291
59295
59296
59298
59302
59309
59311
59313
59315
59317
59319
59321
59323
59324
59331
59334
59338
59339
59347
59348
59352
59358
59359
59360
59361
59364
59365
59367
59372
59375
59376
59379
59381
59384
59385
59386
59388
59390
59391
59392
59394
59399
59400
59401
59405
59424
59429
59431
59432
59433
59434
59438
59441
59443
59446
59447
59450
59452
59453
59462
59465
59467
59469
59474
59476
59478
59489
59490
59499
59501
59503
59504
59505
59508
59511
59513
59514
59515
59517
59518
59523
59526
59533
59535
59537
59540
59543
59544
59545
59550
59552
59554
59559
59560
59562
59576
59581
59582
59584
59589
59591
59592
59597
59600
59601
59609
59610
59613
59614
59616
59617
59618
59621
59626
59629
59631
59632
59633
59635
59637
59639
59643
59645
59648
59654
59657
59666
59668
59670
59676
59678
59682
59683
59684
59689
59692
59696
59700
59704
59710
59712
59714
59719
59724
59725
59728
59729
59732
59733
59736
59737
59740
59742
59745
59750
59752
59753
59756
59760
59761
59768
59771
59780
59789
59797
59799
59800
59803
59805
59806
59808
59809
59815
59818
59823
59824
59826
59827
59831
59833
59835
59836
59840
59842
59845
59846
59849
59854
59855
59867
59868
59885
59886
59887
59890
59891
59892
59894
59895
59903
59907
59911
59914
59917
59918
59922
59923
59924
59927
59930
59932
59933
59934
59935
59936
59940
59941
59942
59945
59948
59950
59951
59965
59978
59980
59993
59995
59997
59998
60004
60006
60011
60013
60018
60019
60026
60031
60039
60041
60042
60044
60045
60049
60051
60052
60054
60059
60065
60066
60067
60068
60069
60071
60073
60083
60084
60086
60089
60090
60092
60097
60098
60101
60104
60110
60112
60118
60120
60128
60129
60131
60134
60135
60136
60137
60138
60139
60140
60141
60146
60152
60154
60157
60158
60161
60163
60166
60167
60170
60172
60173
60175
60184
60190
60199
60200
60213
60216
60218
60222
60223
60227
60236
60240
60257
60258
60261
60263
60271
60273
60275
60277
60279
60286
60289
60292
60298
60299
60300
60305
60314
60318
60320
60321
60322
60333
60335
60345
60347
60351
60352
60353
60356
60358
60360
60361
60362
60364
60366
60368
60369
60374
60376
60379
60387
60389
60390
60391
60394
60400
60403
60404
60408
60414
60422
60427
60431
60434
60442
60444
60447
60450
60453
60456
60457
60458
60461
60466
60467
60468
60471
60472
60473
60476
60477
60478
60479
60482
60487
60488
60489
60491
60495
60500
60501
60503
60504
60507
60509
60515
60521
60523
60526
60529
60534
60540
60542
60544
60545
60546
60550
60552
60559
60564
60565
60566
60568
60569
60574
60575
60577
60585
60591
60593
60595
60614
60619
60622
60628
60634
60635
60637
60640
60641
60643
60644
60646
60651
60658
60666
60669
60670
60671
60680
60683
60685
60689
60692
60693
60694
60696
60697
60699
60700
60703
60705
60707
60708
60714
60717
60719
60722
60726
60729
60733
60735
60736
60739
60742
60746
60750
60755
60757
60759
60766
60771
60774
60776
60780
60781
60783
60785
60786
60789
60793
60796
60797
60806
60807
60812
60814
60815
60816
60819
60820
60821
60822
60823
60826
60828
60829
60833
60840
60845
60847
60850
60854
60856
60875
60881
60883
60885
60892
60894
60895
60896
60898
60905
60908
60912
60922
60924
60932
60933
60935
60936
60937
60940
60943
60945
60948
60956
60958
60961
60963
60966
60971
60973
60975
60979
60980
60988
60993
60994
60999
61000
61002
61004
61007
61008
61010
61012
61013
61019
61021
61027
61028
61030
61031
61038
61042
61049
61050
61060
61065
61069
61073
61075
61084
61086
61093
61098
61101
61103
61104
61105
61107
61110
61113
61122
61126
61129
61133
61135
61137
61138
61141
61144
61146
61147
61155
61158
61161
61165
61180
61191
61195
61198
61199
61203
61205
61209
61210
61213
61218
61222
61224
61226
61227
61228
61230
61236
61237
61239
61240
61248
61249
61253
61254
61259
61265
61275
61276
61280
61284
61287
61288
61295
61296
61299
61300
61302
61306
61307
61315
61319
61323
61329
61330
61333
61342
61345
61346
61355
61357
61359
61360
61361
61364
61366
61368
61369
61374
61380
61382
61384
61386
61389
61390
61391
61393
61394
61396
61399
61400
61403
61413
61416
61426
61429
61430
61432
61434
61440
61444
61446
61447
61449
61454
61457
61463
61468
61476
61477
61481
61482
61483
61492
61498
61499
61500
61502
61503
61505
61516
61520
61521
61522
61523
61525
61529
61530
61531
61533
61534
61536
61538
61539
61540
61544
61545
61546
61551
61552
61553
61555
61557
61565
61574
61577
61587
61590
61593
61598
61602
61603
61607
61608
61611
61614
61620
61621
61622
61624
61629
61630
61631
61633
61636
61641
61642
61643
61645
61646
61648
61649
61652
61653
61654
61658
61659
61662
61663
61665
61667
61674
61675
61677
61681
61687
61692
61694
61696
61700
61717
61720
61722
61725
61731
61733
61737
61742
61746
61747
61752
61759
61765
61772
61774
61778
61779
61782
61785
61786
61789
61790
61791
61795
61798
61801
61804
61806
61807
61810
61811
61819
61822
61823
61831
61838
61842
61845
61847
61850
61859
61863
61866
61869
61871
61873
61877
61880
61883
61884
61887
61889
61896
61897
61901
61902
61909
61911
61912
61914
61915
61919
61923
61924
61931
61933
61942
61944
61947
61948
61951
61955
61963
61966
61971
61974
61982
61983
61984
61985
61990
61992
61995
62001
62004
62009
62013
62014
62019
62020
62024
62025
62027
62031
62032
62033
62034
62036
62039
62040
62041
62049
62052
62056
62060
62061
62062
62064
62069
62076
62082
62083
62084
62085
62086
62088
62093
62096
62104
62105
62108
62112
62114
62117
62121
62122
62125
62126
62132
62135
62136
62139
62140
62142
62144
62151
62152
62154
62165
62166
62167
62168
62169
62170
62171
62172
62174
62177
62178
62180
62182
62183
62186
62189
62193
62194
62196
62198
62206
62207
62213
62217
62228
62229
62230
62231
62234
62235
62236
62237
62239
62240
62241
62244
62253
62254
62258
62259
62260
62261
62269
62273
62274
62275
62278
62279
62287
62294
62296
62297
62298
62300
62302
62305
62307
62309
62311
62314
62316
62317
62318
62319
62325
62326
62328
62329
62334
62336
62339
62342
62343
62344
62351
62354
62355
62358
62362
62363
62365
62368
62374
62375
62378
62388
62391
62392
62400
62404
62405
62406
62408
62409
62411
62413
62414
62416
62423
62424
62429
62431
62434
62437
62442
62443
62447
62449
62454
62455
62457
62458
62460
62462
62466
62479
62481
62484
62488
62494
62495
62504
62507
62514
62518
62520
62524
62525
62526
62527
62531
62532
62536
62546
62550
62560
62567
62572
62574
62577
62583
62584
62586
62587
62588
62589
62592
62595
62597
62600
62607
62611
62618
62621
62622
62623
62624
62625
62629
62631
62634
62636
62637
62638
62641
62649
62653
62657
62670
62674
62676
62677
62679
62680
62691
62695
62697
62699
62700
62704
62706
62708
62712
62715
62721
62727
62729
62741
62743
62744
62745
62753
62754
62755
62756
62761
62762
62763
62768
62774
62778
62781
62782
62783
62786
62787
62788
62790
62792
62795
62796
62797
62798
62801
62805
62807
62808
62810
62813
62817
62824
62828
62830
62831
62833
62848
62850
62851
62855
62861
62862
62873
62883
62885
62887
62889
62896
62898
62900
62904
62905
62907
62910
62911
62912
62919
62922
62923
62924
62929
62933
62937
62938
62940
62943
62944
62946
62948
62949
62951
62953
62955
62963
62964
62966
62970
62973
62975
62978
62981
62987
62993
62997
62998
63003
63004
63007
63008
63011
63016
63019
63024
63029
63030
63037
63040
63044
63049
63055
63061
63064
63065
63066
63072
63074
63080
63082
63083
63085
63088
63090
63094
63096
63098
63101
63102
63109
63110
63113
63119
63123
63131
63132
63135
63137
63140
63142
63144
63149
63162
63164
63166
63171
63174
63175
63179
63182
63184
63188
63192
63193
63197
63200
63203
63204
63205
63208
63218
63219
63222
63224
63226
63227
63234
63235
63241
63242
63247
63248
63254
63256
63258
63261
63265
63270
63274
63276
63282
63283
63284
63285
63290
63291
63292
63294
63296
63305
63309
63310
63317
63318
63327
63328
63331
63332
63337
63340
63341
63348
63350
63352
63353
63358
63360
63366
63369
63371
63375
63379
63381
63385
63386
63387
63389
63390
63409
63410
63413
63414
63415
63417
63418
63419
63421
63422
63424
63425
63426
63429
63430
63432
63433
63444
63446
63449
63452
63456
63457
63460
63472
63475
63479
63481
63483
63486
63487
63489
63490
63503
63504
63506
63511
63512
63519
63520
63522
63525
63528
63531
63532
63536
63542
63544
63547
63550
63560
63562
63563
63565
63574
63575
63576
63581
63582
63585
63587
63592
63595
63600
63605
63613
63618
63620
63622
63625
63626
63628
63632
63633
63634
63638
63641
63645
63646
63647
63656
63658
63659
63661
63667
63671
63674
63679
63680
63682
63686
63693
63703
63704
63705
63710
63712
63713
63716
63717
63723
63724
63725
63728
63730
63733
63737
63740
63743
63744
63756
63767
63774
63779
63785
63786
63798
63799
63802
63805
63809
63811
63812
63815
63816
63818
63826
63833
63834
63836
63839
63840
63842
63844
63845
63847
63853
63854
63856
63858
63862
63865
63881
63883
63885
63887
63889
63893
63897
63898
63901
63903
63910
63913
63918
63921
63926
63928
63931
63938
63942
63947
63949
63956
63957
63965
63966
63967
63970
63973
63974
63975
63976
63978
63985
63987
63990
63991
63993
63995
64001
64008
64021
64023
64024
64026
64034
64035
64037
64039
64041
64042
64053
64057
64070
64072
64076
64077
64085
64092
64094
64100
64103
64104
64106
64109
64113
64115
64120
64121
64123
64125
64126
64127
64128
64131
64134
64136
64140
64141
64143
64151
64154
64159
64161
64162
64167
64171
64174
64175
64180
64185
64186
64188
64190
64191
64193
64195
64198
64200
64202
64203
64204
64206
64213
64216
64219
64228
64229
64234
64239
64242
64243
64244
64249
64252
64254
64255
64258
64262
64263
64264
64266
64268
64270
64271
64274
64283
64284
64285
64287
64289
64290
64291
64294
64301
64303
64304
64307
64309
64311
64316
64320
64324
64325
64328
64329
64330
64334
64336
64341
64343
64345
64346
64347
64348
64359
64360
64366
64369
64371
64373
64375
64383
64386
64387
64388
64389
64390
64391
64396
64398
64401
64404
64410
64412
64413
64415
64416
64425
64430
64431
64436
64437
64440
64442
64444
64450
64453
64455
64459
64462
64463
64467
64472
64475
64476
64481
64487
64494
64495
64500
64506
64512
64517
64524
64528
64532
64533
64548
64549
64550
64552
64558
64559
64562
64568
64570
64574
64579
64583
64584
64588
64590
64591
64594
64596
64599
64603
64605
64606
64607
64608
64610
64616
64617
64618
64620
64621
64644
64645
64648
64650
64651
64662
64666
64667
64669
64671
64672
64676
64678
64681
64682
64683
64687
64688
64699
64701
64702
64706
64708
64709
64713
64714
64715
64725
64735
64736
64738
64744
64746
64749
64751
64753
64755
64757
64760
64764
64768
64770
64774
64776
64777
64779
64787
64790
64794
64796
64797
64798
64800
64811
64817
64819
64821
64823
64825
64829
64831
64832
64833
64834
64839
64843
64844
64847
64852
64855
64859
64864
64875
64881
64885
64888
64892
64897
64899
64901
64908
64911
64915
64916
64917
64920
64922
64932
64933
64937
64939
64940
64941
64942
64944
64954
64955
64956
64960
64961
64962
64963
64966
64969
64973
64974
64979
64985
64994
64997
64998
65002
65003
65004
65007
65019
65020
65022
65023
65028
65031
65037
65038
65041
65042
65043
65048
65060
65065
65068
65069
65071
65084
65088
65090
65094
65098
65105
65109
65120
65127
65128
65129
65130
65132
65134
65137
65138
65144
65147
65152
65154
65157
65162
65165
65166
65169
65173
65174
65175
65178
65179
65180
65181
65186
65189
65190
65191
65194
65195
65199
65202
65209
65210
65214
65217
65220
65222
65223
65225
65232
65239
65244
65246
65250
65259
65262
65263
65264
65266
65267
65269
65274
65275
65285
65290
65293
65294
65304
65309
65311
65316
65319
65321
65325
65326
65332
65335
65337
65340
65342
65343
65345
65350
65352
65353
65357
65359
65363
65365
65369
65372
65377
65381
65386
65387
65388
65392
65394
65400
65405
65408
65415
65418
65420
65428
65441
65442
65446
65451
65455
65461
65463
65469
65474
65481
65482
65484
65487
65490
65493
65497
65501
65512
65523
65526
65530
65531
65534
65538
65542
65548
65549
65552
65557
65562
65566
65573
65574
65575
65581
65585
65588
65590
65591
65593
65594
65599
65601
65602
65603
65605
65606
65609
65612
65615
65616
65618
65619
65620
65622
65625
65626
65633
65634
65635
65638
65639
65641
65643
65644
65651
65653
65655
65656
65657
65660
65662
65663
65669
65672
65680
65690
65691
65692
65693
65694
65695
65703
65711
65713
65714
65715
65720
65721
65722
65724
65726
65729
65732
65734
65735
65738
65743
65752
65755
65756
65758
65759
65764
65765
65770
65771
65774
65775
65779
65782
65785
65786
65788
65789
65790
65794
65804
65810
65812
65813
65815
65818
65819
65824
65826
65827
65829
65834
65837
65841
65844
65851
65856
65857
65860
65864
65870
65874
65876
65878
65883
65885
65886
65892
65896
65903
65912
65916
65920
65921
65922
65926
65933
65937
65938
65944
65945
65948
65950
65955
65956
65966
65967
65968
65974
65979
65981
65982
65983
65984
65986
65987
65994
65999
66002
66008
66009
66012
66015
66022
66025
66027
66029
66031
66034
66035
66044
66049
66055
66059
66060
66063
66064
66073
66078
66080
66081
66094
66095
66098
66100
66103
66107
66109
66110
66115
66117
66127
66128
66129
66131
66132
66135
66144
66146
66148
66150
66152
66155
66157
66158
66160
66161
66163
66167
66171
66175
66177
66181
66188
66198
66200
66202
66203
66209
66212
66213
66217
66218
66219
66234
66238
66245
66248
66251
66252
66255
66256
66258
66269
66271
66275
66278
66281
66283
66286
66291
66303
66307
66308
66310
66311
66319
66320
66321
66324
66326
66334
66338
66339
66341
66342
66344
66345
66347
66351
66352
66354
66357
66360
66361
66364
66370
66371
66388
66397
66402
66406
66407
66408
66412
66413
66414
66418
66420
66429
66431
66433
66434
66438
66439
66441
66443
66445
66448
66452
66457
66463
66465
66467
66476
66480
66482
66483
66484
66485
66489
66491
66495
66499
66501
66503
66509
66511
66515
66516
66519
66540
66544
66549
66552
66553
66559
66564
66565
66566
66568
66570
66577
66579
66592
66593
66594
66595
66597
66599
66604
66609
66612
66616
66617
66622
66633
66634
66635
66640
66641
66643
66650
66651
66655
66662
66664
66671
66675
66678
66679
66682
66690
66695
66696
66697
66702
66703
66706
66708
66710
66711
66714
66715
66721
66722
66725
66726
66728
66743
66745
66746
66753
66754
66757
66761
66764
66765
66767
66768
66769
66773
66781
66782
66785
66793
66795
66799
66800
66803
66809
66814
66822
66828
66830
66832
66833
66834
66836
66841
66842
66844
66848
66853
66856
66860
66861
66862
66863
66872
66873
66874
66880
66885
66886
66887
66895
66897
66900
66902
66905
66909
66910
66924
66925
66931
66933
66935
66938
66939
66952
66953
66956
66957
66961
66962
66965
66968
66977
66980
66983
66985
66988
66990
66995
67003
67011
67019
67020
67022
67025
67030
67031
67034
67035
67038
67041
67043
67046
67052
67054
67055
67056
67058
67060
67063
67067
67074
67076
67079
67080
67084
67091
67092
67093
67100
67102
67109
67116
67118
67124
67128
67132
67134
67137
67138
67139
67140
67142
67144
67145
67147
67152
67154
67157
67161
67163
67170
67171
67172
67173
67175
67178
67180
67181
67186
67194
67195
67196
67197
67203
67205
67206
67207
67210
67211
67214
67216
67219
67229
67232
67234
67235
67236
67244
67247
67248
67251
67263
67264
67267
67274
67277
67278
67288
67292
67295
67299
67300
67301
67304
67309
67312
67318
67319
67324
67330
67336
67337
67339
67350
67356
67358
67366
67369
67370
67379
67383
67385
67386
67394
67401
67402
67409
67412
67424
67430
67435
67440
67441
67442
67443
67444
67450
67453
67459
67469
67473
67476
67479
67481
67485
67487
67489
67490
67495
67501
67505
67515
67518
67519
67523
67525
67528
67542
67546
67548
67550
67551
67553
67559
67561
67566
67570
67574
67579
67580
67581
67586
67587
67590
67599
67602
67604
67606
67611
67614
67615
67619
67622
67623
67625
67628
67631
67634
67638
67642
67645
67648
67652
67654
67665
67666
67669
67671
67673
67675
67678
67683
67686
67688
67689
67690
67691
67694
67695
67697
67700
67704
67708
67714
67716
67721
67722
67723
67726
67733
67737
67739
67740
67742
67743
67748
67750
67755
67759
67763
67765
67767
67769
67770
67771
67773
67774
67781
67782
67786
67789
67793
67796
67803
67813
67814
67815
67817
67818
67826
67827
67831
67832
67841
67843
67844
67847
67855
67858
67860
67865
67875
67884
67886
67894
67895
67897
67899
67900
67906
67907
67909
67915
67920
67921
67922
67924
67926
67927
67934
67935
67937
67939
67941
67942
67943
67944
67948
67953
67955
67981
67982
67983
67984
67990
67993
67997
68002
68008
68009
68011
68012
68022
68028
68030
68032
68042
68045
68049
68051
68059
68060
68061
68065
68072
68079
68080
68085
68086
68088
68092
68094
68096
68097
68099
68103
68112
68115
68117
68118
68124
68125
68131
68135
68137
68139
68142
68144
68145
68146
68148
68154
68159
68163
68166
68168
68170
68171
68174
68184
68186
68188
68191
68194
68196
68202
68208
68211
68213
68214
68215
68218
68219
68220
68224
68227
68233
68234
68238
68239
68241
68244
68245
68250
68255
68261
68266
68268
68272
68279
68284
68289
68290
68302
68306
68309
68310
68315
68316
68318
68320
68322
68326
68329
68331
68334
68336
68337
68338
68342
68343
68347
68355
68356
68359
68367
68369
68371
68373
68375
68387
68388
68397
68411
68412
68413
68417
68420
68421
68422
68423
68424
68430
68431
68439
68443
68453
68462
68465
68466
68467
68471
68476
68480
68481
68488
68496
68497
68498
68499
68500
68507
68510
68516
68517
68518
68520
68522
68526
68529
68530
68534
68535
68537
68539
68541
68542
68544
68554
68561
68570
68578
68581
68583
68587
68588
68595
68600
68605
68607
68613
68614
68619
68625
68626
68628
68634
68635
68640
68641
68642
68643
68645
68646
68648
68658
68664
68666
68667
68671
68672
68675
68676
68680
68687
68690
68694
68701
68704
68710
68714
68719
68721
68723
68732
68737
68738
68740
68744
68747
68761
68763
68767
68770
68771
68783
68792
68796
68804
68808
68812
68816
68818
68826
68827
68833
68835
68836
68841
68843
68846
68855
68858
68859
68865
68866
68870
68872
68879
68880
68882
68886
68889
68894
68895
68896
68897
68905
68915
68924
68929
68934
68935
68938
68939
68941
68943
68951
68952
68957
68961
68967
68968
68973
68974
68975
68980
68982
68984
68991
68992
68994
68995
68999
69000
69010
69011
69013
69016
69018
69021
69022
69023
69024
69026
69030
69031
69033
69034
69036
69040
69051
69052
69053
69055
69058
69061
69062
69064
69065
69067
69072
69084
69089
69090
69097
69098
69100
69101
69104
69105
69106
69107
69110
69112
69113
69125
69128
69130
69135
69138
69140
69142
69143
69144
69152
69157
69159
69162
69164
69169
69177
69179
69181
69183
69184
69186
69195
69200
69208
69223
69224
69231
69234
69235
69242
69244
69248
69250
69252
69253
69255
69269
69271
69274
69275
69278
69281
69289
69292
69295
69296
69297
69298
69299
69301
69307
69311
69319
69321
69322
69328
69330
69332
69342
69345
69346
69359
69364
69367
69369
69370
69374
69377
69379
69386
69389
69392
69393
69404
69405
69410
69413
69414
69417
69425
69428
69432
69433
69434
69435
69441
69442
69449
69452
69453
69456
69460
69462
69463
69464
69467
69468
69477
69479
69481
69482
69484
69488
69489
69493
69494
69498
69502
69504
69506
69514
69516
69517
69522
69523
69525
69528
69529
69532
69535
69536
69542
69543
69545
69547
69549
69552
69554
69569
69572
69581
69588
69591
69595
69604
69605
69609
69614
69620
69621
69627
69628
69631
69637
69639
69641
69644
69650
69662
69665
69666
69668
69669
69675
69679
69682
69689
69699
69701
69705
69707
69710
69714
69716
69719
69723
69724
69727
69737
69738
69739
69741
69743
69744
69745
69748
69749
69755
69759
69762
69764
69767
69769
69773
69779
69780
69781
69782
69787
69793
69794
69798
69799
69813
69821
69822
69830
69834
69838
69840
69843
69848
69849
69853
69855
69857
69859
69867
69875
69879
69880
69883
69888
69892
69898
69905
69907
69909
69917
69921
69924
69927
69930
69933
69940
69942
69951
69961
69963
69969
69976
69978
69979
69986
69989
69998
70003
70006
70015
70018
70020
70028
70032
70042
70044
70060
70062
70071
70073
70078
70083
70090
70094
70095
70096
70097
70110
70118
70120
70126
70131
70133
70134
70137
70141
70153
70156
70157
70168
70173
70176
70178
70180
70188
70194
70196
70198
70199
70202
70207
70208
70211
70215
70216
70218
70227
70229
70232
70235
70237
70238
70239
70245
70248
70252
70253
70256
70261
70263
70264
70266
70269
70270
70272
70276
70283
70290
70295
70297
70298
70299
70306
70307
70313
70315
70323
70325
70327
70329
70336
70337
70338
70355
70358
70360
70364
70368
70370
70371
70374
70376
70382
70386
70387
70392
70394
70398
70400
70402
70403
70410
70417
70420
70421
70422
70433
70435
70437
70438
70439
70446
70449
70453
70454
70466
70469
70470
70471
70474
70481
70484
70487
70489
70491
70492
70493
70504
70507
70508
70510
70518
70521
70523
70524
70526
70527
70528
70529
70531
70535
70538
70540
70541
70543
70545
70548
70549
70550
70552
70556
70564
70566
70571
70572
70573
70575
70576
70577
70580
70591
70592
70595
70598
70599
70605
70607
70609
70614
70617
70618
70626
70627
70628
70629
70630
70644
70645
70648
70653
70655
70661
70665
70668
70672
70676
70683
70687
70691
70696
70699
70700
70702
70703
70704
70706
70721
70723
70724
70725
70728
70729
70732
70740
70744
70753
70754
70755
70757
70760
70763
70764
70765
70771
70774
70798
70807
70808
70809
70810
70811
70813
70819
70822
70827
70828
70830
70834
70837
70839
70845
70846
70848
70850
70851
70853
70854
70855
70857
70859
70862
70863
70876
70877
70880
70882
70884
70887
70892
70897
70902
70903
70904
70905
70910
70912
70915
70916
70920
70922
70923
70936
70937
70939
70941
70942
70946
70951
70955
70966
70967
70971
70974
70975
70976
70979
70984
70990
70992
70997
70998
71001
71005
71006
71007
71009
71011
71014
71015
71016
71017
71028
71033
71036
71037
71044
71047
71048
71049
71053
71055
71056
71057
71058
71064
71069
71072
71073
71076
71077
71078
71079
71083
71087
71088
71089
71093
71095
71096
71102
71103
71116
71119
71121
71122
71123
71128
71129
71135
71136
71143
71144
71151
71154
71157
71160
71163
71166
71171
71174
71176
71179
71183
71190
71192
71193
71203
71204
71205
71206
71207
71209
71222
71223
71227
71235
71249
71253
71254
71256
71265
71266
71268
71269
71273
71275
71277
71291
71294
71301
71306
71314
71316
71317
71318
71319
71324
71326
71332
71339
71340
71343
71346
71351
71357
71365
71370
71371
71372
71373
71376
71377
71378
71384
71389
71394
71395
71402
71403
71405
71411
71419
71420
71422
71426
71428
71431
71432
71436
71437
71439
71441
71442
71455
71458
71464
71465
71470
71477
71478
71479
71481
71483
71486
71488
71489
71495
71499
71512
71518
71523
71524
71525
71528
71530
71538
71541
71542
71545
71546
71547
71549
71554
71565
71568
71570
71575
71576
71580
71584
71586
71587
71590
71592
71594
71602
71603
71604
71605
71608
71614
71622
71623
71624
71626
71631
71632
71634
71641
71645
71647
71649
71651
71654
71655
71660
71662
71664
71666
71674
71677
71681
71683
71685
71688
71696
71698
71702
71703
71704
71706
71709
71715
71727
71728
71733
71734
71737
71739
71744
71748
71750
71751
71759
71761
71766
71767
71772
71774
71779
71780
71781
71786
71788
71790
71793
71797
71801
71802
71803
71805
71807
71810
71811
71812
71816
71823
71825
71828
71829
71835
71838
71849
71850
71853
71854
71855
71860
71878
71883
71891
71892
71893
71895
71898
71908
71915
71917
71920
71925
71929
71932
71934
71937
71945
71955
71960
71977
71979
71982
71983
71984
71995
71998
72000
72004
72005
72010
72011
72014
72019
72020
72022
72024
72031
72032
72033
72037
72043
72044
72048
72049
72051
72054
72056
72059
72060
72062
72064
72066
72070
72071
72077
72081
72082
72084
72086
72090
72091
72101
72102
72103
72107
72109
72113
72115
72116
72122
72127
72131
72132
72143
72146
72149
72150
72156
72159
72162
72166
72173
72176
72182
72184
72187
72204
72207
72216
72222
72228
72239
72242
72247
72251
72252
72256
72258
72259
72271
72274
72284
72292
72293
72296
72303
72308
72323
72324
72329
72335
72338
72345
72346
72354
72364
72368
72369
72370
72371
72372
72374
72375
72380
72382
72387
72388
72389
72391
72400
72404
72405
72407
72408
72412
72415
72425
72430
72432
72434
72437
72441
72444
72447
72451
72469
72474
72476
72490
72499
72502
72503
72525
72536
72537
72538
72539
72550
72555
72560
72572
72582
72588
72602
72606
72607
72608
72609
72611
72617
72620
72622
72624
72631
72632
72638
72643
72649
72651
72652
72653
72656
72665
72669
72674
72675
72676
72681
72686
72691
72694
72699
72700
72702
72705
72708
72718
72721
72723
72725
72730
72734
72735
72745
72755
72757
72760
72762
72764
72769
72770
72771
72773
72777
72780
72787
72801
72805
72806
72807
72808
72810
72811
72814
72824
72832
72834
72836
72847
72852
72860
72861
72866
72868
72869
72872
72873
72876
72879
72880
72888
72889
72891
72895
72896
72906
72912
72913
72915
72916
72925
72927
72929
72930
72932
72942
72945
72947
72949
72958
72961
72963
72966
72972
72975
72978
72983
72991
72993
73002
73005
73008
73018
73023
73028
73030
73039
73042
73043
73052
73053
73056
73060
73068
73075
73088
73090
73094
73095
73096
73099
73108
73115
73116
73123
73126
73129
73132
73133
73136
73142
73144
73146
73148
73154
73155
73158
73163
73165
73168
73169
73170
73175
73176
73177
73185
73186
73187
73189
73190
73192
73201
73210
73218
73221
73223
73229
73230
73231
73234
73235
73237
73246
73248
73249
73257
73258
73259
73260
73261
73267
73272
73273
73274
73278
73285
73286
73288
73290
73296
73298
73300
73301
73309
73310
73317
73321
73326
73329
73338
73339
73340
73341
73342
73344
73347
73348
73352
73353
73354
73359
73364
73366
73367
73369
73371
73372
73373
73379
73385
73387
73388
73390
73394
73396
73398
73401
73402
73406
73408
73410
73415
73418
73419
73423
73429
73432
73438
73439
73440
73450
73451
73455
73456
73460
73462
73465
73467
73471
73476
73482
73495
73509
73512
73513
73518
73522
73530
73533
73540
73541
73545
73546
73551
73552
73554
73555
73557
73558
73560
73568
73570
73574
73578
73579
73582
73583
73587
73592
73597
73604
73606
73608
73610
73611
73622
73627
73629
73630
73633
73635
73652
73655
73661
73662
73669
73672
73673
73674
73675
73677
73680
73681
73682
73685
73694
73698
73702
73704
73706
73708
73709
73713
73716
73719
73720
73722
73727
73729
73737
73747
73749
73755
73756
73757
73759
73762
73766
73774
73775
73778
73795
73797
73799
73802
73809
73819
73822
73823
73825
73826
73828
73829
73830
73832
73834
73845
73847
73851
73853
73861
73877
73885
73892
73895
73896
73897
73906
73908
73916
73918
73920
73935
73936
73938
73944
73948
73954
73955
73959
73971
73977
73989
73990
73991
74003
74004
74005
74011
74017
74021
74026
74027
74030
74031
74032
74036
74038
74040
74043
74045
74046
74050
74051
74060
74061
74068
74072
74076
74078
74082
74087
74092
74105
74106
74109
74113
74122
74124
74125
74132
74146
74157
74162
74164
74166
74170
74173
74178
74187
74192
74196
74197
74206
74208
74214
74228
74229
74244
74247
74251
74263
74267
74272
74279
74285
74287
74288
74293
74294
74297
74298
74299
74304
74313
74315
74316
74319
74333
74337
74345
74348
74352
74356
74358
74369
74379
74384
74388
74393
74399
74404
74406
74407
74408
74414
74415
74416
74419
74422
74424
74428
74431
74437
74438
74450
74451
74452
74455
74459
74460
74464
74466
74470
74472
74473
74478
74479
74482
74483
74484
74485
74487
74498
74499
74501
74503
74506
74508
74509
74512
74513
74514
74516
74517
74519
74529
74534
74537
74540
74543
74546
74549
74551
74552
74553
74554
74555
74557
74562
74563
74564
74566
74569
74570
74571
74574
74575
74576
74579
74582
74590
74593
74594
74596
74597
74601
74602
74603
74610
74611
74621
74622
74633
74634
74645
74650
74659
74660
74661
74674
74675
74681
74684
74685
74694
74696
74702
74710
74712
74715
74719
74722
74730
74735
74737
74740
74754
74756
74757
74761
74765
74770
74776
74788
74799
74800
74801
74806
74808
74813
74817
74824
74827
74828
74839
74845
74846
74849
74855
74862
74864
74872
74879
74880
74887
74890
74891
74892
74898
74901
74909
74910
74916
74923
74925
74926
74928
74933
74946
74954
74958
74960
74961
74962
74963
74965
74968
74972
74983
74984
74986
74988
74994
74995
75000
75009
75010
75013
75014
75019
75020
75022
75024
75029
75034
75038
75039
75050
75051
75053
75055
75058
75060
75062
75064
75065
75071
75074
75085
75086
75089
75091
75094
75098
75106
75109
75110
75113
75119
75122
75124
75125
75126
75130
75137
75138
75142
75143
75144
75149
75150
75154
75156
75159
75161
75166
75167
75177
75181
75199
75201
75203
75208
75211
75212
75213
75216
75223
75236
75252
75257
75259
75262
75264
75265
75275
75277
75283
75286
75292
75294
75296
75302
75307
75311
75315
75320
75322
75329
75332
75333
75335
75336
75343
75345
75346
75352
75353
75356
75367
75370
75371
75374
75376
75377
75380
75382
75383
75384
75385
75389
75398
75399
75401
75405
75408
75412
75414
75416
75418
75420
75423
75428
75430
75435
75442
75458
75459
75463
75466
75467
75473
75476
75480
75485
75488
75491
75492
75497
75502
75505
75509
75515
75526
75528
75532
75537
75543
75546
75548
75551
75553
75555
75559
75560
75564
75566
75567
75570
75571
75576
75579
75580
75582
75583
75585
75587
75590
75592
75593
75594
75598
75603
75605
75611
75612
75615
75619
75621
75631
75633
75635
75641
75644
75645
75647
75651
75652
75657
75661
75663
75664
75667
75674
75676
75679
75682
75683
75688
75689
75692
75695
75704
75708
75710
75721
75722
75728
75736
75740
75741
75743
75748
75750
75752
75755
75758
75759
75760
75763
75764
75767
75768
75770
75771
75772
75773
75776
75777
75782
75784
75785
75788
75789
75798
75807
75808
75811
75818
75821
75823
75824
75842
75843
75848
75856
75857
75859
75861
75864
75867
75870
75873
75874
75875
75881
75883
75885
75887
75888
75889
75890
75892
75898
75902
75911
75913
75914
75919
75922
75928
75931
75940
75945
75948
75952
75954
75956
75959
75963
75969
75970
75972
75980
75983
75993
75996
75997
75999
76011
76017
76018
76019
76023
76027
76036
76038
76043
76046
76051
76052
76057
76061
76068
76073
76076
76078
76082
76084
76087
76092
76109
76111
76115
76116
76118
76119
76125
76127
76135
76138
76139
76142
76148
76159
76161
76168
76170
76172
76173
76177
76179
76181
76182
76186
76190
76195
76196
76201
76206
76208
76211
76214
76225
76227
76228
76232
76242
76245
76247
76248
76249
76250
76251
76254
76256
76262
76269
76276
76280
76282
76283
76286
76290
76291
76293
76296
76299
76301
76304
76309
76311
76314
76320
76323
76330
76341
76342
76344
76346
76349
76351
76356
76365
76366
76371
76372
76375
76396
76397
76399
76401
76402
76405
76406
76408
76412
76417
76418
76422
76425
76428
76430
76435
76443
76447
76452
76454
76455
76457
76458
76459
76467
76473
76475
76478
76481
76482
76492
76493
76498
76501
76508
76511
76512
76514
76518
76528
76532
76533
76534
76535
76540
76553
76555
76556
76557
76558
76559
76560
76561
76568
76569
76571
76581
76586
76592
76594
76598
76604
76609
76619
76622
76631
76633
76634
76637
76645
76646
76662
76663
76665
76672
76675
76700
76702
76717
76720
76721
76722
76727
76731
76737
76739
76740
76742
76755
76758
76761
76762
76764
76770
76771
76777
76778
76781
76784
76786
76787
76790
76792
76797
76802
76803
76808
76812
76814
76817
76818
76822
76826
76835
76837
76849
76863
76866
76868
76873
76874
76877
76879
76885
76886
76890
76891
76898
76899
76901
76903
76908
76911
76919
76924
76925
76930
76934
76936
76947
76950
76959
76960
76963
76964
76965
76969
76976
76981
76984
76985
76989
76990
76991
76993
76994
76996
76997
76998
77000
77003
77011
77016
77018
77019
77025
77035
77041
77045
77052
77057
77061
77064
77078
77080
77083
77085
77086
77087
77090
77094
77096
77098
77099
77102
77114
77116
77118
77121
77135
77136
77144
77145
77147
77159
77162
77174
77176
77179
77184
77190
77201
77213
77214
77217
77218
77225
77227
77229
77236
77237
77242
77244
77246
77253
77260
77272
77273
77274
77275
77278
77290
77295
77296
77298
77299
77305
77309
77312
77313
77315
77317
77326
77328
77330
77333
77335
77342
77343
77346
77347
77348
77352
77356
77360
77361
77362
77374
77380
77387
77388
77389
77392
77394
77396
77397
77398
77399
77400
77401
77408
77411
77412
77414
77421
77426
77428
77430
77431
77434
77442
77443
77450
77459
77463
77466
77474
77476
77480
77483
77484
77493
77497
77501
77502
77506
77507
77511
77518
77522
77528
77530
77531
77532
77533
77543
77553
77554
77560
77567
77572
77573
77574
77577
77585
77589
77596
77600
77601
77603
77604
77611
77616
77622
77627
77629
77633
77638
77643
77647
77649
77650
77665
77666
77682
77684
77686
77687
77688
77695
77697
77702
77704
77718
77724
77726
77731
77733
77736
77742
77747
77748
77752
77754
77757
77770
77778
77780
77781
77785
77788
77789
77793
77796
77797
77799
77801
77808
77809
77814
77816
77819
77821
77826
77828
77845
77846
77853
77854
77859
77861
77863
77866
77870
77875
77876
77879
77880
77883
77885
77890
77892
77893
77895
77901
77904
77906
77907
77911
77916
77923
77926
77931
77932
77935
77939
77940
77943
77949
77956
77957
77959
77961
77976
77981
77982
77988
77989
77990
77991
77992
77996
78001
78004
78005
78014
78018
78019
78020
78021
78024
78025
78037
78046
78056
78062
78063
78067
78071
78076
78078
78082
78083
78084
78091
78096
78104
78112
78125
78128
78129
78142
78144
78145
78146
78148
78150
78156
78157
78161
78168
78180
78183
78185
78189
78190
78191
78192
78193
78195
78197
78198
78205
78206
78207
78220
78224
78229
78233
78235
78236
78238
78239
78246
78247
78250
78252
78259
78265
78267
78268
78272
78274
78275
78278
78285
78291
78294
78295
78303
78306
78313
78317
78319
78324
78325
78329
78331
78338
78340
78354
78355
78357
78361
78365
78371
78377
78381
78382
78386
78387
78389
78395
78398
78399
78400
78403
78404
78411
78415
78416
78419
78422
78423
78427
78434
78438
78440
78441
78443
78449
78452
78454
78456
78461
78472
78477
78479
78490
78495
78498
78503
78504
78505
78508
78512
78515
78521
78544
78548
78551
78553
78555
78557
78565
78566
78572
78575
78578
78580
78582
78588
78589
78590
78592
78594
78604
78610
78619
78625
78627
78640
78641
78645
78651
78655
78656
78659
78660
78661
78662
78666
78671
78673
78674
78675
78676
78685
78686
78691
78693
78694
78701
78705
78723
78724
78728
78729
78732
78738
78741
78748
78752
78753
78759
78761
78766
78774
78775
78780
78781
78782
78784
78791
78799
78800
78802
78806
78812
78814
78824
78825
78827
78828
78830
78831
78837
78838
78839
78842
78844
78856
78858
78863
78870
78874
78876
78881
78884
78885
78888
78890
78895
78896
78903
78904
78909
78910
78911
78913
78916
78922
78923
78928
78933
78949
78953
78957
78961
78962
78964
78966
78967
78971
78975
78979
78986
78989
79001
79012
79014
79023
79029
79039
79042
79046
79051
79054
79061
79063
79071
79075
79089
79091
79096
79100
79120
79124
79133
79136
79147
79148
79150
79151
79155
79159
79169
79170
79174
79178
79179
79180
79185
79191
79192
79196
79212
79226
79227
79229
79230
79240
79247
79249
79255
79263
79265
79275
79277
79278
79283
79288
79289
79291
79293
79296
79298
79299
79300
79305
79306
79309
79310
79312
79313
79314
79315
79317
79321
79324
79331
79338
79341
79342
79343
79344
79345
79346
79364
79369
79370
79383
79384
79386
79394
79396
79401
79402
79409
79414
79418
79427
79432
79434
79438
79439
79446
79453
79455
79458
79459
79462
79466
79467
79469
79474
79475
79476
79477
79480
79482
79485
79486
79488
79498
79500
79508
79518
79531
79533
79542
79543
79544
79552
79556
79563
79566
79583
79588
79593
79596
79601
79604
79606
79607
79611
79612
79617
79619
79625
79626
79631
79637
79639
79640
79644
79652
79654
79659
79661
79669
79676
79678
79680
79684
79686
79691
79693
79700
79701
79704
79706
79709
79711
79713
79715
79716
79717
79718
79720
79729
79733
79736
79744
79745
79748
79751
79760
79764
79772
79773
79777
79778
79784
79785
79795
79798
79799
79801
79803
79806
79807
79809
79812
79814
79817
79822
79823
79826
79827
79833
79844
79847
79848
79852
79859
79868
79880
79887
79896
79897
79900
79902
79904
79905
79911
79914
79915
79918
79931
79941
79950
79951
79952
79953
79958
79963
79972
79977
79979
79983
79987
79991
79996
79997
79998
80005
80010
80012
80015
80018
80019
80024
80037
80039
80046
80052
80054
80056
80062
80065
80069
80072
80075
80077
80087
80088
80097
80099
80104
80105
80106
80109
80112
80114
80117
80118
80122
80124
80129
80134
80141
80142
80143
80157
80159
80161
80162
80164
80167
80170
80175
80183
80192
80193
80194
80198
80201
80207
80208
80215
80233
80239
80241
80244
80248
80249
80250
80251
80253
80254
80258
80259
80260
80274
80277
80278
80282
80284
80291
80296
80302
80305
80307
80308
80312
80313
80316
80322
80329
80333
80338
80340
80341
80345
80348
80360
80362
80367
80371
80375
80377
80385
80388
80390
80391
80413
80415
80419
80426
80427
80430
80431
80436
80439
80444
80450
80455
80466
80468
80471
80475
80482
80485
80492
80493
80494
80498
80506
80508
80513
80516
80520
80522
80527
80545
80547
80548
80549
80558
80565
80566
80568
80571
80573
80581
80586
80587
80592
80597
80598
80604
80611
80615
80619
80622
80624
80628
80630
80634
80641
80645
80649
80663
80670
80672
80675
80681
80682
80685
80690
80691
80692
80697
80700
80706
80714
80725
80732
80734
80737
80742
80754
80762
80765
80772
80773
80776
80786
80791
80793
80796
80807
80809
80810
80812
80819
80827
80828
80831
80832
80843
80849
80853
80861
80863
80865
80866
80872
80873
80874
80875
80877
80878
80879
80885
80886
80888
80893
80900
80901
80903
80912
80913
80922
80941
80945
80954
80962
80969
80971
80974
80975
80978
80979
80983
80992
80993
80996
81002
81004
81006
81021
81027
81031
81033
81041
81049
81050
81055
81059
81061
81064
81065
81078
81081
81083
81084
81088
81096
81100
81102
81111
81122
81127
81129
81130
81132
81133
81148
81152
81153
81158
81160
81162
81163
81168
81172
81179
81180
81189
81192
81193
81196
81202
81206
81207
81213
81221
81223
81227
81232
81234
81235
81242
81244
81249
81253
81260
81263
81270
81271
81274
81280
81286
81288
81295
81297
81299
81300
81301
81305
81309
81310
81314
81316
81326
81330
81332
81333
81338
81341
81344
81345
81347
81351
81355
81358
81359
81367
81368
81371
81377
81379
81380
81383
81391
81393
81400
81402
81407
81408
81410
81416
81420
81421
81428
81430
81436
81440
81461
81465
81472
81475
81480
81485
81486
81487
81502
81506
81521
81523
81525
81530
81532
81533
81535
81537
81544
81559
81561
81563
81567
81572
81576
81578
81583
81584
81586
81588
81590
81591
81604
81605
81608
81611
81612
81613
81616
81619
81622
81632
81637
81640
81641
81646
81650
81651
81655
81657
81659
81664
81672
81676
81683
81684
81699
81702
81704
81712
81717
81723
81725
81726
81728
81732
81735
81739
81743
81747
81751
81753
81756
81765
81770
81771
81773
81783
81787
81789
81790
81796
81799
81800
81809
81815
81830
81836
81838
81842
81844
81846
81850
81855
81859
81861
81865
81867
81868
81874
81875
81878
81880
81890
81893
81897
81898
81902
81904
81906
81907
81917
81918
81925
81932
81937
81941
81946
81949
81954
81960
81969
81980
81981
81984
81987
81991
81994
81997
81998
82000
82006
82007
82012
82013
82015
82018
82024
82027
82036
82037
82043
82045
82048
82051
82052
82056
82060
82064
82067
82072
82073
82081
82083
82092
82094
82096
82097
82099
82104
82105
82106
82107
82109
82115
82117
82126
82131
82132
82137
82139
82143
82145
82146
82160
82161
82170
82180
82183
82184
82187
82191
82193
82194
82198
82199
82201
82204
82210
82222
82224
82232
82240
82244
82250
82253
82254
82255
82258
82259
82261
82262
82263
82266
82267
82270
82271
82277
82285
82287
82288
82290
82294
82297
82298
82301
82302
82305
82311
82314
82317
82319
82323
82324
82339
82344
82351
82359
82360
82370
82375
82381
82391
82395
82399
82400
82402
82412
82413
82419
82420
82427
82435
82442
82443
82446
82454
82455
82469
82472
82473
82474
82478
82481
82488
82494
82498
82501
82503
82504
82507
82508
82509
82510
82511
82512
82515
82516
82517
82529
82533
82541
82543
82544
82546
82551
82552
82564
82568
82569
82573
82578
82582
82583
82584
82587
82588
82589
82596
82597
82603
82606
82609
82612
82620
82621
82628
82629
82634
82637
82642
82648
82651
82653
82655
82659
82666
82675
82679
82680
82682
82689
82690
82694
82697
82704
82705
82708
82711
82713
82716
82718
82721
82723
82725
82734
82745
82749
82751
82755
82763
82768
82769
82771
82784
82787
82788
82792
82797
82798
82805
82808
82812
82822
82827
82829
82830
82833
82837
82838
82843
82848
82851
82854
82855
82857
82865
82868
82869
82874
82881
82884
82885
82889
82890
82897
82898
82900
82907
82910
82913
82923
82927
82932
82944
82945
82948
82949
82951
82952
82961
82976
82980
82983
82988
82989
82990
82995
83000
83001
83008
83011
83014
83015
83020
83021
83022
83024
83033
83034
83039
83050
83056
83057
83059
83064
83066
83067
83069
83075
83076
83079
83080
83086
83090
83093
83094
83097
83100
83107
83109
83117
83123
83124
83125
83127
83130
83138
83144
83145
83146
83148
83153
83158
83167
83170
83181
83182
83184
83185
83195
83196
83201
83202
83208
83209
83210
83218
83222
83223
83224
83229
83238
83247
83253
83260
83262
83264
83265
83266
83269
83270
83271
83273
83274
83285
83291
83292
83295
83303
83306
83327
83330
83334
83336
83337
83339
83345
83351
83352
83355
83357
83358
83360
83365
83374
83376
83380
83385
83389
83394
83399
83400
83404
83407
83422
83424
83426
83429
83432
83436
83437
83441
83446
83451
83454
83456
83457
83464
83476
83485
83489
83491
83494
83497
83499
83500
83501
83505
83508
83509
83515
83519
83521
83535
83536
83538
83541
83544
83545
83551
83556
83557
83559
83564
83569
83570
83575
83579
83580
83588
83592
83597
83601
83605
83611
83626
83628
83629
83641
83643
83646
83651
83656
83660
83665
83670
83674
83678
83686
83687
83694
83702
83707
83708
83712
83713
83714
83721
83722
83727
83731
83739
83742
83743
83744
83745
83747
83749
83752
83755
83756
83760
83761
83769
83772
83780
83783
83788
83789
83812
83817
83822
83823
83825
83828
83831
83836
83837
83842
83849
83851
83854
83859
83862
83868
83869
83871
83876
83877
83888
83893
83898
83903
83912
83915
83916
83918
83924
83934
83935
83936
83945
83946
83949
83952
83965
83968
83976
83985
83988
83990
83999
84001
84006
84011
84014
84018
84019
84021
84023
84026
84027
84031
84032
84038
84039
84040
84043
84044
84046
84049
84055
84060
84063
84064
84066
84067
84073
84091
84100
84116
84118
84128
84129
84138
84145
84156
84157
84160
84163
84168
84174
84175
84179
84180
84181
84182
84184
84187
84200
84206
84208
84215
84233
84235
84236
84239
84243
84246
84255
84259
84260
84277
84280
84287
84288
84290
84292
84293
84294
84297
84312
84313
84316
84318
84321
84322
84325
84328
84333
84335
84336
84338
84342
84348
84350
84351
84354
84355
84356
84358
84361
84365
84369
84372
84376
84392
84397
84408
84414
84415
84422
84426
84431
84432
84439
84441
84442
84444
84446
84459
84471
84486
84488
84489
84494
84498
84507
84518
84519
84521
84522
84529
84532
84533
84534
84535
84537
84540
84546
84549
84552
84558
84560
84563
84564
84565
84568
84570
84572
84573
84581
84583
84584
84586
84591
84593
84598
84603
84607
84614
84617
84620
84628
84629
84631
84635
84636
84638
84647
84648
84659
84667
84668
84673
84674
84675
84676
84677
84679
84681
84685
84691
84697
84699
84701
84705
84713
84722
84724
84726
84728
84731
84734
84740
84746
84750
84761
84769
84781
84792
84793
84804
84810
84811
84812
84814
84825
84831
84835
84836
84840
84841
84847
84851
84853
84854
84859
84862
84864
84867
84871
84872
84875
84879
84881
84887
84890
84893
84905
84907
84911
84919
84926
84939
84943
84945
84946
84957
84966
84969
84971
84973
84974
84976
84979
84983
84984
84985
84986
84988
84991
84995
85008
85010
85017
85018
85023
85027
85047
85058
85059
85066
85070
85071
85072
85080
85090
85091
85092
85093
85094
85095
85099
85103
85109
85110
85113
85117
85129
85142
85144
85146
85151
85152
85160
85171
85174
85175
85176
85181
85182
85183
85186
85193
85199
85201
85205
85214
85216
85217
85220
85225
85226
85229
85235
85236
85238
85241
85244
85250
85251
85255
85260
85265
85275
85276
85279
85283
85284
85293
85298
85308
85310
85311
85312
85314
85317
85318
85325
85326
85340
85342
85346
85348
85357
85358
85365
85366
85369
85370
85374
85378
85379
85398
85399
85401
85408
85413
85414
85427
85439
85443
85444
85456
85459
85467
85470
85472
85475
85478
85491
85492
85514
85515
85516
85517
85522
85526
85535
85545
85550
85556
85558
85562
85565
85567
85569
85570
85572
85573
85575
85576
85579
85587
85588
85590
85595
85596
85606
85611
85615
85617
85631
85635
85636
85638
85641
85644
85646
85650
85658
85659
85663
85665
85677
85679
85686
85688
85692
85699
85705
85708
85710
85715
85719
85728
85729
85730
85733
85741
85743
85751
85782
85787
85791
85792
85796
85798
85802
85814
85825
85826
85827
85833
85841
85842
85853
85855
85859
85864
85866
85867
85868
85869
85870
85872
85873
85874
85876
85879
85880
85884
85885
85892
85894
85898
85900
85902
85908
85922
85923
85926
85927
85928
85929
85943
85949
85959
85960
85963
85964
85970
85973
85985
85986
85988
85992
85993
85994
85999
86014
86017
86018
86020
86029
86034
86035
86036
86045
86046
86047
86049
86058
86060
86063
86065
86067
86068
86070
86083
86087
86094
86102
86106
86110
86114
86117
86124
86125
86131
86132
86134
86149
86153
86155
86156
86157
86159
86160
86161
86173
86174
86176
86180
86185
86191
86193
86198
86203
86204
86207
86222
86223
86224
86228
86231
86234
86235
86239
86243
86244
86247
86250
86260
86262
86266
86267
86274
86275
86279
86287
86294
86295
86301
86315
86316
86317
86319
86320
86324
86327
86341
86353
86359
86361
86362
86368
86369
86371
86379
86381
86385
86396
86399
86402
86403
86406
86408
86409
86410
86412
86417
86418
86419
86422
86423
86425
86435
86444
86482
86483
86489
86492
86494
86497
86498
86499
86504
86506
86507
86524
86538
86539
86546
86549
86553
86558
86561
86578
86582
86589
86590
86591
86602
86604
86605
86611
86613
86616
86619
86624
86628
86630
86634
86638
86644
86646
86652
86657
86672
86676
86679
86684
86687
86689
86692
86695
86696
86697
86700
86702
86703
86704
86705
86711
86713
86718
86722
86725
86726
86730
86732
86734
86735
86738
86743
86746
86762
86770
86773
86778
86782
86786
86788
86791
86792
86793
86794
86809
86810
86812
86814
86820
86826
86833
86838
86839
86841
86844
86853
86855
86856
86857
86863
86868
86873
86875
86878
86879
86880
86884
86887
86893
86900
86903
86907
86908
86913
86914
86918
86922
86923
86925
86927
86931
86932
86937
86952
86954
86958
86959
86961
86965
86973
86977
86985
87003
87006
87012
87014
87023
87024
87026
87029
87030
87032
87036
87051
87052
87055
87057
87060
87070
87073
87086
87095
87097
87101
87112
87114
87118
87119
87120
87135
87137
87138
87149
87152
87156
87157
87158
87160
87161
87162
87164
87165
87170
87171
87173
87183
87194
87195
87207
87212
87235
87246
87254
87255
87270
87276
87277
87280
87281
87285
87286
87290
87294
87304
87306
87310
87312
87317
87320
87321
87324
87325
87337
87340
87342
87343
87347
87363
87366
87368
87376
87377
87378
87381
87391
87395
87398
87401
87406
87408
87418
87420
87421
87423
87449
87451
87453
87456
87457
87462
87470
87474
87476
87478
87484
87489
87496
87502
87522
87524
87527
87529
87531
87539
87541
87551
87553
87557
87559
87562
87571
87576
87590
87592
87593
87595
87598
87600
87603
87610
87612
87618
87622
87626
87629
87632
87634
87643
87651
87654
87655
87670
87679
87682
87685
87688
87693
87695
87701
87709
87711
87720
87738
87743
87748
87749
87750
87760
87763
87769
87772
87775
87783
87796
87800
87802
87805
87809
87810
87814
87823
87824
87833
87838
87840
87842
87843
87847
87852
87853
87856
87862
87867
87871
87882
87885
87887
87897
87910
87912
87917
87920
87929
87930
87931
87936
87943
87960
87968
87971
87979
87984
87994
88004
88010
88018
88019
88028
88031
88047
88059
88064
88066
88067
88070
88084
88093
88094
88099
88100
88105
88112
88114
88117
88126
88128
88129
88130
88137
88140
88153
88154
88163
88166
88173
88183
88211
88222
88223
88226
88239
88244
88249
88252
88254
88255
88262
88270
88271
88273
88280
88281
88285
88290
88292
88295
88296
88297
88300
88301
88302
88315
88323
88326
88333
88335
88342
88344
88346
88347
88351
88356
88371
88376
88379
88380
88381
88390
88404
88408
88410
88416
88417
88427
88429
88432
88438
88441
88447
88448
88449
88450
88454
88455
88456
88461
88468
88469
88472
88473
88483
88485
88486
88492
88495
88497
88519
88520
88523
88526
88527
88530
88533
88534
88546
88548
88554
88555
88558
88559
88566
88567
88569
88573
88575
88577
88584
88585
88592
88603
88604
88608
88632
88633
88641
88648
88651
88654
88656
88659
88662
88664
88665
88666
88668
88675
88678
88679
88680
88681
88690
88706
88716
88717
88731
88735
88742
88749
88754
88768
88770
88773
88780
88781
88784
88785
88786
88789
88796
88801
88802
88803
88812
88822
88828
88830
88831
88839
88845
88848
88849
88850
88854
88855
88859
88861
88862
88868
88888
88891
88892
88893
88895
88901
88903
88913
88923
88933
88934
88936
88944
88946
88947
88949
88966
88970
88972
88977
88983
88986
88988
89006
89007
89020
89024
89026
89033
89037
89043
89044
89051
89054
89058
89071
89082
89086
89089
89092
89102
89105
89106
89109
89110
89112
89115
89119
89120
89124
89127
89134
89142
89143
89151
89158
89160
89164
89170
89179
89182
89183
89200
89202
89204
89212
89216
89222
89226
89227
89230
89236
89240
89242
89244
89245
89258
89269
89275
89279
89282
89284
89291
89294
89295
89298
89299
89301
89303
89311
89314
89317
89324
89328
89329
89333
89334
89342
89343
89345
89348
89349
89350
89356
89360
89361
89363
89369
89370
89372
89374
89375
89388
89404
89409
89429
89434
89437
89441
89443
89449
89450
89465
89468
89477
89480
89485
89489
89494
89513
89516
89517
89532
89537
89543
89545
89549
89561
89562
89566
89575
89577
89579
89587
89595
89596
89600
89617
89618
89619
89621
89624
89629
89631
89632
89635
89654
89655
89661
89668
89683
89687
89690
89691
89692
89698
89699
89700
89705
89712
89714
89725
89729
89730
89737
89754
89766
89776
89782
89786
89793
89794
89798
89799
89800
89809
89810
89814
89818
89820
89829
89831
89835
89836
89842
89848
89851
89852
89858
89861
89871
89874
89879
89884
89886
89887
89892
89894
89896
89900
89901
89903
89910
89911
89917
89923
89930
89931
89935
89944
89950
89956
89964
89976
89984
89990
89994
90000
90002
90004
90007
90014
90016
90056
90060
90061
90072
90077
90086
90089
90090
90095
90098
90100
90101
90110
90111
90120
90129
90130
90135
90136
90140
90150
90151
90152
90154
90156
90163
90174
90178
90180
90183
90185
90188
90193
90197
90199
90203
90211
90212
90214
90215
90218
90225
90226
90227
90234
90236
90239
90241
90242
90246
90248
90251
90252
90255
90274
90275
90277
90282
90290
90292
90293
90300
90309
90311
90313
90315
90320
90327
90332
90336
90342
90345
90350
90354
90360
90371
90377
90379
90382
90383
90389
90392
90402
90403
90407
90409
90422
90424
90430
90439
90448
90451
90454
90461
90468
90470
90473
90474
90480
90482
90493
90495
90504
90509
90514
90522
90532
90533
90534
90536
90545
90549
90560
90563
90569
90572
90580
90582
90586
90600
90602
90603
90609
90613
90615
90629
90631
90636
90639
90642
90643
90656
90660
90664
90670
90674
90675
90679
90699
90701
90702
90706
90707
90710
90712
90714
90716
90717
90718
90722
90727
90729
90733
90734
90743
90744
90750
90751
90759
90763
90769
90774
90777
90782
90794
90796
90809
90810
90813
90821
90824
90829
90836
90837
90838
90842
90844
90846
90861
90871
90875
90879
90886
90895
90904
90905
90906
90909
90912
90917
90922
90934
90938
90946
90950
90956
90959
90971
90972
90997
91006
91007
91009
91010
91031
91036
91044
91046
91048
91056
91057
91064
91068
91083
91089
91092
91093
91094
91096
91098
91100
91103
91104
91108
91109
91112
91119
91135
91143
91144
91152
91154
91155
91159
91169
91170
91174
91175
91182
91184
91188
91191
91197
91198
91204
91207
91220
91223
91224
91225
91226
91236
91237
91243
91253
91259
91271
91276
91278
91289
91291
91292
91294
91298
91303
91307
91310
91313
91316
91324
91326
91335
91336
91341
91342
91349
91359
91364
91366
91368
91373
91377
91380
91383
91389
91397
91400
91408
91409
91410
91419
91420
91424
91425
91427
91428
91432
91434
91436
91437
91444
91457
91463
91466
91469
91472
91479
91492
91496
91497
91503
91512
91514
91515
91517
91520
91521
91522
91525
91527
91528
91536
91539
91541
91551
91554
91555
91557
91561
91564
91565
91566
91570
91574
91589
91597
91603
91605
91611
91613
91624
91633
91635
91638
91640
91644
91648
91651
91657
91660
91676
91679
91687
91689
91691
91696
91698
91703
91711
91716
91720
91726
91728
91730
91733
91742
91749
91765
91767
91770
91772
91775
91788
91795
91796
91803
91805
91808
91811
91824
91825
91826
91834
91838
91839
91843
91847
91852
91855
91860
91861
91862
91863
91864
91867
91881
91887
91889
91893
91894
91896
91900
91904
91907
91917
91919
91921
91922
91935
91936
91937
91945
91947
91951
91954
91967
91974
91976
91979
91982
91983
91988
91991
92004
92007
92010
92015
92016
92017
92018
92027
92033
92035
92041
92043
92044
92045
92049
92059
92068
92069
92079
92084
92085
92089
92094
92102
92103
92108
92120
92125
92128
92131
92132
92137
92148
92154
92156
92162
92164
92167
92169
92172
92184
92187
92188
92195
92199
92200
92206
92213
92214
92217
92218
92226
92230
92234
92237
92244
92245
92251
92253
92258
92260
92261
92266
92268
92274
92278
92285
92290
92292
92293
92305
92306
92307
92313
92316
92320
92322
92323
92325
92328
92334
92342
92345
92349
92355
92356
92362
92371
92372
92390
92391
92395
92396
92399
92400
92402
92403
92409
92413
92416
92417
92421
92431
92435
92439
92445
92446
92447
92456
92459
92463
92465
92466
92468
92469
92475
92478
92480
92482
92500
92502
92506
92507
92509
92510
92512
92525
92527
92535
92538
92552
92554
92557
92564
92572
92578
92584
92590
92598
92627
92630
92631
92632
92636
92649
92654
92663
92666
92669
92676
92683
92684
92688
92690
92695
92736
92741
92747
92748
92758
92765
92768
92772
92773
92775
92781
92785
92795
92798
92799
92824
92832
92843
92853
92854
92861
92863
92868
92869
92883
92886
92887
92890
92899
92906
92910
92916
92918
92926
92927
92929
92946
92947
92955
92958
92960
92962
92970
92981
92986
92987
92988
92993
92994
92999
93006
93013
93015
93022
93023
93027
93034
93040
93049
93050
93051
93055
93093
93106
93107
93114
93115
93116
93118
93128
93131
93133
93136
93141
93142
93144
93145
93146
93150
93154
93159
93171
93172
93173
93178
93182
93186
93188
93194
93209
93219
93220
93222
93223
93227
93228
93229
93237
93252
93258
93261
93268
93269
93274
93275
93287
93290
93295
93299
93300
93338
93342
93343
93348
93354
93355
93360
93400
93401
93424
93425
93432
93433
93434
93435
93447
93448
93450
93451
93467
93478
93484
93485
93488
93493
93499
93500
93503
93506
93509
93511
93513
93518
93519
93532
93534
93536
93538
93541
93542
93544
93555
93558
93559
93565
93570
93571
93574
93575
93580
93582
93587
93588
93590
93591
93613
93615
93618
93628
93630
93635
93637
93639
93641
93642
93643
93659
93660
93662
93669
93682
93697
93698
93699
93720
93727
93732
93733
93741
93751
93752
93775
93784
93788
93789
93800
93802
93806
93810
93813
93823
93829
93833
93844
93845
93851
93853
93855
93868
93886
93896
93922
93926
93929
93930
93937
93940
93948
93952
93960
93964
93968
93982
93987
93991
93995
94002
94005
94016
94018
94025
94027
94032
94033
94034
94036
94037
94039
94044
94045
94046
94051
94060
94062
94063
94071
94073
94075
94080
94084
94092
94094
94096
94106
94113
94123
94124
94127
94144
94146
94150
94152
94157
94162
94168
94170
94171
94172
94174
94178
94179
94181
94190
94195
94214
94219
94225
94231
94234
94238
94242
94246
94247
94258
94261
94269
94270
94292
94294
94295
94296
94299
94306
94315
94320
94323
94327
94340
94343
94354
94358
94362
94363
94365
94370
94371
94372
94376
94384
94386
94394
94397
94401
94403
94409
94410
94413
94416
94421
94423
94428
94441
94452
94454
94462
94476
94480
94492
94494
94496
94498
94501
94504
94508
94511
94512
94514
94519
94526
94533
94535
94546
94547
94549
94553
94555
94561
94564
94565
94567
94571
94585
94606
94612
94613
94616
94617
94623
94626
94632
94638
94641
94647
94650
94667
94673
94682
94689
94690
94691
94692
94704
94706
94708
94715
94723
94736
94737
94750
94756
94758
94766
94770
94772
94773
94774
94776
94780
94783
94784
94787
94791
94793
94803
94805
94818
94830
94836
94842
94846
94854
94858
94862
94865
94867
94869
94872
94894
94895
94902
94905
94906
94907
94914
94916
94924
94926
94928
94932
94934
94935
94937
94944
94951
94955
94965
94971
94972
94975
94983
94984
94990
94992
94993
94995
94997
95006
95015
95016
95023
95027
95029
95042
95043
95045
95049
95052
95055
95057
95064
95069
95072
95075
95083
95086
95088
95091
95094
95097
95102
95115
95116
95117
95125
95127
95133
95134
95135
95151
95152
95156
95161
95164
95166
95180
95182
95183
95191
95200
95206
95211
95218
95226
95227
95233
95234
95240
95241
95245
95247
95249
95253
95254
95262
95263
95269
95270
95277
95293
95295
95297
95307
95316
95318
95324
95341
95350
95352
95353
95359
95366
95370
95374
95376
95385
95393
95395
95397
95405
95418
95426
95430
95439
95440
95442
95447
95451
95455
95456
95464
95466
95467
95475
95493
95497
95508
95510
95532
95535
95536
95539
95540
95547
95548
95549
95555
95557
95558
95569
95579
95581
95582
95583
95588
95603
95611
95613
95615
95621
95634
95636
95638
95640
95641
95645
95648
95659
95664
95671
95674
95676
95677
95679
95682
95683
95686
95692
95694
95695
95704
95705
95711
95716
95724
95725
95726
95727
95728
95729
95730
95731
95732
95733
95734
95735
95736
95737
95738
95739
95740
95741
95742
95743
95744
95745
95746
95747
95748
95749
95750
95751
95752
95753
95754
95755
95756
95757
95758
95759
95760
95761
95762
95763
95764
95765
95766
95767
95768
95769
95770
95771
95772
95773
95775
95776
95777
95778
95779
95780
95781
95782
95783
95784
95785
95786
95787
95788
95789
95790
95791
95792
95793
95794
95795
95796
95798
95799
95800
95801
95802
95803
95804
95805
95806
95807
95808
95809
95810
95811
95812
95813
95814
95815
95816
95817
95818
95819
95820
95821
95822
95823
95824
95825
95826
95827
95828
95829
95830
95831
95832
95833
95834
95835
95836
95837
95838
95839
95840
95841
95842
95843
95844
95845
95846
95847
95848
95849
95850
95851
95852
95853
95854
95855
95856
95857
95858
95859
95860
95861
95862
95863
95864
95865
95866
95867
95868
95869
95870
95871
95872
95873
95874
95875
95876
95877
95878
95879
95880
95881
95882
95883
95884
95885
95886
95887
95888
95889
95890
95891
95892
95893
95894
95895
95896
95897
95898
95899
95900
95901
95902
95903
95904
95905
95906
95907
95908
95909
95910
95911
95912
95913
95914
95915
95916
95917
95918
95919
95920
95921
95922
95923
95924
95925
95926
95927
95928
95929
95930
95931
95932
95933
95934
95935
95936
95937
95938
95939
95940
95941
95942
95943
95944
95945
95946
95947
95948
95949
95950
95951
95952
95953
95954
95955
95956
95957
95958
95959
95960
95961
95962
95963
95964
95965
95966
95967
95968
95969
95970
95971
95972
95973
95974
95975
95976
95977
95978
95979
95980
95981
95982
95983
95984
95985
95986
95987
95988
95989
95990
95991
95992
95993
95994
95995
95996
95997
95998
95999
96000
96001
96002
96003
96004
96005
96006
96007
96008
96009
96010
96011
96012
96013
96014
96015
96016
96017
96018
96019
96020
96021
96022
96023
96024
96025
96026
96027
96028
96029
96030
96031
96032
96033
96034
96035
96036
96037
96038
96039
96040
96041
96042
96043
96044
96045
96046
96047
96048
96049
96050
96051
96052
96053
96054
96055
96056
96057
96058
96059
96060
96061
96062
96063
96064
96065
96066
96067
96068
96069
96070
96071
96072
96073
96074
96075
96076
96077
96078
96079
96080
96081
96082
96083
96084
96085
96086
96087
96088
96089
96090
96091
96092
96093
96094
96095
96096
96097
96098
96099
96100
96101
96102
96103
96104
96105
96106
96107
96108
96109
96110
96111
96112
96113
96114
96115
96116
96117
96118
96119
96120
96121
96122
96123
96124
96125
96126
96127
96128
96129
96130
96131
96132
96133
96134
96135
96136
96137
96138
96139
96140
96141
96142
96143
96144
96145
96146
96147
96148
96149
96150
96151
96152
96153
96154
96155
96156
96157
96158
96159
96160
96161
96162
96163
96164
96165
96166
96167
96168
96169
96170
96171
96172
96173
96174
96175
96176
96177
96178
96179
96180
96181
96182
96183
96184
96185
96186
96187
96188
96189
96190
96191
96192
96193
96194
96195
96196
96197
96198
96199
96200
96201
96202
96203
96204
96205
96206
96207
96208
96209
96210
96211
96212
96213
96214
96215
96216
96217
96218
96219
96220
96221
96222
96223
96224
96225
96226
96227
96228
96229
96230
96231
96232
96233
96234
96235
96236
96237
96238
96239
96240
96241
96242
96243
96244
96245
96246
96247
96248
96249
96250
96251
96252
96253
96254
96255
96256
96257
96258
96259
96260
96261
96262
96263
96264
96265
96266
96267
96268
96269
96270
96271
96272
96273
96274
96275
96276
96277
96278
96279
96280
96281
96282
96283
96284
96285
96286
96287
96288
96289
96290
96291
96292
96293
96294
96295
96296
96297
96298
96299
96300
96301
96302
96303
96304
96305
96306
96307
96308
96309
96310
96311
96312
96313
96314
96315
96316
96317
96318
96319
96320
96321
96322
96323
96324
96325
96326
96327
96328
96329
96330
96331
96332
96333
96334
96335
96336
96337
96338
96339
96340
96341
96342
96343
96344
96345
96346
96347
96348
96349
96350
96351
96352
96353
96354
96355
96356
96357
96358
96359
96360
96361
96362
96363
96364
96365
96366
96367
96368
96369
96370
96371
96372
96373
96374
96375
96376
96377
96378
96379
96380
96381
96382
96383
96384
96385
96386
96387
96388
96389
96390
96391
96392
96393
96394
96395
96396
96397
96398
96399
96400
96401
96402
96403
96404
96405
96406
96407
96408
96409
96410
96411
96412
96413
96414
96415
96416
96417
96418
96419
96420
96421
96422
96423
96424
96425
96426
96427
96428
96429
96430
96431
96432
96433
96434
96435
96436
96437
96438
96439
96440
96441
96442
96443
96444
96445
96446
96447
96448
96449
96450
96451
96452
96453
96454
96455
96456
96457
96458
96459
96460
96461
96462
96463
96464
96465
96466
96467
96468
96469
96470
96471
96472
96473
96474
96475
96476
96477
96478
96479
96480
96481
96482
96483
96484
96485
96486
96487
96488
96489
96490
96491
96492
96493
96494
96495
96496
96497
96498
96499
96500
96501
96502
96503
96504
96505
96506
96507
96508
96509
96510
96511
96512
96513
96514
96515
96516
96517
96518
96519
96520
96521
96522
96523
96524
96525
96526
96527
96528
96529
96530
96531
96532
96533
96534
96535
96536
96537
96538
96539
96540
96541
96542
96543
96544
96545
96546
96547
96548
96549
96550
96551
96552
96553
96554
96555
96556
96557
96558
96559
96560
96561
96562
96563
96564
96565
96566
96567
96568
96569
96570
96571
96572
96573
96574
96575
96576
96577
96578
96579
96580
96581
96582
96583
96584
96585
96586
96587
96588
96589
96590
96591
96592
96593
96594
96595
96596
96597
96598
96599
96600
96601
96602
96603
96604
96605
96606
96607
96608
96609
96610
96611
96612
96613
96614
96615
96616
96617
96618
96619
96620
96621
96622
96623
96624
96625
96626
96627
96628
96629
96630
96631
96632
96633
96634
96635
96636
96637
96638
96639
96640
96641
96642
96643
96644
96645
96646
96647
96648
96649
96650
96651
96652
96653
96654
96655
96656
96657
96658
96659
96661
96662
96663
96664
96665
96666
96667
96668
96669
96670
96671
96672
96673
96674
96675
96676
96677
96678
96679
96680
96681
96682
96683
96684
96685
96686
96687
96688
96690
96691
96692
96693
96694
96695
96696
96697
96698
96699
96700
96701
96702
96703
96704
96705
96706
96707
96708
96709
96710
96711
96712
96713
96714
96715
96716
96717
96718
96719
96720
96721
96722
96723
96724
96725
96726
96727
96728
96729
96730
96731
96732
96733
96734
96735
96736
96737
96738
96739
96740
96741
96742
96743
96744
96745
96746
96747
96748
96749
96750
96751
96752
96753
96754
96755
96756
96757
96758
96759
96760
96761
96762
96763
96764
96765
96766
96767
96768
96769
96770
96771
96772
96773
96774
96775
96776
96777
96778
96779
96780
96781
96782
96783
96784
96785
96786
96787
96788
96789
96790
96791
96792
96793
96794
96795
96796
96797
96798
96799
96800
96801
96802
96803
96804
96805
96806
96807
96808
96809
96810
96811
96812
96813
96814
96815
96816
96817
96818
96819
96820
96821
96822
96823
96824
96825
96826
96827
96828
96829
96830
96831
96832
96833
96834
96835
96836
96837
96838
96839
96840
96841
96842
96843
96844
96845
96846
96847
96848
96849
96850
96851
96852
96853
96854
96855
96856
96857
96858
96859
96860
96861
96862
96863
96864
96865
96866
96867
96868
96869
96870
96871
96872
96873
96874
96875
96876
96877
96878
96879
96880
96881
96882
96883
96884
96885
96886
96887
96888
96889
96890
96891
96892
96893
96894
96895
96896
96897
96898
96899
96900
96901
96902
96903
96904
96905
96906
96907
96908
96909
96910
96911
96912
96913
96914
96915
96916
96917
96918
96919
96920
96921
96922
96923
96924
96925
96926
96927
96928
96929
96930
96931
96932
96933
96934
96935
96936
96937
96938
96939
96940
96941
96942
96943
96944
96945
96946
96947
96948
96949
96950
96951
96952
96953
96954
96955
96956
96957
96958
96959
96960
96961
96962
96963
96964
96965
96966
96967
96968
96969
96970
96971
96972
96973
96974
96975
96976
96977
96978
96979
96980
96981
96982
96983
96984
96985
96986
96987
96988
96989
96990
96991
96992
96993
96994
96995
96996
96997
96998
96999
97000
97001
97002
97003
97004
97005
97006
97007
97008
97009
97010
97011
97012
97013
97014
97015
97016
97017
97018
97019
97020
97021
97022
97024
97025
97026
97027
97028
97029
97030
97031
97032
97033
97034
97035
97036
97037
97038
97039
97040
97041
97042
97043
97044
97045
97046
97047
97048
97049
97050
97051
97052
97053
97054
97055
97056
97057
97058
97059
97060
97061
97062
97063
97064
97065
97066
97067
97068
97069
97070
97071
97072
97073
97074
97075
97076
97077
97078
97079
97080
97081
97082
97083
97084
97085
97086
97087
97088
97089
97090
97091
97092
97093
97094
97095
97096
97097
97098
97099
97100
97101
97102
97103
97104
97105
97106
97107
97108
97109
97110
97111
97112
97113
97114
97115
97116
97117
97118
97119
97120
97121
97122
97123
97124
97125
97126
97127
97128
97129
97130
97131
97132
97133
97134
97135
97136
97137
97138
97139
97140
97141
97142
97143
97144
97145
97146
97147
97148
97149
97150
97151
97152
97153
97154
97155
97156
97157
97158
97159
97161
97162
97163
97164
97165
97166
97167
97168
97169
97170
97171
97172
97173
97174
97175
97176
97177
97178
97179
97180
97181
97182
97183
97184
97185
97186
97187
97188
97189
97190
97191
97192
97193
97194
97195
97196
97198
97199
97200
97201
97202
97203
97204
97205
97206
97207
97208
97209
97210
97211
97212
97213
97214
97215
97216
97217
97218
97219
97220
97221
97222
97223
97224
97225
97226
97227
97228
97229
97230
97231
97232
97233
97234
97235
97236
97237
97238
97239
97240
97241
97242
97243
97244
97245
97246
97247
97248
97249
97250
97251
97252
97253
97254
97255
97256
97257
97258
97259
97260
97261
97262
97263
97264
97265
97266
97267
97268
97269
97270
97271
97272
97273
97274
97275
97276
97277
97278
97279
97280
97281
97282
97283
97284
97285
97286
97287
97288
97289
97290
97291
97292
97293
97294
97295
97296
97297
97298
97299
97300
97301
97302
97303
97304
97305
97306
97307
97308
97309
97310
97311
97312
97313
97314
97315
97316
97317
97318
97319
97320
97321
97322
97323
97324
97325
97326
97327
97328
97329
97330
97331
97332
97333
97334
97335
97336
97337
97338
97339
97340
97341
97342
97343
97344
97345
97346
97347
97348
97349
97350
97351
97352
97353
97354
97355
97356
97357
97358
97359
97360
97361
97362
97363
97364
97365
97366
97367
97368
97369
97370
97371
97372
97373
97374
97375
97376
97377
97378
97379
97380
97381
97382
97383
97384
97385
97386
97387
97388
97389
97390
97391
97392
97393
97394
97395
97396
97397
97398
97399
97400
97401
97402
97403
97404
97405
97406
97407
97408
97409
97410
97411
97412
97413
97414
97415
97416
97417
97418
97419
97420
97421
97422
97423
97424
97425
97426
97427
97428
97429
97430
97431
97432
97433
97434
97435
97436
97437
97438
97439
97440
97441
97442
97443
97445
97446
97447
97448
97449
97450
97451
97452
97453
97454
97455
97456
97457
97458
97459
97460
97461
97462
97463
97464
97465
97466
97467
97468
97469
97470
97471
97472
97473
97474
97475
97476
97477
97478
97479
97480
97481
97482
97483
97484
97485
97486
97487
97488
97489
97490
97491
97492
97493
97494
97495
97497
97498
97499
97500
97501
97502
97503
97504
97505
97506
97507
97508
97509
97510
97511
97512
97513
97514
97515
97516
97517
97518
97519
97520
97521
97522
97523
97524
97525
97526
97527
97528
97529
97530
97531
97532
97533
97534
97535
97536
97538
97539
97540
97541
97542
97543
97544
97545
97546
97547
97549
97550
97551
97552
97553
97554
97555
97556
97557
97558
97559
97560
97561
97562
97563
97564
97565
97566
97567
97568
97569
97570
97571
97572
97573
97574
97575
97576
97577
97578
97579
97580
97581
97582
97583
97584
97585
97586
97587
97588
97589
97590
97591
97592
97593
97594
97595
97596
97597
97598
97599
97600
97601
97602
97603
97604
97605
97606
97607
97608
97609
97610
97611
97612
97613
97614
97615
97616
97617
97618
97619
97620
97621
97622
97623
97624
97625
97626
97627
97628
97629
97630
97631
97632
97633
97634
97635
97636
97637
97638
97639
97640
97641
97642
97643
97644
97645
97646
97647
97648
97649
97650
97651
97652
97653
97654
97655
97656
97657
97658
97659
97660
97661
97662
97663
97664
97665
97666
97667
97668
97669
97670
97671
97672
97673
97674
97675
97676
97677
97678
97679
97680
97681
97682
97683
97684
97685
97686
97687
97688
97689
97690
97691
97693
97694
97695
97696
97697
97698
97699
97700
97701
97702
97703
97704
97705
97706
97707
97708
97709
97710
97711
97712
97713
97714
97715
97716
97717
97718
97719
97720
97721
97722
97723
97724
97725
97726
97727
97728
97729
97730
97731
97732
97733
97734
97735
97736
97737
97738
97739
97740
97741
97742
97743
97744
97745
97746
97747
97748
97749
97750
97751
97752
97753
97754
97755
97756
97757
97758
97759
97760
97761
97762
97763
97764
97765
97766
97767
97768
97769
97770
97771
97772
97773
97774
97775
97776
97777
97778
97779
97780
97781
97782
97783
97784
97785
97786
97787
97788
97789
97790
97791
97792
97793
97794
97795
97796
97797
97799
97800
97801
97802
97803
97804
97805
97806
97807
97808
97809
97810
97811
97812
97813
97814
97815
97816
97817
97818
97819
97820
97821
97822
97823
97824
97825
97826
97827
97829
97830
97831
97833
97834
97835
97836
97837
97838
97839
97840
97841
97842
97843
97844
97845
97846
97847
97848
97849
97850
97851
97852
97853
97854
97855
97856
97857
97858
97859
97860
97861
97862
97863
97864
97865
97866
97867
97868
97869
97870
97871
97872
97873
97874
97875
97876
97877
97878
97879
97880
97881
97882
97883
97884
97885
97886
97887
97888
97889
97890
97891
97892
97893
97894
97895
97896
97897
97898
97899
97900
97901
97902
97903
97904
97905
97906
97907
97908
97909
97910
97911
97912
97913
97914
97915
97916
97917
97918
97919
97920
97921
97922
97923
97924
97925
97926
97927
97928
97929
97930
97933
97934
97935
97936
97937
97938
97939
97940
97941
97942
97943
97944
97945
97946
97947
97948
97949
97950
97951
97952
97953
97954
97955
97956
97957
97958
97959
97960
97961
97962
97963
97964
97965
97966
97967
97968
97969
97970
97971
97972
97973
97974
97975
97976
97977
97978
97979
97980
97981
97982
97983
97984
97985
97986
97987
97988
97989
97990
97991
97992
97993
97994
97995
97996
97997
97998
97999
98000
98001
98002
98003
98004
98005
98006
98007
98008
98009
98011
98012
98013
98015
98016
98017
98018
98019
98020
98021
98023
98024
98025
98026
98027
98028
98029
98030
98031
98032
98033
98034
98035
98036
98037
98038
98039
98040
98041
98042
98043
98044
98046
98047
98048
98049
98050
98051
98052
98053
98054
98055
98056
98057
98058
98059
98060
98061
98062
98063
98064
98065
98066
98067
98068
98069
98070
98071
98072
98073
98074
98075
98076
98077
98078
98079
98080
98081
98082
98083
98084
98086
98087
98088
98089
98090
98091
98092
98093
98094
98095
98096
98097
98098
98099
98100
98101
98102
98103
98104
98105
98106
98107
98108
98109
98110
98111
98112
98113
98114
98115
98116
98117
98118
98119
98120
98121
98122
98123
98124
98125
98126
98128
98129
98130
98131
98132
98133
98134
98135
98136
98137
98138
98139
98140
98141
98142
98143
98144
98145
98146
98147
98148
98149
98150
98151
98152
98153
98154
98155
98156
98157
98158
98159
98160
98161
98162
98163
98164
98165
98166
98167
98168
98169
98170
98171
98172
98173
98174
98175
98176
98177
98178
98179
98180
98181
98182
98183
98184
98185
98186
98187
98188
98189
98190
98191
98192
98193
98194
98196
98197
98198
98199
98200
98201
98202
98203
98204
98205
98206
98207
98208
98209
98210
98211
98212
98213
98214
98215
98216
98217
98218
98219
98220
98221
98222
98223
98224
98225
98226
98227
98228
98229
98230
98231
98232
98233
98234
98235
98236
98237
98238
98239
98240
98241
98242
98243
98244
98245
98246
98247
98248
98249
98250
98251
98252
98253
98254
98255
98256
98257
98258
98259
98260
98261
98262
98263
98264
98265
98266
98267
98268
98269
98270
98271
98272
98273
98274
98275
98276
98277
98278
98279
98280
98281
98282
98283
98284
98285
98286
98287
98288
98289
98290
98291
98292
98293
98294
98295
98296
98297
98298
98299
98300
98301
98302
98303
98304
98305
98307
98308
98309
98310
98311
98312
98313
98314
98315
98316
98317
98318
98319
98320
98321
98322
98323
98324
98325
98327
98328
98329
98330
98331
98332
98333
98334
98335
98336
98337
98338
98339
98340
98341
98342
98343
98344
98345
98346
98347
98348
98349
98350
98351
98352
98353
98354
98355
98356
98357
98358
98359
98360
98361
98362
98363
98364
98365
98366
98367
98368
98369
98370
98371
98372
98373
98374
98375
98376
98377
98378
98379
98380
98381
98382
98383
98384
98385
98386
98387
98388
98389
98390
98391
98392
98393
98394
98395
98396
98397
98398
98399
98400
98401
98402
98403
98404
98405
98406
98407
98408
98409
98410
98411
98412
98413
98414
98415
98416
98417
98418
98419
98420
98421
98422
98423
98424
98425
98426
98427
98428
98429
98430
98431
98432
98433
98434
98435
98436
98437
98438
98439
98440
98441
98442
98443
98444
98445
98446
98447
98448
98449
98450
98451
98452
98453
98454
98455
98456
98457
98458
98459
98460
98461
98462
98463
98464
98465
98466
98467
98468
98469
98470
98471
98472
98473
98474
98475
98476
98477
98478
98479
98481
98482
98483
98484
98485
98486
98489
98490
98491
98492
98493
98494
98495
98496
98497
98498
98499
98500
98501
98502
98503
98504
98505
98506
98507
98508
98509
98510
98511
98513
98514
98515
98516
98517
98518
98519
98520
98521
98522
98523
98524
98525
98526
98527
98528
98529
98530
98531
98532
98533
98534
98535
98536
98538
98539
98540
98541
98542
98543
98544
98545
98546
98547
98548
98549
98550
98551
98552
98553
98554
98555
98556
98557
98558
98559
98560
98561
98562
98563
98564
98565
98566
98567
98568
98569
98570
98571
98572
98573
98574
98575
98576
98577
98578
98579
98580
98581
98582
98583
98584
98585
98587
98588
98589
98590
98591
98592
98593
98594
98595
98596
98598
98599
98600
98601
98602
98603
98604
98605
98606
98607
98608
98609
98610
98611
98612
98613
98614
98615
98616
98617
98618
98619
98620
98621
98622
98623
98624
98625
98626
98627
98628
98629
98630
98631
98632
98633
98634
98635
98636
98637
98638
98639
98640
98641
98642
98643
98644
98645
98646
98647
98648
98649
98650
98651
98652
98653
98654
98655
98656
98657
98658
98659
98660
98661
98662
98663
98664
98665
98666
98667
98668
98669
98670
98671
98672
98673
98674
98675
98676
98677
98678
98679
98680
98681
98682
98683
98684
98685
98686
98687
98688
98689
98690
98692
98693
98694
98695
98696
98697
98698
98699
98700
98702
98703
98704
98705
98706
98707
98708
98709
98710
98711
98712
98713
98714
98715
98716
98717
98718
98719
98720
98721
98722
98723
98724
98725
98726
98727
98728
98729
98730
98732
98734
98735
98736
98737
98738
98739
98740
98741
98742
98743
98744
98745
98746
98747
98748
98749
98750
98751
98753
98754
98755
98756
98757
98758
98759
98760
98761
98762
98763
98764
98765
98766
98767
98768
98769
98770
98771
98772
98773
98774
98775
98776
98777
98778
98779
98780
98781
98782
98783
98785
98786
98787
98788
98789
98790
98791
98792
98793
98794
98795
98796
98797
98798
98799
98800
98801
98802
98803
98804
98805
98806
98807
98808
98809
98810
98811
98812
98813
98814
98815
98816
98817
98818
98819
98820
98821
98822
98823
98824
98825
98826
98827
98828
98829
98830
98831
98832
98833
98834
98835
98836
98837
98838
98839
98840
98841
98842
98843
98845
98846
98847
98848
98849
98850
98851
98852
98853
98854
98855
98856
98857
98858
98859
98860
98861
98863
98864
98865
98866
98867
98868
98870
98871
98872
98873
98874
98875
98876
98877
98878
98879
98880
98881
98882
98883
98884
98885
98886
98887
98888
98889
98890
98891
98892
98893
98894
98895
98896
98897
98898
98899
98900
98901
98902
98903
98905
98906
98907
98908
98909
98910
98911
98912
98914
98916
98917
98918
98919
98920
98921
98922
98923
98924
98925
98926
98927
98928
98929
98930
98931
98932
98933
98934
98936
98937
98938
98939
98940
98941
98942
98943
98945
98947
98948
98949
98951
98952
98953
98954
98955
98957
98958
98959
98960
98961
98963
98964
98965
98966
98967
98968
98969
98970
98971
98973
98974
98978
98979
98980
98981
98982
98983
98984
98985
98986
98987
98988
98989
98990
98992
98993
98994
98995
98996
98997
98998
98999
99000
99001
99002
99003
99004
99005
99006
99007
99008
99009
99010
99011
99012
99013
99014
99015
99016
99017
99018
99019
99020
99021
99022
99023
99025
99026
99027
99029
99030
99031
99032
99033
99034
99035
99036
99038
99039
99040
99041
99042
99043
99044
99045
99046
99047
99048
99049
99050
99051
99052
99053
99054
99055
99056
99057
99058
99059
99060
99061
99062
99063
99065
99066
99067
99068
99069
99070
99071
99072
99073
99074
99075
99076
99077
99078
99079
99080
99081
99082
99084
99085
99086
99087
99088
99089
99090
99091
99092
99093
99094
99095
99096
99097
99099
99100
99101
99102
99103
99104
99105
99106
99108
99109
99110
99112
99113
99115
99116
99117
99118
99121
99122
99123
99124
99125
99126
99127
99128
99129
99130
99131
99132
99133
99134
99135
99136
99137
99139
99140
99141
99142
99143
99144
99145
99146
99147
99148
99149
99150
99151
99152
99153
99154
99155
99156
99157
99158
99159
99160
99161
99162
99163
99164
99165
99166
99167
99168
99169
99170
99171
99172
99173
99174
99175
99176
99177
99178
99179
99180
99181
99182
99183
99184
99186
99187
99188
99189
99190
99191
99192
99193
99194
99195
99196
99197
99198
99199
99200
99201
99202
99203
99204
99205
99206
99207
99208
99209
99210
99211
99212
99213
99214
99215
99216
99217
99218
99219
99220
99221
99222
99223
99224
99225
99227
99228
99229
99230
99231
99233
99234
99235
99237
99238
99239
99240
99241
99243
99244
99246
99247
99248
99249
99250
99251
99252
99253
99254
99255
99256
99257
99258
99259
99260
99261
99262
99264
99267
99268
99269
99270
99271
99272
99273
99274
99276
99277
99279
99280
99281
99282
99283
99284
99285
99286
99287
99288
99289
99290
99291
99292
99293
99294
99295
99296
99297
99298
99299
99300
99301
99302
99303
99304
99305
99306
99308
99309
99311
99312
99313
99314
99315
99316
99317
99318
99319
99320
99321
99322
99323
99324
99325
99326
99327
99328
99329
99330
99331
99332
99333
99334
99335
99337
99338
99339
99340
99341
99342
99343
99344
99345
99346
99347
99348
99349
99350
99351
99352
99353
99354
99355
99356
99357
99358
99359
99360
99361
99363
99364
99365
99366
99367
99368
99369
99370
99371
99372
99373
99374
99375
99376
99377
99378
99379
99380
99381
99382
99383
99384
99385
99386
99387
99388
99389
99391
99392
99393
99394
99395
99396
99397
99398
99399
99400
99402
99403
99404
99405
99407
99409
99410
99411
99412
99413
99414
99415
99416
99418
99419
99420
99421
99422
99424
99425
99426
99427
99428
99429
99430
99431
99432
99434
99435
99436
99437
99438
99439
99440
99441
99442
99443
99444
99445
99446
99447
99448
99449
99450
99451
99452
99453
99454
99455
99456
99457
99458
99459
99460
99461
99462
99463
99464
99465
99466
99467
99468
99469
99470
99471
99472
99473
99474
99475
99476
99477
99478
99479
99480
99481
99483
99484
99485
99486
99487
99488
99489
99490
99491
99492
99493
99494
99495
99496
99497
99498
99499
99500
99501
99502
99503
99504
99505
99506
99507
99508
99509
99510
99511
99513
99514
99515
99516
99518
99519
99520
99521
99522
99523
99524
99525
99526
99527
99528
99529
99530
99531
99532
99533
99534
99535
99536
99537
99538
99540
99541
99542
99543
99544
99545
99546
99547
99548
99550
99551
99552
99553
99554
99555
99556
99557
99559
99560
99561
99562
99563
99564
99566
99567
99568
99569
99570
99571
99572
99573
99574
99575
99576
99577
99578
99579
99580
99581
99582
99583
99584
99585
99586
99588
99589
99590
99591
99592
99593
99594
99597
99598
99599
99600
99602
99603
99604
99605
99606
99607
99608
99609
99610
99611
99612
99613
99614
99616
99618
99619
99620
99621
99622
99623
99624
99625
99626
99627
99628
99629
99630
99631
99633
99634
99636
99637
99638
99639
99640
99641
99644
99645
99647
99648
99649
99651
99652
99653
99654
99657
99658
99659
99660
99661
99662
99663
99664
99665
99667
99668
99669
99671
99672
99673
99675
99676
99678
99679
99681
99683
99685
99686
99687
99693
99695
99698
99699
99700
99701
99702
99703
99704
99705
99706
99708
99709
99710
99711
99712
99713
99714
99715
99716
99717
99718
99719
99720
99721
99722
99723
99724
99725
99726
99727
99728
99729
99730
99731
99732
99734
99735
99736
99737
99739
99741
99742
99743
99744
99745
99746
99747
99748
99749
99750
99751
99752
99753
99754
99755
99756
99757
99758
99759
99760
99761
99762
99763
99764
99765
99766
99767
99768
99769
99770
99771
99772
99773
99774
99775
99776
99777
99778
99779
99780
99781
99782
99783
99784
99785
99786
99787
99788
99789
99790
99791
99792
99793
99794
99795
99796
99797
99798
99799
99800
99801
99802
99803
99804
99805
99806
99807
99809
99810
99811
99812
99813
99814
99815
99816
99818
99819
99820
99822
99823
99824
99826
99827
99828
99829
99830
99832
99833
99834
99835
99836
99837
99838
99839
99840
99841
99842
99843
99844
99845
99847
99848
99849
99850
99851
99852
99853
99854
99855
99856
99857
99858
99859
99860
99861
99862
99863
99865
99866
99867
99868
99869
99870
99872
99873
99874
99875
99876
99877
99878
99879
99880
99881
99882
99883
99884
99885
99886
99887
99888
99889
99890
99892
99893
99894
99895
99896
99897
99898
99899
99900
99902
99903
99904
99905
99906
99907
99908
99909
99910
99912
99917
99918
99920
99921
99923
99924
99925
99926
99927
99928
99929
99930
99932
99933
99935
99936
99937
99938
99939
99940
99941
99943
99944
99945
99946
99947
99948
99949
99950
99951
99952
99953
99954
99955
99956
99957
99958
99960
99961
99962
99963
99964
99965
99966
99967
99968
99970
99971
99972
99973
99974
99975
99976
99977
99978
99979
99980
99981
99982
99983
99984
99985
99986
99987
99988
99989
99991
99992
99993
99994
99995
99996
99997
99998
99999
100000
100001
100002
100003
100004
100005
100006
100007
100008
100009
100010
100011
100012
100013
100014
100015
100016
100017
100018
100019
100020
100021
100022
100023
100024
100025
100026
100027
100028
100029
100030
100031
100033
100034
100036
100037
100038
100039
100040
100041
100042
100043
100044
100045
100046
100047
100048
100049
100051
100052
100053
100054
100055
100057
100058
100059
100060
100061
100062
100063
100064
100065
100066
100067
100068
100069
100070
100071
100073
100074
100075
100076
100077
100078
100079
100080
100081
100082
100083
100084
100085
100086
100087
100088
100089
100090
100091
100092
100093
100094
100095
100096
100097
100098
100099
100100
100101
100103
100104
100105
100106
100107
100108
100109
100110
100111
100113
100114
100115
100117
100118
100119
100120
100121
100122
100123
100124
100125
100126
100127
100128
100130
100131
100132
100133
100134
100135
100136
100137
100139
100140
100141
100142
100143
100144
100146
100147
100148
100149
100150
100152
100153
100154
100155
100157
100159
100162
100163
100165
100167
100168
100169
100171
100173
100174
100176
100177
100178
100179
100180
100182
100183
100185
100186
100187
100189
100190
100191
100192
100193
100196
100197
100198
100201
100202
100203
100207
100208
100209
100210
100213
100215
100216
100217
100218
100219
100221
100222
100223
100224
100225
100226
100227
100228
100229
100230
100231
100232
100234
100235
100236
100237
100239
100240
100241
100242
100243
100244
100245
100246
100247
100248
100249
100250
100251
100252
100253
100254
100255
100256
100257
100259
100260
100261
100262
100263
100264
100265
100266
100267
100268
100269
100270
100271
100272
100273
100274
100275
100276
100277
100278
100279
100280
100281
100282
100283
100284
100287
100288
100289
100290
100291
100292
100293
100294
100295
100296
100297
100298
100299
100300
100301
100302
100303
100304
100305
100306
100307
100308
100309
100310
100312
100313
100314
100315
100316
100317
100318
100320
100321
100322
100323
100325
100326
100327
100329
100330
100331
100332
100333
100334
100335
100336
100337
100338
100339
100340
100341
100342
100343
100344
100345
100346
100347
100348
100349
100350
100351
100352
100353
100354
100355
100356
100357
100358
100359
100360
100361
100362
100364
100365
100366
100367
100368
100369
100370
100372
100373
100374
100375
100376
100377
100378
100379
100380
100381
100382
100383
100384
100386
100387
100389
100390
100391
100393
100394
100395
100396
100397
100398
100399
100400
100401
100402
100403
100405
100406
100408
100409
100410
100411
100412
100413
100414
100415
100417
100418
100419
100421
100423
100424
100425
100426
100427
100428
100429
100430
100431
100432
100433
100434
100435
100436
100437
100438
100439
100440
100441
100442
100443
100444
100445
100446
100447
100448
100449
100451
100452
100454
100457
100458
100459
100460
100461
100462
100463
100465
100466
100467
100468
100469
100470
100471
100472
100473
100474
100475
100476
100477
100478
100479
100480
100481
100482
100483
100484
100485
100486
100488
100490
100491
100492
100493
100494
100495
100496
100497
100498
100500
100501
100502
100505
100506
100507
100510
100511
100513
100515
100517
100519
100520
100527
100529
100532
100533
100534
100535
100536
100537
100538
100539
100540
100541
100542
100543
100544
100545
100546
100547
100548
100549
100550
100552
100553
100554
100555
100556
100557
100558
100559
100560
100561
100562
100563
100564
100565
100566
100567
100568
100569
100570
100571
100572
100573
100574
100575
100576
100578
100579
100580
100581
100582
100583
100584
100585
100586
100587
100588
100589
100590
100591
100592
100593
100594
100595
100596
100597
100598
100599
100600
100601
100602
100603
100604
100605
100606
100607
100608
100609
100610
100611
100612
100613
100614
100615
100616
100617
100618
100619
100620
100621
100622
100623
100624
100625
100626
100627
100628
100629
100630
100631
100632
100633
100634
100636
100637
100638
100639
100640
100641
100642
100643
100644
100645
100646
100647
100648
100649
100650
100651
100652
100653
100654
100655
100656
100657
100658
100659
100660
100661
100662
100663
100664
100665
100667
100668
100669
100670
100671
100672
100673
100674
100675
100676
100677
100679
100680
100681
100682
100683
100684
100685
100686
100687
100688
100689
100690
100691
100692
100693
100694
100695
100696
100697
100698
100699
100700
100701
100702
100703
100704
100705
100706
100707
100708
100709
100710
100711
100712
100713
100714
100715
100716
100717
100718
100719
100720
100721
100722
100723
100725
100727
100728
100729
100730
100731
100732
100733
100734
100735
100736
100737
100738
100739
100741
100742
100743
100744
100745
100746
100747
100748
100749
100750
100751
100752
100753
100754
100755
100756
100757
100758
100759
100760
100761
100762
100764
100765
100766
100767
100769
100770
100771
100772
100773
100774
100775
100776
100777
100778
100779
100780
100781
100782
100784
100785
100786
100787
100788
100789
100790
100791
100793
100794
100795
100796
100797
100798
100799
100800
100801
100802
100803
100804
100805
100806
100807
100808
100810
100811
100812
100814
100815
100816
100817
100818
100819
100820
100821
100822
100823
100825
100826
100827
100829
100830
100831
100832
100833
100834
100835
100836
100837
100838
100840
100841
100842
100844
100845
100846
100847
100848
100849
100851
100852
100853
100854
100855
100856
100858
100859
100860
100861
100862
100863
100864
100865
100866
100867
100868
100869
100870
100871
100872
100873
100874
100875
100876
100877
100878
100879
100880
100881
100882
100883
100884
100885
100887
100888
100890
100891
100893
100894
100895
100897
100898
100899
100900
100901
100902
100903
100905
100906
100907
100908
100909
100910
100911
100914
100915
100917
100918
100919
100920
100921
100923
100924
100925
100926
100928
100931
100932
100933
100934
100935
100937
100939
100940
100941
100945
100946
100947
100948
100950
100951
100952
100953
100956
100958
100959
100962
100965
100966
100970
100973
100975
100976
100977
100978
100979
100980
100982
100983
100984
100985
100987
100988
100989
100990
100992
100993
100994
100995
100996
100997
100998
101000
101001
101002
101004
101006
101007
101008
101010
101011
101013
101014
101015
101016
101017
101018
101019
101020
101022
101023
101024
101025
101026
101027
101030
101031
101032
101034
101035
101038
101039
101040
101041
101044
101046
101047
101048
101049
101052
101053
101055
101056
101057
101061
101062
101063
101064
101065
101066
101071
101072
101073
101074
101075
101083
101085
101087
101089
101091
101095
101102
101103
101105
101106
101122
101123
101124
101125
101126
101127
101128
101129
101130
101131
101132
101133
101134
101135
101136
101137
101138
101139
101140
101141
101142
101143
101144
101145
101146
101147
101148
101149
101150
101151
101152
101153
101154
101155
101156
101157
101158
101159
101160
101161
101162
101163
101164
101166
101167
101168
101169
101170
101171
101172
101173
101174
101175
101176
101177
101178
101179
101180
101181
101182
101183
101184
101185
101187
101188
101190
101192
101193
101194
101195
101196
101197
101198
101199
101200
101201
101202
101203
101204
101205
101206
101207
101208
101209
101210
101211
101212
101213
101214
101215
101216
101217
101218
101219
101220
101221
101222
101223
101224
101225
101226
101227
101228
101229
101230
101231
101233
101234
101235
101236
101237
101238
101239
101242
101243
101244
101245
101246
101247
101248
101249
101250
101251
101252
101253
101254
101255
101256
101257
101258
101261
101262
101263
101264
101265
101266
101267
101268
101269
101270
101271
101272
101273
101275
101276
101277
101278
101279
101280
101281
101283
101284
101285
101286
101287
101288
101289
101290
101291
101292
101294
101295
101296
101297
101298
101299
101300
101301
101302
101303
101304
101305
101306
101307
101308
101309
101310
101311
101313
101314
101315
101316
101317
101319
101320
101321
101322
101323
101324
101325
101326
101327
101328
101330
101331
101332
101334
101335
101336
101337
101338
101339
101340
101341
101345
101346
101347
101348
101349
101350
101351
101352
101355
101356
101357
101359
101360
101361
101362
101363
101364
101366
101367
101368
101370
101371
101372
101373
101375
101376
101377
101378
101379
101380
101381
101382
101383
101384
101385
101386
101387
101390
101392
101393
101394
101395
101397
101398
101399
101400
101401
101402
101403
101404
101405
101406
101407
101408
101411
101412
101413
101414
101415
101416
101417
101418
101419
101420
101422
101426
101427
101428
101430
101431
101432
101434
101435
101436
101438
101439
101440
101441
101442
101443
101444
101446
101450
101451
101452
101453
101454
101457
101459
101461
101462
101463
101464
101465
101470
101471
101472
101474
101476
101480
101481
101483
101484
101485
101486
101487
101488
101490
101491
101492
101493
101496
101497
101498
101502
101508
101509
101511
101513
101515
101516
101518
101521
101522
101523
101524
101530
101531
101533
101534
101535
101537
101539
101540
101542
101544
101545
101550
101551
101555
101557
101561
101565
101567
101568
101569
101572
101575
101578
101587
101588
101589
101590
101591
101592
101593
101594
101595
101596
101597
101598
101599
101601
101602
101603
101604
101605
101606
101607
101608
101609
101610
101611
101612
101613
101614
101615
101616
101617
101618
101619
101620
101621
101622
101623
101624
101625
101626
101627
101628
101629
101630
101631
101632
101633
101634
101635
101636
101637
101638
101639
101640
101641
101642
101643
101644
101645
101646
101647
101648
101649
101650
101651
101652
101653
101654
101655
101656
101657
101658
101659
101660
101661
101662
101663
101664
101665
101666
101667
101668
101669
101670
101671
101672
101673
101674
101675
101676
101677
101678
101679
101680
101681
101683
101684
101685
101686
101687
101688
101689
101691
101692
101693
101694
101695
101696
101697
101698
101699
101700
101701
101702
101703
101704
101705
101706
101707
101708
101709
101710
101711
101712
101713
101714
101715
101716
101717
101718
101719
101720
101721
101722
101723
101724
101725
101726
101728
101729
101730
101731
101732
101733
101734
101735
101736
101737
101738
101739
101740
101741
101742
101743
101744
101745
101746
101747
101748
101749
101750
101751
101752
101753
101754
101755
101756
101757
101758
101759
101760
101761
101762
101764
101765
101766
101767
101768
101770
101771
101772
101773
101774
101775
101776
101778
101779
101780
101781
101782
101783
101784
101785
101786
101787
101788
101789
101790
101791
101792
101793
101794
101796
101797
101798
101799
101800
101801
101802
101803
101805
101806
101807
101808
101809
101810
101811
101814
101816
101817
101818
101819
101820
101823
101824
101825
101826
101827
101828
101829
101831
101832
101833
101835
101836
101837
101839
101840
101841
101842
101843
101844
101845
101846
101847
101848
101849
101850
101851
101852
101853
101854
101855
101856
101857
101858
101859
101860
101861
101862
101863
101864
101865
101866
101867
101868
101869
101870
101871
101872
101873
101874
101875
101876
101877
101878
101879
101880
101881
101883
101884
101885
101887
101888
101889
101890
101891
101893
101894
101895
101896
101897
101899
101900
101901
101904
101905
101906
101908
101909
101910
101911
101912
101913
101914
101915
101917
101919
101920
101921
101923
101924
101925
101926
101927
101928
101930
101931
101932
101933
101934
101935
101936
101940
101941
101942
101943
101944
101945
101946
101947
101948
101949
101951
101952
101953
101954
101955
101956
101958
101959
101960
101961
101962
101963
101964
101965
101966
101967
101968
101969
101971
101972
101973
101974
101975
101977
101978
101979
101980
101982
101983
101984
101985
101986
101987
101988
101989
101991
101992
101993
101994
101995
101996
101997
101998
101999
102000
102001
102002
102005
102006
102007
102008
102009
102010
102011
102012
102014
102015
102017
102018
102019
102020
102021
102022
102023
102024
102025
102026
102027
102028
102029
102030
102031
102033
102034
102035
102036
102037
102038
102039
102040
102041
102042
102043
102044
102045
102046
102047
102048
102049
102050
102051
102052
102053
102054
102055
102057
102058
102059
102061
102062
102063
102064
102065
102066
102067
102068
102069
102070
102071
102072
102073
102074
102075
102076
102077
102078
102079
102080
102081
102082
102084
102085
102086
102087
102088
102089
102090
102091
102092
102093
102094
102095
102096
102097
102098
102099
102100
102102
102103
102105
102106
102107
102108
102109
102110
102111
102112
102113
102114
102115
102116
102117
102118
102119
102120
102121
102122
102123
102124
102125
102126
102127
102130
102131
102133
102134
102135
102136
102137
102138
102139
102140
102141
102142
102143
102145
102146
102147
102149
102150
102154
102158
102159
102161
102162
102163
102164
102165
102166
102167
102168
102170
102171
102172
102173
102174
102175
102176
102177
102178
102179
102180
102181
102182
102183
102185
102186
102187
102189
102190
102191
102193
102194
102196
102198
102199
102200
102202
102203
102204
102205
102206
102208
102209
102210
102212
102213
102214
102215
102216
102218
102219
102220
102221
102222
102223
102225
102226
102227
102230
102231
102232
102233
102234
102235
102236
102237
102239
102241
102242
102243
102245
102246
102248
102250
102251
102252
102253
102254
102255
102256
102259
102260
102263
102264
102265
102266
102267
102268
102270
102271
102273
102274
102275
102276
102277
102279
102280
102281
102282
102283
102284
102285
102287
102288
102289
102290
102292
102293
102294
102298
102299
102300
102301
102303
102306
102307
102309
102310
102311
102312
102313
102314
102316
102319
102320
102322
102323
102325
102326
102327
102330
102331
102332
102333
102334
102335
102337
102339
102341
102342
102343
102344
102345
102346
102347
102348
102350
102353
102354
102355
102356
102357
102359
102360
102361
102363
102364
102367
102368
102369
102370
102374
102375
102377
102381
102383
102384
102386
102387
102389
102391
102392
102394
102395
102396
102398
102401
102402
102403
102406
102407
102409
102410
102411
102415
102417
102418
102419
102421
102422
102423
102426
102428
102430
102431
102432
102433
102434
102435
102436
102437
102439
102440
102441
102442
102443
102444
102445
102446
102448
102449
102451
102452
102453
102454
102455
102456
102457
102459
102460
102462
102463
102464
102469
102471
102473
102475
102476
102479
102481
102483
102484
102485
102486
102488
102489
102490
102491
102497
102499
102500
102503
102504
102510
102513
102514
102517
102518
102521
102522
102524
102526
102528
102529
102532
102537
102538
102540
102542
102545
102548
102551
102556
102557
102558
102559
102562
102563
102566
102567
102568
102571
102572
102576
102577
102578
102579
102582
102584
102585
102586
102587
102592
102596
102597
102598
102603
102606
102607
102608
102614
102615
102616
102619
102621
102622
102624
102625
102628
102629
102631
102636
102639
102646
102647
102648
102656
102658
102662
102664
102665
102678
102680
102684
102686
102687
102690
102691
102694
102698
102703
102704
102706
102708
102717
102723
102724
102725
102727
102737
102738
102741
102742
102745
102746
102749
102752
102754
102756
102757
102758
102759
102760
102761
102764
102768
102769
102770
102773
102775
102777
102793
102796
102809
102846
102848
102888
102894
102895
102896
102897
102898
102899
102900
102901
102902
102903
102904
102905
102906
102907
102908
102909
102910
102911
102912
102913
102914
102915
102916
102917
102918
102919
102920
102921
102922
102923
102924
102925
102926
102927
102928
102929
102931
102932
102933
102934
102935
102936
102937
102938
102939
102940
102941
102942
102943
102944
102945
102946
102947
102948
102949
102950
102951
102953
102954
102955
102956
102957
102958
102959
102960
102961
102962
102963
102964
102965
102966
102967
102968
102969
102971
102972
102973
102974
102975
102976
102977
102978
102979
102980
102983
102984
102985
102986
102987
102988
102989
102990
102991
102992
102993
102994
102995
102996
102997
102998
103000
103001
103002
103004
103005
103006
103007
103008
103009
103010
103011
103012
103013
103015
103016
103017
103019
103022
103023
103024
103025
103026
103027
103028
103029
103030
103031
103032
103033
103034
103035
103036
103037
103038
103039
103040
103041
103042
103043
103044
103045
103046
103047
103048
103049
103050
103051
103052
103053
103054
103057
103058
103059
103060
103062
103063
103066
103067
103068
103069
103070
103071
103072
103073
103074
103075
103076
103077
103079
103080
103081
103082
103083
103084
103085
103086
103089
103091
103092
103093
103094
103096
103097
103099
103100
103101
103102
103103
103104
103105
103106
103107
103108
103109
103110
103112
103113
103114
103115
103116
103117
103118
103119
103120
103121
103123
103124
103125
103126
103127
103128
103130
103132
103133
103134
103135
103136
103137
103138
103139
103140
103142
103143
103144
103145
103146
103148
103149
103151
103152
103153
103154
103155
103157
103158
103160
103161
103162
103164
103167
103169
103170
103171
103172
103173
103174
103175
103177
103178
103179
103180
103181
103182
103183
103184
103186
103187
103188
103189
103191
103193
103195
103196
103197
103198
103199
103200
103201
103202
103203
103205
103206
103208
103209
103210
103211
103212
103213
103215
103217
103218
103219
103220
103221
103222
103223
103224
103226
103227
103228
103229
103230
103231
103232
103233
103235
103236
103237
103239
103242
103243
103245
103246
103247
103248
103250
103251
103253
103258
103259
103260
103261
103263
103264
103265
103266
103267
103268
103269
103270
103271
103272
103273
103274
103275
103277
103278
103279
103280
103282
103283
103284
103285
103286
103287
103288
103289
103290
103291
103293
103294
103297
103299
103300
103301
103303
103305
103306
103307
103308
103309
103310
103311
103312
103313
103314
103315
103316
103319
103320
103322
103323
103325
103326
103328
103329
103331
103332
103333
103335
103336
103341
103342
103343
103345
103347
103351
103353
103358
103359
103360
103361
103363
103364
103365
103366
103367
103368
103369
103371
103372
103373
103374
103375
103376
103378
103379
103380
103383
103384
103385
103386
103387
103388
103391
103393
103394
103395
103396
103397
103398
103399
103401
103402
103403
103404
103407
103408
103409
103412
103413
103416
103417
103418
103420
103421
103422
103423
103425
103426
103428
103429
103433
103436
103437
103438
103440
103443
103445
103446
103449
103453
103454
103455
103456
103460
103461
103462
103463
103464
103465
103469
103470
103471
103472
103473
103474
103475
103480
103481
103482
103483
103484
103485
103487
103488
103489
103490
103491
103493
103495
103497
103500
103502
103503
103505
103506
103507
103509
103510
103511
103512
103513
103514
103516
103518
103521
103524
103526
103527
103533
103535
103536
103537
103539
103540
103546
103547
103548
103549
103551
103552
103555
103556
103557
103559
103560
103561
103563
103564
103568
103571
103572
103573
103575
103578
103579
103582
103583
103584
103585
103589
103590
103591
103594
103598
103599
103600
103601
103603
103605
103608
103609
103610
103611
103612
103613
103614
103618
103620
103622
103623
103626
103627
103628
103629
103631
103634
103640
103643
103650
103654
103659
103660
103661
103666
103669
103670
103676
103677
103681
103684
103687
103689
103690
103691
103700
103702
103703
103704
103705
103706
103707
103708
103709
103710
103711
103712
103713
103714
103715
103716
103717
103718
103719
103720
103721
103722
103723
103724
103725
103726
103727
103728
103729
103730
103731
103732
103733
103734
103735
103736
103737
103738
103739
103740
103741
103742
103743
103744
103745
103746
103747
103748
103749
103750
103751
103752
103754
103755
103756
103757
103758
103759
103760
103761
103762
103763
103764
103765
103766
103767
103768
103769
103770
103771
103772
103773
103774
103776
103777
103778
103779
103780
103781
103782
103783
103784
103785
103786
103787
103788
103789
103790
103791
103792
103793
103794
103795
103796
103797
103798
103799
103801
103802
103803
103804
103805
103806
103807
103808
103809
103810
103811
103812
103813
103814
103815
103816
103817
103818
103819
103820
103821
103822
103823
103824
103825
103826
103827
103828
103829
103830
103831
103832
103833
103834
103835
103836
103837
103838
103839
103840
103841
103842
103843
103844
103845
103846
103847
103848
103849
103850
103851
103852
103853
103854
103855
103856
103857
103858
103859
103860
103861
103862
103863
103864
103865
103867
103868
103869
103870
103871
103872
103873
103874
103875
103876
103877
103878
103879
103880
103881
103883
103884
103886
103887
103888
103889
103890
103893
103894
103895
103896
103897
103898
103899
103900
103901
103902
103903
103904
103905
103906
103907
103908
103910
103911
103912
103913
103915
103916
103918
103919
103920
103921
103922
103924
103925
103926
103927
103928
103929
103931
103932
103933
103934
103935
103936
103937
103938
103940
103941
103942
103943
103945
103946
103947
103948
103949
103950
103951
103952
103953
103954
103957
103958
103959
103961
103962
103963
103964
103965
103968
103969
103971
103972
103973
103974
103975
103976
103977
103978
103979
103980
103982
103983
103984
103986
103988
103989
103990
103991
103992
103993
103994
103995
103996
103997
103998
103999
104000
104001
104004
104005
104006
104007
104008
104009
104010
104011
104012
104013
104014
104015
104016
104017
104018
104019
104020
104021
104022
104023
104024
104025
104027
104028
104030
104031
104032
104033
104034
104035
104036
104037
104038
104039
104040
104042
104043
104044
104045
104046
104049
104050
104051
104052
104053
104054
104055
104056
104057
104058
104059
104061
104062
104063
104065
104067
104068
104069
104070
104071
104072
104073
104074
104075
104076
104077
104078
104079
104080
104081
104082
104083
104084
104085
104086
104088
104089
104090
104091
104092
104093
104095
104096
104098
104099
104101
104102
104103
104104
104105
104106
104107
104108
104109
104110
104111
104112
104113
104114
104115
104116
104119
104120
104121
104122
104123
104124
104125
104126
104127
104128
104129
104130
104132
104134
104135
104137
104138
104139
104140
104141
104142
104143
104144
104145
104146
104147
104148
104149
104150
104151
104152
104153
104154
104155
104156
104158
104159
104160
104162
104164
104165
104167
104168
104169
104170
104172
104173
104174
104175
104176
104177
104178
104179
104180
104181
104183
104186
104187
104188
104190
104191
104194
104195
104196
104197
104198
104200
104201
104203
104204
104205
104206
104207
104208
104211
104212
104213
104214
104216
104218
104219
104220
104221
104222
104223
104224
104225
104226
104227
104228
104229
104232
104233
104234
104235
104236
104237
104238
104239
104240
104241
104242
104243
104245
104246
104247
104248
104250
104251
104252
104253
104254
104255
104256
104257
104258
104259
104261
104262
104263
104264
104268
104270
104271
104274
104275
104276
104277
104278
104279
104281
104282
104283
104284
104285
104286
104287
104288
104290
104291
104292
104293
104294
104295
104296
104298
104299
104300
104301
104302
104304
104305
104306
104307
104308
104309
104310
104311
104312
104313
104314
104315
104316
104317
104318
104319
104321
104322
104323
104324
104325
104326
104329
104330
104331
104332
104334
104335
104336
104337
104338
104339
104340
104341
104342
104343
104344
104345
104346
104347
104348
104351
104352
104353
104354
104355
104356
104358
104359
104360
104362
104363
104365
104366
104367
104368
104370
104371
104372
104373
104374
104375
104376
104377
104378
104379
104380
104381
104383
104385
104386
104387
104390
104391
104392
104393
104395
104396
104398
104399
104400
104401
104402
104403
104404
104405
104406
104407
104408
104409
104411
104414
104416
104417
104418
104419
104421
104422
104423
104424
104425
104426
104427
104428
104431
104432
104433
104434
104435
104437
104438
104439
104440
104441
104442
104443
104444
104445
104446
104448
104450
104452
104454
104455
104456
104458
104459
104460
104462
104464
104465
104466
104467
104468
104469
104470
104471
104472
104473
104474
104475
104476
104478
104479
104480
104482
104483
104484
104487
104488
104489
104492
104493
104494
104495
104497
104498
104499
104500
104502
104503
104504
104505
104506
104507
104508
104509
104510
104511
104512
104513
104514
104516
104517
104518
104520
104521
104522
104523
104524
104525
104526
104528
104530
104531
104532
104533
104534
104535
104536
104538
104540
104541
104542
104543
104544
104545
104546
104547
104548
104549
104550
104551
104552
104554
104555
104557
104558
104559
104562
104563
104564
104565
104566
104567
104568
104569
104570
104571
104573
104574
104575
104576
104577
104578
104580
104581
104583
104584
104585
104586
104587
104588
104589
104590
104591
104592
104594
104595
104596
104597
104598
104599
104600
104601
104602
104603
104604
104606
104607
104608
104610
104612
104613
104615
104617
104618
104619
104620
104621
104622
104623
104626
104630
104632
104633
104634
104635
104636
104637
104638
104641
104642
104644
104646
104647
104648
104649
104650
104651
104652
104653
104654
104655
104656
104657
104658
104661
104662
104664
104665
104666
104667
104668
104669
104670
104671
104672
104673
104674
104676
104677
104678
104679
104680
104682
104683
104684
104685
104686
104687
104689
104690
104692
104693
104694
104695
104696
104697
104698
104700
104701
104702
104703
104704
104706
104707
104708
104709
104712
104713
104714
104715
104718
104719
104720
104721
104723
104724
104725
104726
104727
104728
104729
104730
104731
104732
104733
104735
104736
104737
104739
104741
104743
104744
104745
104747
104749
104750
104751
104752
104753
104755
104756
104757
104759
104761
104762
104763
104764
104765
104766
104767
104769
104771
104772
104773
104774
104776
104777
104778
104779
104781
104784
104785
104786
104787
104788
104789
104790
104791
104792
104793
104794
104797
104798
104799
104801
104802
104806
104808
104810
104812
104813
104815
104816
104817
104819
104820
104821
104824
104825
104826
104828
104829
104830
104831
104832
104833
104836
104837
104838
104840
104841
104844
104845
104847
104849
104850
104851
104853
104854
104855
104856
104857
104858
104859
104860
104861
104862
104864
104865
104867
104868
104869
104870
104871
104875
104878
104879
104882
104883
104885
104886
104889
104899
104900
104902
104903
104904
104905
104906
104908
104909
104910
104911
104914
104915
104916
104917
104918
104919
104920
104921
104928
104929
104932
104933
104934
104935
104936
104937
104939
104942
104943
104944
104945
104946
104947
104948
104950
104954
104955
104957
104958
104960
104961
104962
104963
104964
104965
104966
104967
104970
104971
104974
104977
104979
104980
104981
104983
104988
104989
104990
104991
104992
104993
104994
104995
104997
104999
105000
105002
105003
105006
105007
105008
105010
105012
105016
105017
105018
105019
105020
105022
105023
105024
105026
105027
105028
105029
105032
105033
105036
105037
105038
105042
105043
105045
105046
105048
105050
105051
105052
105053
105055
105056
105057
105058
105060
105061
105064
105065
105066
105067
105069
105071
105073
105074
105077
105078
105079
105080
105081
105082
105083
105085
105087
105088
105090
105091
105092
105093
105094
105097
105098
105099
105101
105104
105107
105108
105110
105111
105113
105114
105117
105118
105119
105121
105122
105123
105124
105126
105128
105129
105130
105138
105140
105141
105142
105143
105144
105145
105146
105148
105149
105151
105153
105154
105159
105160
105161
105163
105165
105166
105168
105172
105173
105175
105176
105177
105180
105181
105182
105184
105185
105187
105188
105189
105190
105192
105193
105194
105197
105198
105199
105200
105201
105203
105204
105205
105207
105208
105210
105211
105213
105215
105216
105218
105221
105222
105224
105227
105228
105229
105232
105233
105234
105236
105240
105242
105243
105245
105246
105248
105249
105250
105251
105252
105254
105255
105256
105257
105258
105260
105262
105263
105264
105266
105268
105269
105270
105273
105279
105280
105281
105282
105283
105285
105287
105289
105290
105291
105292
105293
105294
105295
105297
105298
105299
105300
105301
105303
105304
105307
105309
105310
105312
105313
105315
105316
105317
105318
105319
105320
105322
105323
105324
105326
105328
105330
105331
105332
105333
105334
105336
105337
105341
105342
105343
105347
105348
105349
105350
105352
105354
105355
105361
105363
105364
105366
105367
105368
105369
105374
105375
105377
105378
105380
105381
105382
105383
105384
105389
105390
105391
105395
105396
105397
105398
105402
105405
105407
105408
105411
105413
105414
105418
105419
105422
105425
105426
105430
105431
105432
105433
105434
105436
105439
105440
105441
105442
105444
105445
105447
105448
105449
105450
105452
105453
105454
105455
105458
105462
105463
105467
105468
105472
105474
105475
105476
105477
105478
105479
105481
105482
105485
105487
105488
105491
105495
105497
105498
105499
105500
105503
105504
105507
105508
105510
105512
105513
105514
105519
105521
105525
105527
105528
105530
105532
105535
105536
105538
105539
105540
105541
105542
105544
105545
105549
105550
105551
105552
105553
105554
105555
105556
105557
105558
105559
105560
105561
105563
105567
105568
105569
105573
105574
105575
105577
105581
105584
105585
105586
105588
105592
105595
105596
105598
105599
105602
105604
105606
105612
105613
105618
105619
105623
105626
105627
105629
105630
105631
105632
105633
105636
105637
105639
105640
105641
105644
105646
105648
105650
105652
105653
105657
105658
105661
105662
105664
105669
105675
105676
105678
105679
105680
105682
105684
105685
105686
105688
105690
105693
105695
105698
105699
105702
105704
105708
105709
105710
105713
105714
105715
105716
105720
105721
105725
105726
105727
105728
105729
105731
105734
105740
105741
105743
105744
105748
105749
105750
105753
105756
105757
105758
105759
105760
105764
105767
105768
105769
105771
105774
105775
105777
105778
105780
105781
105784
105785
105787
105788
105789
105790
105791
105797
105798
105799
105803
105804
105805
105808
105810
105812
105814
105815
105816
105817
105819
105820
105821
105826
105827
105828
105829
105831
105839
105841
105844
105845
105849
105853
105855
105856
105857
105861
105865
105866
105867
105869
105871
105873
105874
105875
105877
105878
105879
105880
105882
105884
105886
105887
105888
105891
105894
105896
105899
105900
105902
105907
105908
105909
105910
105911
105912
105913
105917
105918
105919
105920
105921
105923
105924
105929
105935
105938
105939
105942
105943
105944
105949
105952
105954
105956
105957
105958
105959
105964
105966
105968
105970
105971
105972
105973
105975
105976
105978
105979
105988
105989
105993
105994
105995
105998
106002
106003
106004
106006
106007
106008
106012
106014
106018
106021
106029
106030
106032
106034
106035
106037
106039
106040
106047
106051
106053
106054
106059
106060
106061
106065
106066
106068
106070
106074
106077
106079
106081
106090
106092
106093
106095
106098
106099
106100
106101
106102
106103
106104
106108
106109
106111
106113
106117
106118
106122
106123
106124
106127
106130
106132
106134
106135
106137
106138
106140
106141
106143
106144
106147
106149
106150
106151
106157
106160
106161
106164
106166
106169
106172
106176
106178
106180
106187
106189
106193
106194
106195
106196
106198
106203
106204
106212
106214
106216
106218
106219
106225
106226
106227
106229
106232
106235
106239
106246
106247
106248
106250
106258
106264
106265
106267
106269
106276
106281
106283
106285
106292
106293
106295
106300
106301
106302
106303
106313
106322
106323
106324
106326
106333
106335
106338
106341
106342
106344
106345
106349
106350
106352
106356
106360
106364
106365
106367
106368
106371
106377
106380
106382
106384
106387
106388
106389
106393
106397
106398
106401
106405
106409
106412
106414
106415
106419
106421
106424
106425
106426
106429
106433
106434
106435
106436
106443
106464
106466
106469
106470
106476
106477
106490
106491
106492
106495
106496
106504
106505
106506
106507
106510
106511
106516
106520
106527
106528
106530
106532
106533
106534
106535
106537
106538
106543
106544
106548
106549
106550
106551
106556
106557
106559
106570
106571
106572
106576
106577
106578
106579
106581
106586
106597
106601
106603
106604
106608
106609
106612
106614
106615
106616
106618
106624
106630
106632
106643
106644
106646
106652
106657
106663
106664
106666
106669
106673
106674
106676
106677
106680
106687
106688
106690
106691
106703
106708
106710
106726
106742
106751
106753
106754
106756
106761
106762
106767
106771
106772
106774
106782
106788
106789
106790
106793
106796
106799
106804
106806
106808
106810
106812
106816
106818
106824
106835
106836
106840
106841
106843
106848
106855
106865
106866
106869
106873
106875
106876
106884
106885
106894
106895
106896
106904
106905
106912
106913
106915
106918
106923
106926
106939
106944
106947
106952
106954
106958
106963
106968
106977
106981
106984
106995
106996
107003
107004
107005
107008
107012
107013
107022
107033
107045
107056
107061
107064
107065
107074
107076
107094
107099
107103
107104
107105
107107
107111
107114
107116
107119
107122
107124
107127
107128
107129
107138
107139
107143
107156
107160
107162
107165
107174
107180
107186
107204
107210
107212
107216
107218
107228
107230
107236
107240
107247
107251
107256
107258
107269
107270
107284
107285
107288
107292
107295
107297
107318
107322
107329
107333
107335
107336
107338
107340
107357
107362
107367
107376
107381
107402
107404
107405
107414
107426
107430
107447
107456
107472
107474
107505
107531
107542
107556
107561
107562
107570
107584
107587
107616
107668
107669
107670
107671
107672
107673
107675
107676
107677
107678
107679
107681
107682
107684
107685
107686
107687
107688
107689
107690
107691
107692
107693
107694
107695
107696
107697
107698
107699
107700
107701
107702
107703
107704
107705
107706
107707
107708
107709
107710
107711
107712
107713
107714
107715
107716
107717
107718
107719
107720
107721
107722
107723
107724
107725
107726
107727
107728
107729
107730
107731
107732
107733
107734
107735
107736
107737
107738
107739
107740
107741
107742
107743
107744
107745
107746
107747
107748
107749
107750
107751
107752
107754
107755
107756
107757
107758
107759
107760
107761
107762
107763
107764
107765
107766
107767
107768
107769
107770
107771
107772
107773
107774
107775
107777
107778
107779
107780
107781
107782
107783
107784
107785
107786
107787
107788
107789
107790
107791
107792
107793
107794
107795
107796
107797
107798
107799
107800
107802
107803
107804
107805
107806
107807
107808
107809
107810
107811
107813
107814
107815
107816
107817
107818
107819
107820
107821
107822
107823
107824
107825
107826
107827
107828
107829
107830
107831
107832
107833
107834
107836
107837
107838
107839
107840
107841
107842
107843
107844
107845
107846
107847
107848
107849
107850
107851
107852
107853
107855
107856
107857
107858
107860
107862
107863
107864
107865
107866
107867
107868
107869
107870
107871
107872
107873
107874
107875
107876
107877
107878
107879
107880
107881
107882
107883
107884
107885
107886
107887
107889
107891
107892
107893
107894
107895
107896
107897
107898
107899
107900
107901
107902
107904
107905
107906
107907
107908
107909
107912
107913
107915
107916
107917
107918
107920
107921
107922
107923
107924
107925
107926
107927
107928
107929
107932
107933
107934
107935
107936
107937
107938
107939
107940
107941
107942
107943
107944
107945
107946
107947
107949
107950
107951
107952
107953
107954
107955
107956
107958
107959
107960
107961
107962
107964
107965
107966
107967
107968
107969
107970
107971
107972
107973
107974
107975
107976
107977
107978
107979
107980
107981
107982
107983
107984
107985
107986
107987
107988
107989
107990
107993
107994
107995
107997
107998
107999
108000
108001
108002
108003
108004
108006
108007
108008
108009
108010
108011
108012
108013
108014
108015
108016
108017
108018
108019
108021
108022
108023
108024
108025
108026
108027
108030
108031
108032
108034
108035
108036
108037
108038
108039
108040
108042
108044
108045
108046
108047
108048
108049
108050
108051
108052
108053
108054
108056
108057
108059
108061
108062
108063
108065
108066
108067
108068
108069
108070
108072
108073
108074
108075
108076
108079
108080
108082
108083
108084
108086
108087
108088
108089
108090
108092
108093
108094
108095
108097
108098
108099
108101
108102
108105
108106
108107
108109
108110
108112
108113
108114
108115
108116
108118
108120
108121
108122
108124
108125
108126
108127
108128
108129
108130
108131
108132
108134
108135
108138
108139
108140
108141
108142
108143
108144
108145
108146
108148
108149
108150
108151
108152
108153
108154
108155
108156
108157
108158
108159
108160
108161
108162
108163
108165
108166
108167
108168
108172
108173
108174
108175
108176
108177
108179
108182
108183
108184
108186
108187
108188
108189
108191
108192
108193
108194
108195
108198
108200
108201
108202
108203
108204
108205
108206
108207
108209
108211
108212
108213
108215
108216
108217
108218
108219
108221
108222
108223
108225
108226
108227
108228
108229
108230
108231
108232
108233
108234
108235
108236
108237
108238
108240
108241
108243
108244
108247
108248
108249
108250
108251
108254
108255
108256
108257
108258
108259
108260
108261
108262
108263
108264
108265
108266
108267
108268
108269
108270
108272
108273
108274
108275
108277
108278
108279
108280
108281
108284
108285
108286
108287
108288
108290
108291
108293
108294
108297
108298
108301
108303
108304
108305
108307
108308
108309
108310
108311
108312
108313
108316
108317
108318
108319
108321
108323
108324
108325
108327
108334
108338
108339
108342
108348
108349
108350
108351
108354
108355
108356
108359
108367
108376
108378
108381
108382
108383
108384
108385
108386
108387
108391
108393
108398
108400
108404
108405
108407
108415
108416
108418
108426
108427
108433
108437
108439
108442
108445
108447
108461
108470
108473
108477
108483
108485
108486
108497
108498
108509
108511
108512
108513
108518
108519
108521
108523
108526
108527
108528
108529
108530
108531
108532
108533
108534
108535
108536
108537
108538
108539
108540
108541
108542
108543
108544
108545
108547
108548
108549
108550
108551
108552
108553
108554
108555
108556
108557
108558
108559
108560
108561
108562
108563
108564
108565
108566
108567
108568
108569
108570
108571
108572
108573
108574
108575
108576
108577
108578
108579
108580
108581
108582
108583
108584
108585
108586
108587
108588
108589
108590
108591
108592
108593
108594
108595
108596
108597
108598
108599
108600
108601
108602
108603
108604
108605
108607
108609
108610
108611
108612
108613
108614
108615
108616
108617
108618
108619
108620
108621
108622
108623
108624
108625
108626
108628
108629
108630
108631
108632
108633
108634
108635
108636
108637
108638
108639
108640
108641
108642
108643
108644
108645
108646
108647
108648
108650
108651
108653
108654
108656
108657
108658
108659
108660
108661
108662
108663
108664
108665
108667
108668
108669
108671
108674
108675
108676
108677
108678
108679
108681
108682
108683
108684
108685
108686
108687
108688
108689
108690
108691
108693
108694
108695
108696
108697
108698
108699
108700
108701
108702
108703
108704
108705
108706
108707
108708
108709
108710
108711
108712
108713
108714
108716
108717
108719
108720
108721
108722
108723
108724
108725
108727
108728
108729
108730
108731
108732
108733
108734
108735
108736
108737
108738
108739
108740
108741
108742
108743
108744
108745
108746
108748
108749
108750
108751
108753
108754
108755
108756
108757
108758
108759
108760
108761
108762
108763
108764
108765
108766
108767
108768
108769
108770
108771
108772
108773
108774
108775
108777
108778
108781
108782
108783
108784
108785
108786
108787
108788
108789
108790
108791
108792
108793
108794
108795
108796
108797
108798
108799
108800
108802
108803
108804
108805
108806
108807
108808
108809
108810
108811
108812
108813
108814
108815
108816
108817
108818
108819
108820
108821
108822
108823
108824
108826
108827
108828
108830
108831
108832
108833
108836
108837
108839
108840
108841
108842
108843
108844
108845
108846
108847
108849
108850
108851
108852
108853
108854
108855
108856
108857
108858
108859
108860
108861
108862
108863
108865
108866
108867
108868
108869
108871
108872
108873
108874
108875
108876
108877
108878
108880
108882
108883
108885
108886
108887
108888
108889
108890
108891
108892
108893
108894
108895
108896
108897
108899
108900
108901
108902
108903
108904
108905
108906
108908
108909
108910
108911
108912
108913
108914
108915
108916
108917
108919
108920
108921
108922
108923
108924
108925
108926
108927
108928
108929
108930
108931
108932
108933
108934
108935
108936
108937
108938
108939
108940
108942
108944
108945
108946
108947
108948
108950
108951
108952
108953
108954
108955
108956
108957
108959
108962
108963
108964
108965
108966
108967
108968
108969
108970
108971
108972
108973
108974
108975
108976
108978
108979
108980
108981
108982
108983
108984
108985
108987
108988
108990
108991
108992
108993
108994
108996
108997
108998
108999
109000
109001
109002
109003
109005
109006
109007
109008
109009
109010
109011
109012
109013
109014
109015
109016
109018
109020
109021
109022
109023
109024
109025
109026
109027
109028
109029
109030
109031
109032
109034
109035
109036
109037
109038
109039
109040
109041
109042
109043
109044
109045
109047
109048
109049
109050
109051
109052
109053
109054
109055
109056
109058
109059
109060
109061
109062
109063
109064
109065
109066
109067
109068
109070
109071
109072
109073
109074
109077
109078
109080
109081
109082
109083
109084
109085
109086
109087
109089
109090
109091
109092
109093
109094
109095
109096
109097
109098
109099
109100
109101
109102
109103
109104
109105
109106
109107
109108
109109
109110
109111
109112
109113
109115
109116
109118
109119
109120
109122
109123
109124
109125
109126
109127
109128
109130
109131
109133
109134
109135
109136
109137
109138
109140
109142
109143
109144
109145
109146
109147
109148
109149
109150
109151
109152
109153
109154
109155
109157
109159
109161
109162
109163
109164
109165
109166
109167
109168
109169
109172
109173
109174
109175
109176
109177
109178
109179
109180
109181
109182
109183
109184
109185
109188
109191
109192
109193
109194
109195
109197
109201
109202
109204
109205
109206
109207
109208
109209
109210
109212
109213
109215
109216
109217
109218
109219
109220
109221
109222
109223
109224
109225
109226
109227
109229
109230
109231
109232
109233
109234
109235
109236
109237
109238
109239
109240
109243
109244
109245
109246
109248
109250
109252
109253
109254
109255
109256
109257
109258
109260
109261
109262
109263
109264
109265
109266
109267
109268
109269
109270
109273
109274
109276
109277
109278
109279
109281
109283
109284
109285
109286
109287
109289
109290
109291
109292
109293
109294
109296
109297
109298
109299
109300
109301
109302
109303
109304
109305
109306
109308
109310
109311
109312
109313
109314
109315
109316
109317
109321
109322
109324
109325
109326
109327
109330
109331
109332
109333
109335
109336
109337
109338
109339
109340
109341
109342
109343
109344
109345
109346
109347
109348
109349
109351
109352
109354
109356
109357
109358
109359
109361
109363
109364
109365
109367
109368
109372
109373
109374
109375
109377
109378
109379
109380
109381
109382
109383
109384
109387
109388
109389
109390
109392
109394
109395
109396
109398
109399
109400
109402
109403
109404
109405
109407
109411
109412
109413
109415
109417
109418
109419
109421
109422
109424
109425
109426
109428
109429
109431
109432
109435
109436
109437
109439
109440
109441
109442
109443
109445
109446
109448
109449
109450
109451
109452
109453
109454
109455
109457
109458
109459
109460
109461
109462
109464
109465
109466
109467
109468
109470
109471
109472
109474
109475
109476
109477
109478
109481
109482
109483
109484
109485
109487
109488
109489
109490
109491
109493
109494
109495
109496
109497
109499
109500
109501
109502
109503
109504
109505
109506
109507
109509
109511
109512
109513
109514
109518
109519
109520
109521
109522
109523
109524
109525
109526
109527
109528
109530
109531
109532
109534
109536
109538
109540
109542
109543
109544
109545
109546
109547
109549
109550
109552
109553
109554
109555
109556
109557
109558
109560
109562
109563
109564
109565
109566
109567
109568
109569
109570
109571
109572
109573
109574
109575
109577
109578
109579
109580
109582
109583
109585
109587
109588
109589
109590
109591
109593
109594
109595
109596
109597
109598
109599
109602
109603
109604
109605
109606
109607
109608
109609
109610
109611
109612
109613
109614
109616
109617
109618
109619
109620
109621
109623
109624
109625
109628
109629
109631
109633
109635
109636
109638
109639
109640
109642
109643
109644
109645
109647
109649
109650
109651
109652
109653
109654
109655
109656
109658
109659
109663
109664
109665
109666
109668
109670
109673
109674
109675
109677
109679
109680
109681
109682
109683
109684
109685
109686
109687
109688
109689
109690
109692
109694
109695
109696
109697
109698
109699
109700
109701
109702
109703
109704
109705
109706
109707
109708
109709
109711
109712
109713
109715
109717
109719
109720
109723
109726
109727
109728
109729
109730
109731
109732
109733
109734
109735
109737
109738
109739
109740
109742
109748
109749
109750
109752
109753
109754
109755
109756
109757
109758
109759
109760
109761
109762
109763
109764
109766
109767
109768
109770
109771
109772
109773
109774
109775
109776
109777
109778
109781
109782
109783
109784
109785
109786
109787
109789
109790
109791
109793
109794
109795
109796
109797
109798
109801
109802
109803
109804
109805
109806
109809
109810
109811
109813
109814
109815
109816
109817
109818
109819
109820
109821
109822
109823
109827
109828
109829
109830
109832
109833
109834
109835
109836
109839
109841
109842
109843
109844
109845
109846
109847
109849
109850
109851
109852
109854
109855
109857
109859
109861
109863
109864
109865
109866
109867
109869
109870
109872
109874
109875
109876
109877
109878
109880
109881
109882
109883
109884
109885
109886
109887
109888
109889
109890
109891
109893
109894
109897
109900
109901
109902
109903
109904
109905
109906
109907
109910
109911
109912
109914
109915
109916
109917
109918
109919
109920
109921
109922
109924
109925
109928
109929
109930
109932
109934
109936
109937
109938
109939
109940
109941
109942
109943
109944
109945
109947
109948
109949
109950
109951
109952
109953
109956
109957
109958
109960
109964
109966
109968
109969
109970
109971
109972
109973
109974
109975
109976
109977
109978
109980
109981
109983
109984
109985
109986
109987
109988
109989
109990
109991
109992
109993
109995
109996
109997
110000
110001
110004
110005
110006
110007
110008
110009
110010
110011
110012
110013
110016
110017
110018
110021
110023
110026
110027
110028
110029
110030
110031
110032
110034
110036
110037
110039
110042
110043
110044
110047
110048
110049
110050
110051
110052
110054
110055
110057
110058
110059
110060
110062
110063
110065
110066
110067
110068
110069
110070
110072
110074
110075
110076
110079
110080
110082
110084
110085
110087
110088
110089
110090
110091
110092
110093
110094
110095
110097
110098
110100
110101
110102
110103
110104
110105
110106
110107
110108
110112
110113
110114
110115
110116
110117
110118
110121
110122
110123
110124
110126
110127
110128
110129
110130
110131
110132
110133
110134
110135
110136
110137
110138
110139
110140
110141
110143
110144
110146
110147
110148
110149
110151
110152
110153
110154
110156
110157
110159
110160
110161
110162
110164
110166
110167
110168
110169
110170
110171
110172
110173
110174
110175
110176
110177
110179
110180
110181
110182
110183
110185
110186
110187
110188
110189
110190
110191
110194
110195
110196
110197
110200
110201
110202
110204
110205
110206
110207
110208
110209
110211
110212
110213
110214
110216
110217
110218
110220
110221
110223
110225
110226
110227
110228
110229
110230
110231
110232
110233
110234
110235
110237
110238
110239
110240
110241
110242
110245
110246
110248
110249
110251
110252
110253
110254
110255
110256
110257
110259
110260
110261
110262
110263
110264
110265
110266
110267
110268
110270
110271
110272
110273
110276
110278
110280
110281
110282
110283
110284
110286
110288
110289
110291
110292
110294
110295
110296
110297
110298
110299
110300
110301
110302
110304
110306
110307
110308
110309
110310
110311
110313
110315
110316
110317
110318
110319
110320
110321
110324
110325
110326
110327
110329
110330
110331
110332
110333
110334
110335
110336
110337
110339
110340
110341
110342
110343
110344
110345
110346
110348
110350
110351
110353
110355
110356
110357
110358
110360
110361
110362
110363
110364
110365
110366
110367
110368
110369
110370
110372
110373
110374
110377
110378
110379
110380
110381
110382
110383
110385
110388
110390
110391
110392
110393
110395
110396
110397
110398
110399
110400
110402
110404
110405
110407
110410
110411
110412
110413
110414
110415
110417
110418
110419
110420
110423
110425
110427
110428
110429
110431
110432
110433
110434
110435
110436
110437
110438
110440
110441
110442
110445
110446
110447
110448
110449
110451
110452
110453
110454
110455
110456
110458
110460
110461
110463
110464
110465
110467
110469
110471
110472
110474
110476
110478
110479
110480
110481
110482
110483
110484
110485
110486
110487
110488
110489
110490
110491
110492
110494
110495
110496
110497
110498
110500
110501
110502
110503
110505
110506
110507
110508
110510
110512
110513
110514
110515
110516
110517
110518
110519
110520
110521
110522
110523
110524
110525
110526
110527
110528
110529
110530
110531
110532
110533
110534
110535
110536
110537
110539
110540
110543
110544
110547
110548
110549
110551
110552
110553
110554
110555
110556
110557
110558
110559
110560
110561
110562
110563
110567
110568
110569
110571
110572
110573
110577
110578
110579
110580
110581
110582
110583
110584
110585
110586
110587
110588
110589
110590
110591
110592
110593
110596
110597
110598
110600
110601
110602
110603
110605
110607
110610
110611
110612
110613
110615
110617
110618
110619
110621
110622
110624
110625
110626
110627
110628
110629
110630
110631
110635
110636
110637
110639
110640
110641
110643
110645
110646
110647
110648
110649
110650
110654
110655
110656
110657
110659
110660
110661
110663
110664
110665
110666
110667
110671
110672
110673
110674
110675
110677
110678
110682
110683
110685
110687
110689
110691
110692
110693
110694
110695
110696
110697
110698
110699
110700
110702
110703
110704
110705
110707
110708
110709
110710
110711
110713
110714
110715
110718
110719
110720
110721
110722
110723
110726
110727
110728
110729
110731
110732
110733
110734
110735
110737
110738
110739
110740
110742
110743
110744
110745
110746
110748
110749
110750
110751
110752
110754
110755
110756
110757
110758
110759
110761
110762
110763
110765
110766
110768
110769
110772
110774
110775
110776
110777
110778
110781
110782
110783
110784
110785
110786
110787
110788
110789
110790
110791
110792
110793
110794
110795
110796
110799
110800
110801
110802
110803
110806
110807
110810
110811
110815
110816
110817
110818
110820
110821
110822
110823
110824
110825
110826
110828
110829
110831
110833
110834
110835
110836
110837
110839
110840
110841
110842
110843
110844
110845
110846
110847
110848
110849
110850
110851
110852
110854
110855
110856
110857
110859
110860
110861
110862
110863
110866
110868
110869
110870
110871
110875
110876
110877
110879
110880
110881
110882
110883
110884
110885
110886
110887
110888
110889
110891
110892
110893
110894
110899
110900
110901
110902
110903
110911
110912
110914
110915
110917
110918
110919
110920
110921
110922
110923
110924
110926
110927
110928
110929
110930
110932
110933
110934
110935
110936
110937
110938
110939
110940
110941
110942
110943
110944
110945
110946
110948
110949
110950
110951
110952
110953
110954
110956
110958
110959
110963
110965
110966
110967
110968
110970
110972
110973
110975
110976
110977
110980
110982
110983
110985
110986
110987
110988
110991
110994
110997
111000
111004
111005
111006
111007
111008
111010
111012
111013
111014
111015
111018
111020
111021
111023
111024
111028
111030
111031
111032
111033
111034
111035
111036
111037
111038
111039
111042
111043
111044
111045
111046
111047
111049
111052
111053
111054
111055
111056
111058
111060
111061
111062
111064
111066
111067
111069
111070
111071
111072
111073
111074
111079
111080
111082
111084
111085
111086
111087
111088
111089
111090
111091
111092
111093
111094
111098
111099
111100
111101
111102
111103
111104
111106
111107
111110
111111
111113
111116
111117
111118
111119
111120
111121
111122
111123
111124
111125
111127
111128
111129
111131
111132
111133
111134
111136
111137
111138
111140
111141
111147
111149
111150
111153
111155
111156
111158
111159
111160
111161
111162
111164
111165
111166
111167
111168
111169
111170
111171
111174
111175
111176
111177
111178
111181
111184
111185
111188
111189
111191
111192
111193
111194
111195
111197
111198
111199
111200
111203
111204
111206
111207
111208
111209
111210
111211
111212
111214
111216
111217
111218
111219
111222
111223
111224
111226
111228
111230
111231
111232
111233
111234
111235
111237
111238
111239
111241
111242
111243
111245
111246
111247
111248
111249
111251
111252
111254
111255
111258
111259
111261
111263
111264
111265
111267
111268
111269
111270
111271
111274
111275
111278
111280
111281
111282
111284
111286
111288
111289
111291
111292
111293
111295
111296
111300
111302
111303
111304
111305
111306
111307
111308
111309
111313
111315
111317
111318
111319
111320
111322
111323
111324
111327
111328
111329
111331
111332
111333
111335
111337
111340
111341
111343
111345
111347
111348
111349
111350
111353
111354
111355
111357
111358
111362
111363
111366
111371
111372
111374
111375
111377
111378
111379
111380
111383
111384
111386
111387
111388
111389
111390
111392
111393
111394
111395
111396
111397
111400
111402
111403
111406
111408
111410
111411
111412
111413
111414
111415
111416
111417
111419
111420
111421
111422
111423
111424
111425
111427
111428
111429
111430
111431
111433
111434
111435
111436
111437
111442
111444
111445
111446
111447
111456
111457
111458
111461
111464
111465
111466
111467
111468
111471
111472
111474
111475
111476
111480
111481
111483
111484
111485
111487
111488
111492
111493
111494
111495
111497
111499
111500
111503
111505
111507
111509
111511
111512
111513
111514
111515
111517
111518
111519
111520
111524
111525
111529
111530
111531
111534
111535
111537
111538
111539
111540
111541
111543
111544
111545
111546
111548
111549
111550
111551
111554
111555
111556
111557
111558
111559
111560
111561
111563
111565
111566
111568
111570
111571
111572
111574
111577
111579
111580
111581
111582
111583
111584
111586
111588
111590
111592
111595
111596
111597
111599
111602
111605
111606
111607
111609
111610
111611
111612
111613
111614
111615
111617
111618
111620
111621
111622
111623
111624
111625
111626
111627
111628
111629
111630
111631
111633
111634
111635
111636
111638
111640
111641
111643
111645
111650
111651
111652
111653
111654
111655
111656
111658
111660
111661
111663
111664
111665
111666
111667
111668
111669
111670
111671
111672
111673
111674
111675
111676
111677
111679
111680
111681
111682
111683
111684
111685
111687
111688
111690
111691
111693
111695
111700
111701
111702
111704
111705
111706
111707
111708
111709
111710
111711
111712
111716
111717
111718
111720
111722
111723
111724
111726
111727
111728
111729
111730
111731
111732
111734
111736
111740
111741
111742
111743
111744
111746
111747
111748
111749
111750
111752
111753
111755
111756
111757
111758
111760
111761
111762
111763
111764
111765
111767
111768
111769
111770
111771
111772
111773
111777
111778
111779
111780
111781
111783
111784
111785
111788
111789
111790
111791
111792
111796
111797
111798
111800
111801
111806
111808
111810
111812
111813
111814
111815
111816
111817
111818
111820
111821
111825
111828
111830
111831
111832
111833
111834
111835
111836
111837
111838
111839
111840
111842
111844
111845
111846
111849
111851
111852
111853
111856
111858
111859
111862
111864
111865
111866
111867
111871
111872
111873
111874
111877
111878
111879
111880
111881
111882
111883
111884
111886
111889
111891
111892
111893
111894
111895
111897
111899
111900
111901
111902
111903
111904
111905
111906
111907
111908
111909
111910
111913
111914
111916
111917
111918
111920
111923
111924
111926
111928
111930
111931
111932
111933
111934
111935
111937
111939
111941
111943
111944
111946
111947
111948
111949
111951
111952
111953
111954
111955
111957
111958
111959
111960
111961
111962
111963
111966
111967
111969
111971
111972
111973
111974
111975
111976
111978
111981
111982
111983
111986
111987
111988
111989
111990
111993
111994
111995
111996
111997
111998
112000
112004
112005
112007
112008
112009
112011
112012
112013
112015
112016
112020
112022
112024
112025
112026
112027
112028
112029
112032
112033
112034
112035
112037
112038
112039
112040
112043
112045
112046
112048
112050
112053
112054
112056
112057
112059
112060
112062
112063
112064
112065
112066
112068
112070
112071
112072
112074
112076
112081
112082
112083
112084
112087
112090
112092
112093
112095
112096
112097
112098
112100
112101
112102
112103
112104
112107
112109
112111
112114
112116
112117
112118
112119
112120
112122
112123
112124
112125
112126
112127
112131
112132
112134
112135
112136
112137
112138
112140
112141
112142
112144
112147
112148
112149
112150
112152
112153
112154
112157
112158
112159
112160
112161
112162
112164
112166
112167
112169
112173
112174
112176
112177
112178
112179
112181
112182
112184
112185
112187
112189
112190
112191
112193
112194
112195
112196
112197
112198
112199
112200
112202
112206
112208
112209
112211
112212
112213
112214
112216
112217
112218
112219
112221
112222
112223
112224
112225
112226
112228
112230
112232
112233
112234
112236
112239
112240
112241
112242
112243
112244
112246
112247
112248
112249
112250
112252
112254
112255
112256
112257
112259
112260
112262
112264
112265
112266
112267
112269
112270
112271
112272
112273
112274
112275
112277
112278
112280
112281
112282
112284
112285
112287
112288
112289
112291
112292
112293
112294
112296
112298
112301
112303
112305
112306
112308
112309
112312
112313
112314
112317
112318
112320
112322
112323
112324
112327
112328
112330
112331
112332
112336
112337
112340
112341
112347
112348
112349
112353
112361
112363
112366
112369
112370
112372
112373
112374
112375
112376
112377
112379
112381
112383
112384
112387
112388
112389
112390
112391
112392
112394
112395
112396
112397
112399
112400
112401
112403
112404
112405
112411
112412
112413
112414
112415
112416
112418
112420
112421
112422
112423
112424
112425
112426
112427
112430
112432
112435
112436
112441
112442
112443
112445
112446
112448
112450
112451
112452
112453
112454
112455
112457
112458
112459
112461
112463
112464
112466
112468
112469
112470
112471
112473
112475
112476
112479
112480
112481
112482
112483
112484
112486
112488
112494
112495
112496
112497
112498
112499
112500
112501
112502
112503
112504
112505
112507
112509
112510
112511
112512
112513
112514
112515
112517
112518
112519
112520
112522
112524
112528
112530
112531
112533
112534
112535
112536
112539
112541
112542
112543
112544
112545
112546
112547
112548
112549
112550
112551
112552
112554
112555
112556
112557
112559
112564
112565
112567
112568
112569
112571
112572
112573
112574
112575
112576
112577
112579
112580
112582
112583
112584
112586
112589
112590
112591
112593
112594
112596
112597
112598
112601
112604
112605
112606
112607
112610
112611
112613
112614
112616
112618
112619
112620
112621
112624
112625
112626
112627
112629
112631
112632
112634
112635
112636
112637
112638
112639
112640
112643
112644
112645
112647
112649
112650
112651
112652
112653
112654
112657
112660
112661
112664
112665
112666
112667
112668
112672
112674
112676
112677
112678
112679
112680
112681
112682
112683
112685
112686
112689
112690
112692
112694
112695
112696
112697
112698
112699
112700
112701
112705
112708
112709
112710
112712
112715
112716
112720
112722
112726
112730
112731
112732
112734
112735
112736
112737
112738
112742
112745
112747
112748
112749
112751
112752
112753
112754
112755
112757
112758
112759
112760
112761
112762
112764
112765
112766
112768
112769
112770
112772
112773
112774
112775
112776
112777
112779
112780
112781
112782
112784
112785
112786
112787
112789
112794
112795
112796
112797
112798
112800
112801
112804
112805
112806
112807
112808
112809
112810
112811
112812
112813
112814
112815
112816
112817
112818
112819
112822
112823
112824
112826
112827
112828
112829
112830
112831
112833
112834
112835
112837
112838
112840
112841
112842
112844
112845
112846
112847
112848
112852
112853
112855
112856
112857
112858
112859
112861
112862
112864
112865
112866
112868
112869
112871
112874
112875
112876
112877
112880
112881
112883
112884
112887
112889
112890
112893
112895
112896
112899
112900
112901
112902
112904
112907
112908
112911
112915
112917
112918
112919
112922
112924
112925
112926
112927
112931
112932
112935
112937
112939
112943
112949
112951
112952
112953
112955
112956
112957
112960
112961
112964
112965
112969
112970
112972
112975
112976
112977
112979
112980
112982
112983
112984
112985
112986
112987
112988
112989
112990
112992
112993
112994
112996
112997
112998
112999
113000
113002
113004
113006
113009
113011
113012
113013
113014
113016
113017
113018
113019
113020
113021
113026
113027
113028
113029
113030
113033
113034
113035
113036
113038
113039
113040
113041
113042
113043
113045
113047
113048
113049
113051
113052
113057
113063
113064
113066
113068
113069
113071
113072
113073
113074
113076
113077
113078
113079
113082
113084
113086
113087
113088
113090
113091
113092
113097
113098
113099
113102
113103
113104
113105
113106
113108
113110
113113
113114
113116
113117
113119
113123
113124
113125
113129
113131
113132
113133
113135
113136
113137
113138
113140
113144
113145
113148
113149
113150
113151
113155
113157
113159
113160
113161
113162
113164
113165
113166
113168
113171
113177
113179
113182
113184
113185
113186
113187
113188
113192
113193
113194
113195
113197
113199
113200
113202
113205
113207
113208
113209
113210
113213
113214
113215
113216
113221
113222
113223
113226
113227
113228
113230
113231
113232
113233
113234
113235
113238
113239
113240
113241
113243
113244
113245
113248
113249
113250
113254
113259
113260
113263
113264
113265
113266
113268
113269
113270
113271
113272
113274
113276
113277
113278
113280
113281
113282
113283
113284
113286
113287
113288
113290
113291
113292
113295
113297
113298
113301
113303
113308
113310
113311
113312
113313
113314
113315
113316
113320
113321
113322
113327
113328
113329
113331
113333
113336
113337
113338
113342
113344
113345
113347
113348
113349
113350
113351
113352
113354
113355
113356
113357
113359
113362
113363
113365
113368
113369
113371
113373
113378
113379
113380
113381
113388
113389
113392
113393
113394
113395
113396
113397
113398
113402
113405
113406
113407
113408
113409
113411
113412
113413
113415
113417
113418
113419
113420
113422
113423
113424
113425
113427
113428
113429
113435
113438
113443
113444
113445
113446
113448
113453
113454
113455
113457
113458
113459
113460
113461
113465
113467
113468
113469
113470
113475
113478
113479
113481
113482
113484
113489
113490
113491
113493
113494
113495
113499
113500
113501
113503
113504
113505
113506
113508
113510
113512
113513
113514
113515
113516
113519
113522
113523
113524
113526
113529
113531
113532
113533
113534
113535
113536
113537
113540
113541
113542
113543
113547
113548
113549
113550
113551
113554
113555
113556
113557
113559
113562
113565
113567
113568
113569
113570
113572
113573
113574
113576
113577
113578
113579
113580
113581
113582
113584
113585
113587
113589
113590
113593
113594
113595
113598
113599
113601
113603
113607
113611
113616
113617
113618
113619
113620
113625
113627
113629
113630
113632
113633
113635
113636
113637
113638
113639
113641
113642
113643
113644
113645
113650
113651
113652
113654
113657
113658
113659
113660
113663
113664
113665
113666
113668
113671
113672
113675
113676
113678
113681
113682
113683
113685
113686
113687
113689
113690
113695
113697
113698
113700
113701
113702
113707
113710
113714
113716
113717
113718
113721
113722
113724
113727
113728
113730
113731
113732
113734
113735
113736
113737
113740
113741
113743
113745
113746
113749
113750
113751
113755
113757
113758
113762
113763
113764
113767
113770
113775
113778
113779
113780
113781
113783
113786
113787
113788
113789
113790
113792
113793
113794
113796
113797
113798
113799
113800
113802
113803
113804
113808
113813
113817
113819
113820
113822
113826
113828
113829
113831
113835
113836
113837
113839
113840
113842
113843
113844
113845
113846
113847
113849
113850
113853
113854
113855
113861
113863
113865
113866
113867
113871
113872
113873
113874
113876
113880
113881
113882
113883
113885
113886
113887
113888
113889
113891
113893
113895
113896
113899
113900
113901
113902
113903
113905
113906
113908
113909
113910
113911
113912
113915
113918
113919
113920
113922
113923
113926
113927
113929
113930
113933
113935
113938
113939
113940
113941
113942
113945
113947
113948
113949
113950
113952
113955
113956
113957
113959
113963
113964
113968
113969
113975
113977
113978
113979
113980
113982
113986
113987
113988
113990
113992
113996
113998
113999
114000
114001
114006
114007
114009
114011
114012
114014
114015
114016
114017
114018
114020
114022
114027
114028
114029
114030
114031
114035
114040
114041
114042
114046
114049
114051
114052
114053
114054
114058
114059
114060
114061
114062
114063
114066
114067
114069
114071
114073
114074
114075
114076
114077
114078
114079
114080
114081
114084
114085
114086
114089
114090
114091
114093
114094
114096
114098
114100
114101
114103
114104
114106
114108
114109
114112
114115
114118
114124
114125
114132
114135
114137
114140
114141
114142
114144
114146
114147
114149
114153
114158
114161
114162
114164
114167
114168
114169
114170
114171
114173
114174
114176
114178
114179
114180
114181
114183
114184
114186
114188
114191
114195
114196
114198
114199
114200
114202
114203
114205
114208
114209
114210
114211
114212
114214
114215
114216
114217
114218
114221
114222
114223
114226
114227
114228
114230
114234
114235
114236
114237
114239
114240
114241
114251
114253
114258
114259
114261
114262
114263
114264
114267
114269
114278
114279
114281
114282
114285
114286
114289
114290
114291
114293
114294
114295
114296
114301
114302
114303
114304
114305
114306
114307
114308
114314
114315
114316
114317
114321
114322
114323
114324
114325
114328
114329
114332
114333
114334
114335
114336
114339
114341
114344
114345
114346
114349
114351
114352
114357
114359
114360
114361
114364
114365
114370
114371
114372
114373
114374
114375
114376
114377
114378
114379
114381
114383
114385
114387
114388
114393
114394
114395
114397
114398
114403
114404
114407
114408
114409
114411
114412
114413
114415
114416
114418
114419
114420
114422
114425
114426
114428
114430
114431
114432
114434
114437
114438
114439
114443
114447
114448
114449
114451
114452
114453
114455
114458
114459
114461
114462
114464
114469
114473
114475
114479
114482
114485
114488
114490
114492
114495
114498
114500
114503
114508
114510
114512
114513
114515
114519
114520
114521
114524
114525
114526
114529
114530
114531
114533
114534
114536
114540
114542
114544
114545
114546
114547
114549
114550
114552
114553
114554
114555
114557
114559
114561
114563
114564
114565
114566
114568
114569
114573
114574
114577
114578
114579
114581
114582
114583
114585
114587
114590
114591
114593
114594
114597
114598
114599
114601
114603
114604
114608
114609
114612
114615
114617
114618
114619
114621
114622
114623
114624
114627
114628
114634
114635
114638
114640
114644
114647
114650
114652
114654
114656
114657
114659
114660
114661
114665
114667
114673
114674
114675
114676
114680
114683
114685
114686
114688
114689
114690
114691
114692
114693
114694
114695
114701
114702
114703
114706
114707
114708
114709
114711
114715
114716
114717
114718
114719
114720
114722
114725
114726
114727
114728
114729
114732
114733
114734
114735
114736
114738
114740
114741
114742
114744
114745
114747
114748
114749
114750
114753
114756
114759
114760
114761
114762
114764
114765
114767
114772
114773
114774
114780
114782
114784
114785
114789
114790
114791
114794
114796
114797
114799
114800
114801
114805
114808
114810
114811
114812
114814
114819
114822
114824
114825
114826
114827
114828
114831
114833
114835
114838
114842
114845
114849
114851
114853
114856
114857
114859
114863
114866
114869
114872
114874
114878
114881
114884
114886
114888
114889
114890
114891
114893
114895
114896
114898
114899
114901
114903
114905
114906
114910
114911
114913
114914
114920
114922
114923
114924
114925
114926
114931
114932
114934
114940
114942
114944
114948
114949
114951
114952
114953
114957
114959
114960
114961
114962
114964
114965
114969
114970
114974
114980
114982
114983
114986
114987
114989
114992
114994
114996
114997
114998
115003
115005
115008
115010
115011
115012
115013
115014
115016
115017
115018
115020
115021
115024
115025
115026
115030
115036
115037
115039
115041
115044
115046
115047
115048
115053
115054
115055
115056
115057
115058
115061
115064
115066
115068
115071
115073
115075
115076
115081
115084
115085
115086
115090
115091
115092
115094
115101
115102
115108
115110
115114
115119
115124
115125
115127
115132
115135
115136
115137
115138
115140
115141
115142
115145
115146
115147
115148
115150
115151
115152
115153
115154
115157
115160
115161
115162
115170
115173
115174
115176
115177
115178
115179
115180
115181
115182
115183
115186
115187
115188
115189
115190
115191
115195
115196
115197
115198
115200
115201
115202
115206
115207
115208
115209
115210
115212
115215
115219
115222
115223
115224
115225
115226
115229
115230
115234
115237
115238
115239
115240
115241
115253
115258
115259
115260
115261
115262
115263
115264
115267
115268
115270
115272
115273
115274
115275
115277
115278
115279
115283
115290
115291
115294
115296
115297
115301
115302
115305
115306
115318
115321
115322
115323
115324
115325
115330
115331
115333
115335
115337
115341
115343
115344
115346
115347
115350
115351
115352
115354
115358
115359
115361
115365
115366
115367
115368
115369
115372
115374
115376
115377
115379
115380
115381
115383
115386
115391
115394
115397
115398
115402
115403
115406
115407
115408
115409
115410
115412
115413
115417
115418
115421
115422
115425
115426
115427
115429
115430
115431
115433
115438
115439
115440
115442
115448
115449
115451
115452
115454
115457
115458
115462
115463
115464
115471
115473
115474
115476
115480
115481
115482
115484
115485
115486
115488
115489
115494
115499
115500
115501
115503
115505
115510
115513
115514
115515
115516
115517
115520
115522
115525
115526
115529
115531
115533
115534
115536
115538
115539
115542
115543
115544
115545
115546
115548
115550
115551
115554
115555
115556
115557
115560
115565
115566
115568
115571
115574
115577
115578
115584
115588
115590
115591
115593
115594
115595
115596
115598
115601
115605
115608
115609
115611
115614
115616
115620
115622
115623
115624
115625
115626
115628
115633
115635
115636
115638
115643
115649
115651
115653
115654
115658
115660
115663
115666
115668
115670
115671
115672
115678
115679
115680
115682
115683
115684
115688
115689
115690
115691
115694
115695
115696
115697
115698
115699
115700
115701
115703
115704
115705
115706
115710
115714
115716
115717
115718
115721
115723
115727
115729
115731
115732
115735
115736
115738
115739
115740
115741
115742
115746
115748
115752
115755
115756
115760
115763
115765
115767
115768
115771
115772
115773
115776
115778
115779
115780
115781
115783
115784
115786
115787
115788
115789
115790
115796
115797
115798
115800
115802
115803
115807
115810
115811
115813
115814
115815
115816
115823
115824
115825
115828
115829
115830
115831
115832
115834
115839
115842
115843
115844
115845
115846
115849
115851
115853
115854
115855
115856
115857
115858
115859
115860
115864
115867
115868
115873
115875
115876
115877
115879
115880
115881
115882
115886
115891
115893
115896
115897
115898
115899
115900
115901
115903
115904
115905
115910
115911
115915
115916
115919
115922
115923
115924
115925
115926
115927
115929
115931
115932
115933
115935
115939
115940
115941
115946
115950
115951
115952
115954
115956
115957
115959
115961
115963
115965
115968
115969
115971
115972
115976
115977
115981
115982
115983
115985
115986
115992
115993
115999
116000
116004
116005
116006
116007
116008
116009
116010
116011
116016
116017
116018
116019
116026
116030
116031
116033
116034
116036
116037
116043
116049
116051
116052
116053
116054
116056
116059
116060
116064
116065
116066
116068
116070
116075
116077
116078
116081
116084
116086
116087
116088
116092
116094
116095
116096
116103
116105
116106
116108
116109
116111
116113
116115
116116
116121
116123
116124
116126
116127
116128
116130
116131
116133
116135
116139
116141
116149
116152
116153
116156
116158
116159
116163
116168
116169
116170
116171
116172
116173
116174
116179
116180
116184
116186
116188
116190
116191
116193
116195
116196
116200
116206
116207
116211
116212
116213
116218
116220
116222
116224
116225
116229
116230
116232
116235
116237
116238
116239
116240
116242
116243
116244
116246
116249
116255
116256
116257
116258
116260
116261
116262
116264
116265
116267
116269
116270
116272
116273
116274
116276
116278
116280
116281
116282
116283
116285
116287
116288
116292
116293
116294
116299
116300
116302
116303
116304
116306
116307
116311
116312
116313
116314
116315
116318
116320
116321
116322
116325
116326
116327
116329
116330
116333
116335
116336
116338
116339
116343
116345
116347
116348
116349
116350
116355
116356
116360
116363
116365
116367
116369
116370
116374
116375
116376
116378
116379
116381
116383
116384
116386
116387
116389
116392
116393
116394
116397
116401
116402
116406
116409
116410
116411
116412
116415
116417
116422
116424
116426
116427
116428
116431
116433
116436
116438
116439
116440
116441
116442
116443
116448
116453
116454
116455
116457
116460
116462
116463
116465
116469
116470
116471
116472
116473
116477
116480
116483
116486
116488
116489
116491
116493
116498
116500
116501
116502
116503
116504
116505
116509
116510
116512
116516
116517
116525
116529
116532
116534
116543
116544
116551
116553
116555
116556
116559
116560
116562
116564
116565
116568
116569
116570
116574
116575
116576
116578
116579
116580
116581
116583
116584
116588
116590
116591
116592
116593
116594
116595
116596
116597
116598
116599
116601
116602
116605
116608
116609
116612
116613
116615
116616
116617
116620
116622
116626
116627
116628
116629
116630
116631
116632
116637
116638
116641
116643
116644
116646
116647
116648
116649
116650
116652
116654
116657
116666
116669
116671
116673
116674
116676
116677
116681
116684
116685
116686
116688
116691
116693
116695
116696
116697
116699
116700
116701
116702
116703
116709
116714
116715
116717
116719
116720
116724
116725
116726
116730
116731
116732
116733
116734
116737
116739
116740
116742
116747
116751
116752
116753
116754
116756
116763
116764
116767
116771
116772
116773
116774
116776
116777
116779
116784
116787
116788
116791
116794
116796
116798
116803
116804
116805
116807
116808
116812
116813
116817
116818
116820
116822
116824
116825
116827
116830
116832
116833
116835
116841
116851
116852
116853
116855
116858
116859
116861
116862
116864
116866
116867
116870
116872
116875
116878
116881
116883
116884
116886
116888
116889
116891
116895
116896
116901
116903
116904
116906
116907
116911
116912
116914
116918
116920
116921
116923
116924
116928
116931
116933
116935
116936
116941
116943
116946
116950
116952
116954
116958
116960
116961
116963
116964
116965
116967
116969
116970
116974
116976
116978
116980
116982
116987
116988
116991
116992
116993
116994
116996
116997
117000
117001
117002
117003
117006
117010
117011
117012
117013
117019
117020
117021
117022
117023
117024
117026
117028
117029
117030
117031
117032
117033
117038
117041
117042
117046
117048
117051
117055
117058
117059
117061
117063
117067
117069
117070
117080
117081
117082
117083
117084
117085
117087
117090
117091
117092
117093
117094
117096
117097
117099
117100
117101
117103
117104
117106
117107
117109
117111
117112
117115
117116
117117
117118
117119
117120
117124
117126
117130
117133
117134
117138
117140
117141
117142
117143
117144
117145
117149
117150
117151
117152
117153
117155
117156
117158
117159
117167
117170
117173
117174
117175
117176
117179
117180
117181
117182
117185
117186
117187
117188
117189
117192
117194
117195
117197
117199
117200
117202
117204
117206
117208
117218
117220
117221
117222
117225
117226
117227
117229
117230
117231
117234
117242
117243
117245
117247
117248
117252
117262
117264
117266
117274
117276
117277
117279
117280
117284
117285
117286
117289
117294
117296
117297
117298
117299
117302
117307
117311
117312
117313
117316
117318
117320
117324
117325
117329
117330
117331
117332
117336
117341
117348
117355
117358
117359
117361
117362
117365
117371
117375
117377
117378
117379
117380
117381
117386
117387
117389
117390
117392
117397
117400
117402
117404
117408
117409
117410
117411
117412
117414
117415
117417
117419
117424
117426
117429
117436
117438
117440
117441
117442
117443
117445
117448
117452
117457
117461
117465
117466
117467
117472
117473
117475
117477
117482
117486
117488
117489
117496
117497
117498
117500
117502
117503
117506
117508
117511
117512
117513
117517
117518
117520
117521
117523
117524
117528
117529
117530
117532
117533
117535
117536
117537
117538
117539
117541
117542
117545
117546
117547
117548
117551
117552
117553
117554
117559
117560
117564
117565
117566
117569
117572
117573
117580
117585
117588
117589
117590
117596
117598
117600
117604
117605
117610
117612
117614
117617
117618
117622
117623
117624
117630
117632
117634
117635
117638
117641
117642
117644
117649
117650
117652
117655
117656
117657
117658
117659
117662
117664
117665
117666
117669
117674
117675
117680
117685
117686
117689
117691
117692
117695
117696
117697
117698
117699
117701
117702
117705
117707
117712
117713
117714
117719
117721
117722
117724
117726
117730
117731
117732
117734
117740
117741
117742
117743
117744
117748
117752
117753
117757
117758
117761
117762
117764
117770
117771
117776
117777
117782
117783
117787
117788
117789
117791
117792
117793
117798
117802
117804
117805
117807
117808
117809
117810
117811
117812
117816
117818
117820
117821
117822
117824
117825
117826
117827
117828
117829
117832
117835
117843
117844
117846
117847
117848
117851
117856
117860
117861
117869
117870
117871
117872
117873
117875
117879
117884
117885
117886
117887
117888
117889
117891
117892
117893
117895
117896
117900
117901
117903
117904
117908
117910
117911
117913
117914
117915
117918
117920
117923
117924
117928
117929
117933
117934
117938
117941
117944
117945
117950
117956
117957
117958
117959
117961
117963
117967
117973
117974
117976
117981
117982
117984
117985
117986
117988
117990
117993
117994
117996
117997
117999
118001
118002
118005
118007
118008
118015
118017
118020
118023
118024
118025
118026
118029
118030
118033
118035
118036
118037
118038
118039
118040
118045
118046
118054
118061
118062
118063
118065
118067
118073
118074
118075
118077
118079
118081
118082
118085
118086
118087
118090
118093
118095
118097
118098
118099
118102
118103
118104
118105
118108
118111
118114
118119
118122
118124
118126
118127
118128
118132
118133
118134
118137
118139
118141
118144
118146
118148
118150
118153
118156
118159
118160
118161
118165
118171
118172
118173
118174
118176
118178
118180
118181
118183
118184
118186
118187
118188
118189
118191
118195
118198
118199
118200
118205
118208
118211
118214
118216
118218
118220
118223
118232
118233
118237
118239
118240
118243
118244
118245
118246
118247
118251
118252
118253
118254
118255
118257
118258
118259
118261
118263
118265
118267
118268
118269
118273
118274
118275
118276
118281
118284
118285
118286
118287
118293
118294
118297
118299
118300
118303
118306
118307
118309
118312
118313
118319
118322
118324
118325
118326
118332
118334
118335
118336
118338
118339
118340
118341
118344
118346
118348
118349
118351
118352
118353
118354
118356
118361
118362
118363
118364
118366
118368
118369
118373
118380
118381
118388
118392
118393
118395
118396
118397
118399
118400
118402
118403
118405
118406
118408
118412
118414
118416
118418
118420
118422
118423
118424
118425
118426
118429
118430
118435
118436
118439
118442
118443
118446
118448
118449
118454
118455
118457
118462
118463
118465
118467
118469
118471
118472
118473
118480
118481
118482
118483
118486
118487
118489
118494
118498
118499
118500
118501
118502
118504
118506
118513
118514
118515
118516
118520
118522
118526
118528
118533
118535
118536
118537
118538
118542
118544
118546
118549
118551
118556
118559
118560
118562
118565
118569
118571
118572
118577
118580
118583
118595
118596
118601
118605
118607
118609
118610
118612
118620
118624
118625
118626
118628
118629
118630
118631
118633
118636
118637
118640
118644
118645
118646
118648
118649
118650
118653
118657
118658
118661
118665
118668
118669
118671
118674
118675
118676
118677
118678
118680
118681
118682
118683
118686
118688
118691
118693
118696
118699
118700
118701
118702
118703
118706
118709
118711
118712
118715
118716
118718
118720
118721
118727
118728
118730
118735
118737
118739
118743
118746
118749
118751
118752
118753
118757
118761
118763
118764
118766
118768
118769
118771
118780
118782
118784
118785
118786
118787
118791
118792
118793
118794
118796
118798
118800
118801
118806
118811
118812
118813
118814
118815
118816
118817
118819
118820
118825
118828
118829
118830
118831
118832
118834
118836
118837
118838
118839
118840
118843
118845
118847
118849
118852
118853
118856
118859
118861
118862
118864
118868
118869
118871
118872
118877
118879
118888
118890
118894
118896
118899
118902
118907
118908
118909
118912
118914
118915
118918
118919
118922
118927
118928
118929
118930
118931
118934
118936
118937
118939
118940
118941
118943
118945
118947
118949
118950
118951
118956
118958
118964
118965
118966
118967
118969
118970
118974
118976
118979
118981
118983
118984
118985
118986
118987
118988
118990
118992
118995
119000
119002
119008
119013
119015
119017
119020
119021
119023
119025
119029
119030
119032
119033
119034
119035
119037
119043
119048
119049
119051
119054
119056
119065
119069
119071
119074
119078
119081
119083
119085
119086
119089
119091
119092
119093
119097
119098
119101
119103
119104
119109
119110
119111
119114
119116
119117
119121
119122
119123
119124
119127
119128
119131
119135
119138
119140
119146
119148
119150
119151
119153
119157
119161
119162
119164
119165
119166
119167
119171
119172
119173
119174
119175
119176
119177
119183
119184
119186
119187
119188
119189
119195
119199
119200
119201
119203
119205
119206
119210
119211
119212
119217
119218
119219
119220
119221
119222
119226
119231
119233
119237
119238
119240
119247
119248
119250
119253
119258
119266
119270
119271
119273
119279
119280
119281
119282
119289
119296
119301
119305
119312
119315
119316
119318
119325
119332
119334
119336
119338
119340
119341
119342
119345
119346
119347
119349
119350
119355
119356
119358
119362
119364
119368
119369
119370
119371
119373
119377
119378
119380
119381
119382
119387
119391
119395
119397
119398
119399
119400
119402
119408
119409
119413
119414
119419
119422
119423
119425
119427
119431
119432
119436
119439
119441
119442
119445
119449
119450
119451
119452
119455
119456
119458
119459
119460
119461
119463
119465
119466
119467
119470
119476
119477
119478
119479
119482
119483
119488
119489
119490
119492
119493
119495
119499
119503
119504
119510
119514
119517
119522
119524
119527
119531
119533
119535
119541
119542
119543
119544
119546
119548
119549
119550
119551
119556
119559
119560
119561
119562
119564
119567
119569
119575
119577
119581
119582
119583
119584
119585
119586
119587
119588
119589
119590
119593
119594
119595
119596
119603
119604
119605
119606
119609
119618
119619
119622
119623
119625
119626
119630
119631
119634
119638
119639
119644
119648
119650
119651
119654
119659
119665
119667
119668
119670
119671
119674
119683
119684
119685
119692
119695
119696
119697
119699
119704
119706
119714
119715
119716
119721
119728
119730
119732
119733
119734
119737
119739
119740
119742
119743
119746
119748
119752
119758
119761
119762
119763
119765
119766
119767
119770
119773
119774
119776
119777
119778
119780
119783
119786
119788
119792
119795
119797
119801
119802
119803
119804
119806
119807
119808
119810
119811
119813
119814
119815
119817
119818
119819
119822
119824
119828
119831
119843
119849
119854
119856
119859
119866
119867
119869
119870
119871
119873
119875
119877
119878
119879
119882
119889
119890
119891
119895
119897
119899
119902
119904
119905
119909
119911
119913
119914
119915
119918
119920
119921
119926
119927
119928
119932
119933
119936
119937
119939
119945
119948
119951
119956
119958
119959
119961
119962
119963
119966
119968
119973
119977
119979
119980
119981
119983
119984
119985
119986
119988
119989
119990
119991
119992
119993
119995
119999
120006
120010
120017
120020
120021
120028
120031
120038
120040
120044
120048
120055
120059
120060
120061
120062
120063
120064
120065
120068
120069
120072
120074
120075
120076
120077
120078
120081
120082
120083
120088
120089
120092
120093
120094
120095
120099
120101
120105
120106
120108
120112
120114
120116
120117
120118
120120
120122
120123
120125
120133
120136
120137
120138
120139
120145
120146
120147
120148
120149
120153
120154
120155
120159
120165
120166
120167
120169
120170
120171
120175
120176
120181
120187
120188
120190
120191
120196
120197
120205
120207
120208
120212
120217
120218
120220
120221
120224
120228
120233
120235
120236
120239
120249
120252
120258
120259
120261
120263
120265
120267
120270
120273
120274
120277
120278
120279
120280
120281
120284
120287
120289
120290
120294
120300
120307
120308
120310
120315
120316
120318
120320
120321
120322
120325
120326
120328
120329
120332
120334
120336
120337
120339
120342
120344
120347
120349
120350
120353
120359
120362
120363
120366
120367
120368
120372
120374
120384
120385
120386
120387
120390
120391
120392
120395
120397
120399
120401
120402
120404
120406
120408
120412
120417
120418
120420
120421
120423
120425
120426
120430
120431
120433
120434
120438
120439
120443
120444
120446
120448
120450
120458
120459
120460
120462
120466
120468
120469
120470
120474
120486
120489
120500
120503
120504
120505
120506
120507
120510
120515
120518
120520
120521
120523
120528
120532
120538
120539
120540
120544
120545
120547
120551
120556
120558
120559
120563
120564
120566
120568
120569
120573
120577
120581
120583
120588
120589
120590
120591
120592
120595
120596
120601
120604
120605
120606
120607
120610
120617
120618
120623
120627
120628
120629
120630
120631
120634
120637
120639
120641
120642
120643
120645
120647
120652
120653
120654
120655
120664
120665
120666
120669
120675
120676
120677
120679
120680
120682
120683
120685
120686
120695
120696
120698
120702
120703
120706
120708
120709
120714
120716
120717
120718
120719
120722
120723
120726
120727
120728
120730
120737
120742
120743
120745
120747
120748
120749
120750
120751
120760
120765
120767
120778
120784
120786
120789
120797
120799
120800
120802
120803
120805
120806
120812
120815
120817
120818
120819
120822
120825
120830
120841
120843
120844
120845
120849
120850
120856
120858
120859
120860
120862
120866
120867
120869
120873
120874
120875
120876
120877
120879
120880
120888
120891
120894
120895
120899
120900
120901
120903
120905
120908
120912
120913
120919
120921
120922
120926
120928
120929
120930
120931
120932
120933
120934
120935
120936
120937
120939
120942
120944
120947
120950
120951
120953
120956
120957
120958
120960
120962
120964
120966
120969
120971
120973
120982
120983
120986
120991
120992
120998
121000
121001
121004
121006
121007
121008
121009
121011
121012
121013
121015
121021
121024
121027
121028
121029
121030
121031
121033
121037
121038
121041
121043
121046
121047
121052
121053
121057
121058
121063
121065
121067
121068
121070
121071
121073
121074
121077
121079
121080
121082
121083
121084
121085
121086
121087
121088
121092
121095
121096
121100
121101
121103
121106
121107
121108
121111
121113
121119
121120
121123
121124
121126
121127
121128
121129
121130
121136
121138
121139
121141
121147
121148
121152
121153
121155
121156
121158
121161
121164
121167
121168
121171
121173
121175
121181
121189
121190
121192
121198
121202
121204
121210
121211
121213
121214
121215
121217
121219
121224
121228
121229
121233
121236
121237
121239
121241
121242
121245
121260
121262
121263
121264
121271
121272
121274
121275
121276
121278
121284
121285
121291
121292
121293
121300
121302
121308
121313
121314
121315
121320
121321
121322
121323
121324
121327
121328
121329
121332
121333
121342
121343
121344
121345
121347
121348
121350
121352
121353
121356
121360
121361
121365
121367
121369
121377
121383
121391
121394
121397
121402
121403
121404
121410
121412
121417
121420
121422
121423
121429
121430
121431
121432
121433
121437
121440
121441
121442
121445
121447
121448
121451
121456
121457
121458
121472
121475
121480
121482
121485
121486
121488
121490
121492
121495
121498
121500
121501
121503
121505
121510
121511
121513
121519
121522
121524
121527
121528
121529
121531
121532
121533
121537
121539
121541
121542
121552
121553
121557
121564
121570
121573
121574
121576
121580
121581
121582
121583
121587
121590
121597
121598
121599
121602
121606
121609
121610
121612
121613
121614
121618
121620
121623
121627
121628
121629
121630
121631
121635
121636
121638
121639
121640
121641
121644
121646
121647
121652
121659
121662
121663
121664
121665
121666
121667
121669
121671
121673
121675
121676
121677
121678
121679
121681
121682
121684
121686
121691
121692
121693
121695
121699
121700
121701
121704
121706
121708
121709
121711
121712
121715
121716
121717
121719
121723
121725
121728
121732
121733
121734
121738
121739
121741
121745
121749
121751
121753
121754
121758
121759
121760
121761
121762
121763
121764
121765
121766
121769
121772
121773
121774
121776
121777
121778
121781
121783
121784
121786
121789
121793
121800
121801
121802
121806
121807
121810
121811
121812
121815
121816
121818
121820
121825
121827
121831
121834
121843
121845
121846
121849
121852
121853
121854
121857
121861
121864
121865
121870
121872
121874
121875
121878
121879
121880
121881
121883
121888
121890
121891
121895
121896
121897
121898
121902
121905
121906
121908
121909
121910
121915
121916
121918
121920
121923
121924
121925
121926
121927
121935
121943
121945
121947
121951
121952
121953
121957
121959
121960
121961
121962
121965
121966
121970
121972
121974
121976
121980
121981
121984
121987
121991
121993
121994
122007
122011
122014
122015
122031
122038
122039
122040
122041
122042
122046
122047
122049
122050
122051
122056
122060
122064
122065
122069
122070
122071
122073
122074
122075
122079
122081
122082
122091
122093
122098
122104
122105
122106
122107
122110
122112
122114
122116
122122
122128
122129
122133
122134
122135
122137
122144
122151
122152
122153
122154
122155
122163
122166
122170
122172
122174
122175
122179
122187
122188
122190
122196
122197
122199
122200
122201
122206
122207
122208
122210
122211
122215
122216
122217
122223
122225
122226
122235
122238
122242
122243
122245
122247
122249
122250
122251
122253
122256
122259
122260
122264
122266
122274
122279
122280
122281
122283
122286
122287
122290
122291
122293
122294
122297
122298
122299
122300
122301
122303
122304
122307
122308
122309
122310
122313
122315
122317
122319
122325
122333
122335
122336
122337
122338
122339
122340
122344
122345
122347
122349
122351
122352
122353
122355
122357
122361
122365
122368
122371
122375
122377
122382
122383
122384
122385
122386
122387
122390
122391
122397
122405
122406
122409
122410
122412
122415
122419
122421
122423
122425
122427
122428
122431
122432
122443
122444
122445
122449
122450
122451
122452
122453
122456
122459
122461
122462
122465
122466
122467
122468
122469
122470
122471
122472
122477
122480
122485
122487
122488
122489
122490
122493
122498
122502
122508
122510
122511
122514
122515
122516
122518
122521
122522
122525
122527
122528
122529
122536
122539
122540
122541
122545
122549
122551
122553
122556
122557
122561
122566
122567
122570
122578
122581
122582
122585
122586
122590
122592
122593
122603
122604
122607
122610
122613
122615
122617
122619
122620
122624
122625
122627
122631
122633
122635
122636
122638
122641
122644
122646
122647
122651
122654
122656
122664
122665
122667
122668
122669
122672
122673
122676
122678
122679
122682
122683
122684
122688
122689
122691
122692
122703
122712
122714
122715
122716
122717
122722
122723
122725
122731
122733
122741
122742
122745
122748
122749
122750
122752
122760
122761
122764
122765
122766
122770
122772
122773
122775
122782
122783
122787
122789
122792
122794
122800
122804
122806
122808
122811
122812
122816
122817
122824
122825
122826
122828
122833
122835
122836
122843
122844
122845
122846
122847
122848
122850
122852
122857
122862
122863
122868
122870
122871
122872
122877
122878
122880
122884
122887
122888
122889
122894
122895
122896
122900
122901
122903
122905
122907
122908
122909
122910
122912
122913
122917
122920
122924
122931
122936
122937
122944
122946
122948
122949
122950
122955
122956
122957
122959
122962
122966
122970
122978
122980
122982
122993
122995
122996
123000
123007
123008
123010
123016
123017
123019
123030
123035
123037
123040
123042
123044
123046
123053
123064
123066
123070
123075
123080
123083
123091
123092
123095
123100
123103
123104
123105
123107
123109
123111
123113
123114
123115
123117
123118
123119
123121
123124
123128
123130
123132
123134
123138
123139
123140
123145
123146
123151
123153
123155
123156
123157
123161
123164
123165
123168
123169
123170
123171
123173
123175
123178
123179
123181
123186
123188
123189
123191
123197
123201
123204
123211
123212
123213
123214
123220
123224
123227
123228
123230
123231
123232
123235
123236
123237
123238
123239
123247
123248
123249
123251
123253
123256
123258
123263
123270
123274
123275
123277
123286
123288
123295
123297
123299
123301
123307
123316
123317
123324
123328
123335
123336
123340
123343
123345
123346
123353
123354
123356
123359
123363
123364
123368
123370
123373
123380
123387
123391
123393
123395
123397
123399
123410
123412
123424
123431
123432
123434
123435
123437
123440
123443
123447
123448
123450
123451
123454
123457
123460
123461
123462
123467
123468
123470
123472
123479
123481
123484
123489
123490
123496
123501
123503
123504
123507
123508
123515
123519
123523
123524
123531
123533
123534
123535
123537
123541
123545
123546
123547
123551
123556
123564
123566
123568
123571
123573
123578
123579
123583
123586
123587
123589
123590
123592
123594
123595
123600
123602
123607
123608
123621
123629
123631
123633
123636
123638
123641
123643
123644
123645
123648
123650
123653
123656
123657
123658
123660
123663
123665
123670
123671
123673
123675
123676
123677
123679
123683
123684
123685
123687
123693
123694
123695
123700
123701
123703
123705
123709
123713
123714
123715
123716
123718
123722
123728
123730
123735
123737
123740
123750
123752
123762
123763
123765
123766
123767
123770
123774
123776
123778
123779
123781
123785
123786
123791
123796
123797
123798
123803
123808
123810
123813
123814
123815
123818
123820
123821
123829
123835
123841
123847
123849
123850
123851
123852
123856
123858
123860
123861
123862
123865
123866
123873
123875
123876
123877
123879
123881
123883
123888
123897
123899
123900
123901
123902
123903
123904
123907
123908
123912
123913
123914
123918
123925
123928
123929
123940
123942
123950
123955
123959
123961
123965
123967
123972
123978
123979
123980
123981
123982
123983
123989
123991
123994
123995
124000
124002
124003
124007
124013
124014
124017
124018
124021
124022
124026
124027
124028
124031
124032
124035
124045
124046
124047
124050
124051
124053
124054
124058
124062
124066
124068
124069
124072
124074
124077
124079
124087
124093
124094
124097
124105
124107
124110
124114
124117
124118
124119
124120
124124
124125
124127
124128
124130
124131
124133
124134
124135
124138
124142
124143
124148
124150
124154
124158
124159
124161
124162
124163
124166
124168
124169
124174
124180
124182
124185
124186
124187
124188
124190
124200
124201
124203
124208
124210
124212
124215
124218
124219
124220
124221
124232
124238
124242
124247
124250
124252
124253
124254
124255
124258
124260
124264
124266
124267
124269
124271
124275
124278
124279
124280
124282
124285
124286
124287
124291
124293
124295
124298
124299
124300
124301
124302
124303
124306
124309
124311
124319
124321
124324
124328
124332
124334
124340
124345
124346
124347
124349
124350
124351
124352
124358
124359
124362
124363
124364
124369
124376
124377
124382
124383
124386
124389
124390
124391
124395
124405
124406
124409
124410
124413
124419
124420
124425
124427
124430
124436
124440
124442
124444
124448
124450
124454
124455
124460
124461
124464
124466
124468
124474
124475
124476
124479
124485
124490
124492
124494
124498
124500
124503
124505
124507
124508
124512
124515
124516
124520
124521
124527
124528
124531
124533
124539
124540
124544
124545
124549
124557
124562
124564
124568
124569
124570
124577
124582
124584
124585
124592
124593
124595
124596
124597
124598
124602
124604
124606
124609
124610
124612
124613
124619
124620
124621
124622
124623
124624
124625
124630
124636
124638
124645
124648
124650
124656
124660
124663
124664
124666
124668
124671
124672
124674
124679
124681
124685
124686
124692
124699
124700
124701
124702
124704
124707
124709
124715
124716
124718
124720
124722
124725
124728
124729
124730
124731
124737
124738
124739
124744
124749
124753
124758
124759
124768
124773
124774
124775
124776
124777
124778
124783
124784
124785
124793
124794
124799
124800
124803
124804
124806
124809
124812
124823
124826
124827
124829
124830
124832
124835
124837
124838
124839
124845
124847
124848
124855
124860
124863
124864
124867
124868
124876
124880
124881
124883
124884
124886
124891
124892
124893
124894
124895
124897
124898
124899
124900
124906
124908
124909
124915
124917
124919
124923
124927
124928
124930
124931
124932
124933
124934
124936
124937
124938
124940
124941
124944
124945
124952
124957
124968
124970
124971
124972
124981
124985
124990
124991
124993
124995
124996
124997
125001
125002
125007
125008
125010
125022
125027
125028
125030
125035
125036
125037
125039
125042
125044
125046
125049
125051
125060
125062
125063
125064
125067
125068
125071
125073
125079
125080
125081
125082
125085
125086
125090
125092
125093
125095
125097
125102
125103
125104
125108
125111
125124
125125
125127
125129
125132
125133
125140
125147
125150
125154
125157
125158
125159
125170
125176
125179
125188
125189
125190
125191
125194
125195
125200
125207
125208
125209
125216
125217
125221
125222
125226
125231
125236
125238
125241
125243
125245
125246
125247
125255
125256
125258
125263
125264
125265
125266
125270
125273
125274
125276
125280
125290
125298
125303
125304
125311
125317
125318
125320
125326
125327
125329
125330
125336
125340
125343
125348
125349
125354
125359
125360
125361
125362
125363
125366
125367
125370
125372
125373
125375
125379
125380
125383
125386
125387
125388
125389
125399
125400
125401
125403
125406
125411
125412
125413
125418
125419
125420
125426
125427
125429
125430
125433
125441
125454
125458
125460
125472
125474
125478
125483
125490
125494
125496
125503
125509
125511
125515
125516
125517
125520
125523
125524
125526
125529
125533
125537
125543
125546
125547
125552
125555
125556
125557
125560
125561
125566
125571
125572
125577
125581
125584
125585
125588
125593
125594
125597
125601
125603
125608
125620
125625
125627
125629
125631
125638
125644
125647
125663
125665
125672
125673
125680
125682
125684
125688
125692
125693
125703
125706
125709
125710
125717
125721
125722
125724
125731
125732
125733
125734
125736
125739
125740
125741
125744
125749
125750
125754
125755
125757
125763
125766
125769
125770
125773
125775
125782
125784
125785
125786
125787
125788
125789
125794
125799
125800
125804
125805
125814
125816
125817
125825
125826
125828
125831
125832
125833
125843
125844
125845
125846
125848
125849
125852
125861
125864
125865
125869
125870
125872
125873
125874
125875
125876
125880
125881
125882
125883
125888
125889
125891
125892
125894
125895
125896
125899
125906
125907
125913
125922
125923
125925
125926
125931
125932
125934
125937
125938
125941
125942
125944
125946
125951
125955
125956
125960
125964
125968
125971
125972
125973
125975
125976
125977
125978
125982
125987
125988
125992
125993
125995
125996
125998
125999
126000
126005
126014
126015
126018
126026
126032
126033
126034
126035
126036
126044
126046
126048
126056
126057
126059
126060
126062
126063
126066
126068
126073
126082
126090
126092
126094
126096
126097
126099
126100
126103
126107
126112
126113
126122
126126
126128
126131
126132
126135
126136
126139
126142
126143
126146
126147
126148
126150
126152
126153
126156
126157
126159
126161
126163
126164
126168
126169
126171
126172
126174
126176
126180
126184
126185
126186
126194
126201
126206
126207
126208
126209
126211
126212
126214
126227
126228
126229
126233
126236
126240
126241
126245
126248
126250
126251
126253
126256
126257
126263
126266
126270
126274
126276
126279
126280
126285
126288
126290
126295
126301
126302
126303
126304
126307
126309
126310
126311
126312
126315
126316
126321
126326
126332
126333
126334
126340
126342
126345
126347
126353
126359
126361
126362
126365
126369
126373
126378
126380
126382
126385
126388
126395
126404
126405
126407
126408
126410
126413
126414
126416
126418
126419
126422
126423
126426
126429
126431
126440
126447
126448
126458
126460
126461
126462
126467
126468
126470
126471
126473
126474
126476
126477
126481
126483
126484
126485
126487
126489
126490
126491
126494
126496
126498
126502
126510
126511
126513
126522
126535
126539
126543
126544
126547
126553
126556
126557
126561
126564
126566
126567
126572
126578
126579
126582
126591
126594
126595
126596
126602
126603
126612
126621
126627
126634
126640
126643
126644
126645
126647
126657
126663
126664
126668
126671
126673
126679
126684
126691
126694
126695
126705
126707
126708
126709
126715
126719
126720
126721
126723
126726
126730
126733
126736
126737
126739
126742
126746
126748
126750
126755
126764
126766
126767
126769
126772
126775
126778
126780
126790
126802
126804
126805
126807
126816
126823
126831
126837
126839
126840
126847
126853
126857
126859
126860
126862
126866
126867
126869
126874
126881
126895
126896
126901
126904
126907
126912
126913
126915
126919
126925
126927
126929
126930
126946
126950
126953
126954
126956
126971
126973
126979
126980
126981
126987
126988
126989
126992
126993
126994
126996
127006
127007
127009
127010
127011
127012
127017
127019
127021
127022
127024
127028
127034
127035
127040
127044
127045
127046
127047
127048
127050
127052
127059
127068
127069
127072
127075
127076
127077
127078
127079
127082
127088
127095
127096
127097
127100
127106
127107
127112
127113
127116
127119
127120
127122
127125
127128
127129
127130
127149
127150
127157
127162
127165
127166
127176
127181
127182
127185
127187
127189
127193
127194
127195
127196
127197
127205
127208
127219
127220
127225
127227
127229
127230
127232
127236
127237
127238
127240
127241
127245
127247
127252
127254
127255
127256
127257
127264
127267
127271
127276
127279
127284
127287
127291
127292
127295
127296
127298
127304
127305
127309
127316
127320
127323
127324
127326
127333
127336
127338
127342
127343
127347
127349
127351
127352
127353
127356
127360
127363
127364
127367
127372
127373
127377
127382
127384
127399
127404
127405
127411
127417
127420
127423
127424
127431
127432
127438
127439
127441
127449
127457
127458
127466
127468
127470
127474
127476
127481
127485
127486
127487
127489
127490
127497
127500
127503
127510
127514
127519
127521
127526
127528
127539
127542
127549
127552
127555
127556
127557
127562
127565
127572
127574
127575
127576
127577
127586
127587
127588
127589
127600
127602
127604
127605
127609
127610
127615
127616
127618
127620
127621
127627
127628
127630
127631
127632
127635
127639
127644
127645
127647
127651
127652
127653
127654
127656
127657
127658
127666
127671
127672
127677
127678
127679
127680
127681
127684
127689
127690
127691
127696
127698
127699
127704
127706
127707
127708
127710
127713
127714
127715
127716
127719
127721
127722
127724
127725
127730
127732
127734
127742
127748
127751
127752
127753
127757
127760
127764
127766
127768
127769
127770
127771
127772
127773
127775
127779
127780
127781
127786
127791
127792
127793
127801
127806
127811
127813
127815
127819
127821
127823
127825
127827
127831
127833
127834
127836
127838
127841
127844
127845
127849
127850
127853
127856
127857
127858
127861
127864
127865
127868
127871
127877
127878
127879
127886
127887
127897
127901
127903
127909
127914
127931
127933
127937
127940
127954
127955
127963
127964
127966
127967
127971
127972
127974
127982
127983
127986
127988
127999
128005
128007
128008
128010
128016
128018
128019
128020
128021
128023
128028
128029
128032
128038
128041
128043
128048
128055
128056
128071
128078
128079
128083
128084
128086
128088
128093
128105
128112
128113
128114
128115
128121
128122
128126
128129
128131
128134
128146
128148
128155
128158
128161
128162
128170
128172
128174
128175
128176
128177
128178
128179
128184
128186
128200
128201
128203
128204
128209
128211
128212
128213
128214
128218
128223
128227
128230
128232
128237
128238
128240
128243
128246
128249
128256
128261
128265
128272
128276
128286
128287
128297
128306
128308
128309
128322
128330
128333
128337
128344
128346
128347
128348
128349
128350
128352
128353
128354
128362
128363
128364
128369
128370
128373
128377
128379
128383
128385
128388
128389
128400
128404
128405
128408
128412
128416
128419
128420
128421
128427
128429
128433
128442
128445
128452
128453
128454
128455
128456
128457
128462
128470
128478
128482
128488
128489
128492
128494
128501
128502
128503
128505
128517
128522
128527
128528
128529
128542
128544
128547
128551
128553
128557
128559
128560
128562
128563
128565
128573
128581
128584
128589
128591
128596
128601
128609
128611
128612
128613
128618
128626
128627
128628
128637
128639
128640
128641
128644
128646
128647
128650
128654
128656
128657
128659
128661
128662
128664
128674
128675
128677
128679
128685
128686
128694
128698
128699
128705
128713
128715
128717
128721
128730
128738
128739
128740
128742
128745
128753
128754
128759
128760
128765
128766
128771
128772
128773
128779
128789
128796
128799
128800
128805
128819
128827
128830
128831
128832
128833
128834
128835
128836
128840
128845
128848
128853
128854
128855
128857
128858
128861
128862
128864
128870
128872
128880
128881
128882
128887
128895
128900
128901
128907
128908
128925
128931
128934
128938
128942
128943
128944
128952
128954
128960
128962
128967
128970
128981
128983
128990
128996
128998
129000
129005
129007
129018
129020
129030
129034
129035
129038
129046
129047
129059
129065
129066
129076
129078
129081
129083
129086
129090
129093
129098
129104
129108
129109
129110
129111
129117
129121
129124
129130
129131
129138
129148
129150
129153
129154
129158
129159
129160
129166
129169
129172
129173
129174
129175
129181
129186
129190
129193
129194
129196
129200
129204
129206
129213
129215
129228
129231
129232
129233
129234
129238
129240
129253
129256
129259
129260
129266
129269
129272
129277
129282
129290
129294
129296
129304
129314
129318
129319
129320
129323
129328
129329
129330
129331
129332
129339
129346
129354
129365
129367
129369
129372
129373
129381
129382
129386
129389
129391
129392
129396
129402
129410
129420
129421
129423
129426
129427
129437
129442
129451
129455
129459
129460
129462
129464
129474
129477
129484
129486
129489
129493
129494
129499
129500
129502
129504
129506
129510
129517
129523
129524
129525
129535
129537
129539
129541
129542
129543
129548
129550
129551
129554
129555
129557
129558
129567
129570
129578
129580
129582
129585
129588
129592
129603
129604
129605
129611
129612
129613
129616
129618
129619
129620
129622
129624
129629
129630
129631
129632
129637
129638
129640
129642
129645
129650
129651
129656
129664
129665
129667
129669
129675
129676
129685
129686
129694
129695
129697
129704
129705
129710
129713
129715
129717
129723
129724
129725
129728
129729
129730
129736
129737
129740
129741
129746
129752
129753
129760
129763
129767
129770
129773
129776
129784
129785
129790
129791
129794
129795
129797
129798
129799
129801
129807
129809
129811
129812
129813
129821
129824
129826
129827
129831
129832
129835
129838
129840
129842
129845
129853
129857
129858
129859
129861
129864
129866
129868
129870
129875
129883
129886
129887
129888
129889
129895
129900
129904
129905
129908
129911
129914
129916
129919
129921
129923
129924
129927
129930
129931
129932
129933
129941
129944
129952
129955
129956
129965
129969
129970
129971
129973
129976
129980
129982
129984
129990
129995
129996
129997
130001
130004
130016
130020
130023
130024
130035
130040
130041
130047
130056
130062
130063
130066
130069
130070
130071
130073
130078
130079
130080
130083
130085
130095
130096
130097
130100
130101
130106
130110
130112
130119
130122
130127
130130
130145
130146
130148
130153
130158
130159
130160
130164
130166
130168
130172
130173
130181
130183
130186
130190
130198
130209
130216
130222
130226
130234
130237
130238
130239
130240
130249
130251
130252
130260
130261
130276
130285
130286
130288
130292
130297
130299
130314
130315
130318
130320
130324
130329
130333
130340
130341
130350
130360
130361
130364
130365
130373
130379
130380
130384
130387
130388
130394
130400
130401
130404
130410
130411
130414
130423
130426
130427
130428
130430
130431
130432
130444
130448
130449
130453
130459
130469
130471
130477
130479
130483
130484
130485
130488
130499
130501
130502
130503
130504
130505
130513
130515
130518
130519
130524
130526
130527
130529
130530
130533
130542
130544
130548
130549
130555
130559
130560
130561
130564
130565
130567
130577
130579
130584
130589
130594
130602
130607
130610
130612
130613
130623
130627
130629
130632
130641
130643
130650
130655
130661
130662
130663
130664
130667
130675
130677
130685
130688
130691
130692
130699
130701
130709
130714
130719
130725
130735
130738
130739
130741
130743
130746
130752
130755
130762
130763
130767
130771
130772
130774
130778
130779
130785
130791
130793
130800
130804
130812
130814
130819
130823
130824
130825
130827
130833
130837
130838
130839
130842
130843
130845
130848
130850
130853
130854
130855
130857
130858
130859
130865
130866
130873
130876
130877
130878
130887
130895
130900
130905
130908
130929
130937
130946
130948
130950
130952
130953
130957
130958
130959
130961
130964
130966
130967
130978
130980
130982
130983
130989
130990
130992
130999
131000
131001
131007
131008
131010
131011
131015
131019
131021
131025
131026
131028
131031
131032
131035
131036
131037
131043
131045
131050
131052
131053
131054
131066
131067
131069
131071
131074
131077
131078
131082
131083
131085
131089
131093
131094
131100
131101
131103
131105
131106
131112
131113
131114
131122
131123
131130
131139
131141
131146
131149
131157
131158
131165
131169
131171
131172
131174
131177
131179
131182
131183
131185
131191
131201
131203
131204
131213
131215
131218
131219
131227
131228
131234
131237
131239
131250
131253
131254
131257
131265
131266
131270
131271
131276
131277
131280
131285
131289
131294
131295
131296
131298
131301
131307
131308
131311
131312
131320
131323
131325
131328
131333
131337
131344
131346
131348
131351
131352
131354
131355
131356
131357
131363
131365
131366
131373
131377
131378
131379
131380
131381
131382
131387
131388
131392
131400
131404
131407
131408
131420
131426
131429
131431
131434
131435
131436
131453
131457
131464
131465
131477
131478
131481
131490
131492
131493
131494
131495
131507
131508
131510
131511
131517
131518
131520
131522
131525
131530
131531
131536
131545
131549
131550
131551
131555
131557
131563
131565
131566
131571
131572
131583
131584
131588
131592
131598
131604
131605
131606
131607
131609
131612
131613
131620
131621
131625
131630
131632
131633
131640
131644
131645
131648
131650
131652
131663
131665
131672
131684
131690
131691
131692
131693
131695
131712
131714
131719
131722
131734
131735
131744
131748
131753
131755
131756
131759
131762
131769
131776
131785
131788
131797
131799
131801
131803
131808
131812
131814
131816
131830
131833
131835
131838
131840
131858
131859
131860
131865
131867
131873
131877
131881
131882
131887
131888
131891
131894
131897
131898
131902
131904
131908
131913
131916
131921
131923
131928
131929
131937
131939
131941
131943
131947
131953
131956
131957
131962
131966
131967
131976
131987
131994
132001
132007
132013
132019
132020
132026
132031
132034
132037
132038
132042
132049
132050
132051
132055
132056
132068
132070
132071
132075
132085
132086
132088
132096
132101
132110
132113
132118
132123
132124
132125
132131
132140
132148
132150
132158
132159
132160
132164
132168
132174
132180
132190
132195
132197
132200
132211
132215
132227
132232
132235
132239
132241
132246
132247
132251
132252
132258
132259
132262
132265
132266
132267
132269
132278
132282
132289
132292
132295
132296
132300
132313
132314
132318
132321
132322
132324
132325
132329
132330
132331
132338
132348
132351
132352
132354
132359
132362
132363
132375
132377
132384
132392
132395
132397
132399
132400
132406
132407
132408
132411
132415
132428
132429
132432
132433
132439
132442
132444
132445
132446
132456
132457
132459
132460
132461
132465
132466
132468
132470
132479
132483
132484
132491
132492
132493
132494
132508
132516
132517
132525
132527
132533
132538
132545
132546
132566
132572
132573
132579
132580
132583
132584
132588
132596
132600
132609
132610
132611
132613
132615
132616
132622
132633
132634
132639
132640
132643
132647
132650
132655
132656
132659
132662
132664
132665
132666
132667
132670
132671
132676
132677
132690
132692
132693
132703
132710
132715
132717
132719
132724
132725
132727
132728
132734
132735
132736
132744
132745
132748
132753
132760
132764
132767
132768
132779
132783
132789
132790
132794
132795
132797
132798
132803
132807
132810
132817
132819
132820
132824
132830
132832
132833
132834
132836
132845
132851
132855
132861
132868
132869
132871
132877
132880
132884
132887
132896
132898
132902
132905
132907
132909
132911
132912
132920
132922
132926
132934
132935
132938
132940
132942
132948
132952
132953
132954
132958
132965
132966
132969
132981
132989
132991
132999
133000
133005
133007
133009
133016
133031
133034
133039
133040
133041
133046
133052
133054
133055
133056
133065
133067
133068
133069
133074
133079
133082
133083
133084
133091
133101
133102
133103
133109
133110
133117
133121
133122
133123
133125
133134
133140
133141
133144
133145
133151
133152
133156
133169
133171
133172
133173
133174
133175
133180
133185
133190
133192
133193
133194
133196
133199
133200
133202
133203
133205
133213
133225
133229
133233
133240
133241
133244
133246
133248
133249
133251
133253
133255
133262
133270
133271
133272
133276
133280
133293
133301
133309
133312
133314
133324
133328
133333
133334
133338
133346
133347
133350
133351
133360
133363
133364
133365
133380
133382
133387
133399
133404
133405
133406
133408
133411
133413
133417
133428
133437
133439
133440
133445
133449
133452
133453
133454
133462
133464
133469
133471
133476
133481
133482
133483
133500
133505
133507
133514
133516
133530
133533
133537
133538
133547
133548
133552
133561
133562
133572
133577
133580
133581
133584
133586
133590
133591
133597
133601
133607
133608
133615
133616
133617
133619
133620
133644
133647
133649
133673
133674
133679
133686
133687
133688
133689
133691
133695
133698
133700
133703
133704
133705
133711
133715
133722
133726
133728
133732
133739
133742
133746
133750
133756
133758
133759
133760
133762
133766
133771
133777
133779
133782
133786
133790
133795
133800
133802
133812
133820
133822
133824
133827
133828
133833
133838
133843
133849
133851
133859
133861
133872
133873
133874
133876
133877
133890
133892
133904
133905
133906
133916
133921
133926
133929
133936
133939
133957
133958
133959
133966
133967
133968
133981
134000
134002
134029
134030
134038
134052
134053
134057
134067
134072
134077
134082
134084
134087
134089
134090
134100
134107
134109
134113
134115
134119
134122
134126
134130
134133
134135
134136
134140
134146
134149
134153
134158
134159
134161
134164
134165
134172
134174
134178
134184
134191
134192
134194
134197
134198
134200
134202
134207
134208
134209
134214
134215
134227
134229
134233
134237
134244
134246
134248
134257
134267
134287
134289
134290
134297
134301
134303
134308
134315
134317
134329
134334
134338
134340
134346
134347
134349
134351
134352
134354
134359
134360
134363
134364
134370
134375
134380
134388
134392
134393
134400
134405
134419
134422
134428
134429
134450
134456
134458
134461
134464
134470
134475
134478
134479
134486
134489
134492
134495
134501
134503
134504
134518
134519
134522
134523
134524
134526
134527
134532
134534
134536
134537
134540
134541
134544
134554
134555
134564
134565
134573
134579
134583
134584
134585
134586
134588
134589
134593
134594
134597
134607
134608
134610
134612
134613
134626
134627
134628
134631
134635
134640
134641
134662
134663
134664
134665
134666
134667
134673
134681
134683
134684
134691
134701
134706
134708
134710
134717
134720
134730
134735
134739
134740
134743
134749
134751
134756
134758
134761
134762
134764
134767
134770
134772
134773
134775
134777
134782
134783
134786
134794
134796
134799
134804
134806
134808
134817
134818
134819
134824
134832
134834
134839
134842
134843
134845
134855
134856
134861
134869
134873
134878
134883
134884
134888
134890
134892
134901
134903
134907
134909
134913
134918
134920
134921
134925
134933
134936
134958
134960
134961
134977
134980
134981
134982
134996
134997
134998
135007
135009
135013
135019
135022
135023
135025
135026
135040
135043
135044
135065
135072
135073
135078
135080
135081
135084
135085
135086
135088
135091
135094
135101
135103
135104
135105
135106
135108
135110
135121
135123
135126
135131
135135
135136
135137
135140
135144
135153
135155
135168
135177
135182
135193
135195
135198
135200
135201
135205
135206
135213
135218
135227
135228
135238
135244
135262
135264
135272
135275
135284
135285
135288
135293
135295
135296
135303
135305
135308
135318
135322
135323
135327
135328
135341
135346
135355
135361
135363
135367
135368
135373
135374
135379
135385
135389
135392
135396
135397
135398
135399
135406
135407
135411
135412
135417
135418
135422
135425
135428
135431
135440
135442
135443
135447
135450
135451
135452
135461
135462
135464
135465
135472
135474
135479
135484
135488
135493
135498
135499
135500
135501
135509
135521
135522
135523
135524
135526
135535
135537
135538
135544
135545
135546
135556
135558
135559
135560
135562
135570
135573
135578
135580
135583
135584
135589
135590
135594
135599
135602
135603
135605
135608
135609
135616
135625
135637
135640
135641
135652
135655
135657
135658
135659
135666
135669
135670
135673
135677
135679
135682
135685
135686
135690
135695
135697
135700
135709
135710
135712
135724
135736
135737
135738
135743
135746
135747
135754
135756
135765
135772
135775
135777
135783
135788
135789
135793
135794
135804
135806
135817
135822
135826
135830
135835
135837
135839
135844
135847
135849
135863
135868
135869
135871
135872
135873
135875
135883
135884
135885
135888
135893
135894
135904
135906
135908
135913
135915
135916
135917
135919
135920
135926
135931
135950
135952
135957
135964
135966
135969
135970
135972
135973
135974
135975
135976
135991
135998
135999
136001
136010
136012
136013
136016
136019
136020
136023
136025
136026
136039
136040
136044
136051
136058
136064
136069
136074
136079
136084
136091
136093
136109
136110
136112
136117
136121
136124
136130
136133
136135
136141
136148
136153
136156
136166
136172
136174
136176
136181
136183
136185
136186
136189
136197
136199
136215
136216
136219
136227
136231
136233
136234
136239
136247
136250
136254
136259
136260
136262
136265
136266
136267
136269
136272
136274
136275
136276
136284
136292
136294
136309
136311
136319
136320
136323
136325
136326
136327
136333
136335
136336
136346
136347
136361
136362
136364
136369
136373
136375
136386
136387
136388
136391
136393
136394
136395
136399
136407
136415
136422
136429
136438
136445
136446
136452
136456
136457
136459
136464
136465
136469
136473
136474
136480
136491
136497
136498
136507
136511
136512
136520
136521
136524
136533
136534
136538
136542
136546
136548
136550
136558
136561
136563
136564
136567
136578
136581
136582
136594
136596
136598
136599
136619
136623
136631
136644
136649
136654
136660
136663
136667
136668
136669
136670
136674
136677
136682
136685
136697
136698
136703
136712
136714
136720
136723
136725
136729
136730
136732
136739
136740
136743
136751
136754
136756
136762
136764
136765
136766
136773
136774
136779
136780
136794
136795
136796
136797
136808
136813
136815
136819
136822
136823
136826
136835
136841
136842
136845
136850
136862
136863
136878
136883
136885
136897
136900
136902
136903
136909
136910
136921
136923
136934
136935
136936
136938
136940
136948
136952
136955
136968
136975
136977
136978
136979
136980
136981
136983
136985
136992
136993
136995
136996
136999
137007
137008
137009
137011
137018
137023
137025
137026
137028
137029
137030
137057
137059
137063
137064
137065
137078
137079
137080
137081
137082
137083
137094
137103
137104
137106
137111
137116
137117
137130
137132
137134
137148
137149
137150
137151
137153
137154
137155
137159
137161
137162
137163
137165
137166
137169
137171
137173
137194
137196
137198
137204
137205
137212
137213
137217
137222
137231
137241
137244
137264
137269
137270
137279
137280
137281
137282
137284
137285
137286
137290
137291
137294
137295
137296
137298
137299
137307
137312
137319
137320
137323
137336
137338
137359
137361
137362
137372
137377
137386
137389
137390
137394
137397
137398
137403
137404
137405
137408
137410
137411
137419
137423
137428
137434
137436
137442
137446
137449
137451
137455
137456
137463
137479
137487
137489
137491
137495
137499
137501
137502
137515
137529
137534
137539
137540
137549
137550
137554
137556
137566
137568
137572
137579
137590
137592
137601
137609
137614
137619
137621
137623
137625
137626
137636
137638
137640
137657
137663
137669
137670
137678
137680
137681
137682
137685
137693
137694
137696
137697
137699
137705
137708
137709
137713
137725
137726
137736
137737
137740
137741
137743
137745
137749
137752
137761
137762
137763
137766
137772
137779
137782
137786
137788
137792
137797
137803
137810
137813
137815
137818
137822
137832
137836
137837
137838
137847
137848
137849
137852
137856
137858
137860
137862
137864
137867
137874
137881
137883
137886
137895
137896
137898
137902
137906
137908
137910
137921
137922
137935
137943
137946
137948
137950
137962
137963
137973
137989
137994
138001
138003
138006
138010
138011
138018
138022
138029
138031
138038
138039
138042
138045
138055
138058
138066
138067
138069
138072
138088
138095
138105
138108
138118
138120
138121
138125
138126
138130
138131
138132
138133
138142
138149
138155
138156
138159
138170
138176
138180
138187
138188
138189
138191
138196
138197
138206
138208
138220
138225
138231
138235
138237
138239
138241
138247
138248
138255
138258
138260
138262
138264
138269
138278
138288
138289
138293
138301
138305
138310
138311
138313
138320
138323
138324
138325
138327
138328
138329
138337
138338
138344
138345
138346
138348
138349
138352
138353
138357
138364
138367
138368
138381
138384
138396
138397
138400
138404
138405
138407
138408
138409
138420
138421
138422
138423
138424
138425
138440
138443
138453
138466
138471
138474
138477
138480
138483
138484
138489
138491
138496
138500
138505
138509
138511
138517
138519
138523
138524
138527
138530
138534
138542
138553
138570
138571
138574
138575
138580
138587
138592
138594
138595
138598
138599
138600
138605
138611
138623
138625
138626
138633
138636
138642
138644
138662
138668
138672
138682
138683
138691
138702
138703
138706
138718
138726
138728
138730
138732
138733
138734
138736
138738
138739
138746
138749
138755
138768
138771
138773
138780
138781
138783
138787
138789
138795
138814
138815
138816
138823
138824
138825
138829
138831
138833
138836
138845
138849
138854
138856
138857
138859
138860
138861
138867
138869
138870
138874
138885
138888
138890
138895
138904
138907
138924
138929
138932
138937
138943
138949
138950
138952
138956
138957
138965
138966
138973
138984
138998
139004
139011
139012
139014
139015
139019
139020
139028
139030
139032
139038
139045
139051
139053
139054
139064
139066
139068
139069
139071
139073
139081
139086
139091
139099
139100
139106
139107
139111
139112
139113
139116
139117
139118
139120
139129
139131
139132
139145
139146
139148
139160
139165
139172
139174
139182
139188
139189
139191
139194
139196
139205
139206
139207
139208
139209
139222
139233
139241
139246
139250
139256
139261
139263
139267
139271
139276
139277
139281
139294
139296
139298
139299
139307
139308
139311
139314
139319
139322
139326
139334
139338
139342
139343
139347
139354
139355
139359
139370
139375
139376
139380
139383
139384
139385
139392
139403
139406
139415
139417
139419
139421
139426
139427
139428
139429
139432
139433
139464
139466
139472
139473
139476
139477
139492
139495
139498
139499
139505
139518
139520
139521
139522
139534
139537
139540
139559
139569
139575
139576
139579
139580
139582
139583
139591
139593
139599
139612
139631
139633
139638
139644
139645
139654
139658
139662
139668
139669
139672
139677
139680
139683
139684
139688
139689
139702
139718
139721
139731
139733
139740
139741
139750
139753
139755
139764
139768
139771
139773
139776
139782
139783
139784
139791
139793
139805
139818
139820
139822
139823
139827
139834
139836
139838
139840
139847
139853
139856
139859
139860
139872
139880
139884
139892
139896
139897
139906
139907
139908
139911
139916
139924
139927
139928
139930
139933
139940
139941
139954
139963
139968
139970
139973
139975
139979
139996
139998
140004
140015
140024
140039
140046
140051
140052
140053
140054
140055
140058
140060
140062
140065
140072
140075
140078
140082
140101
140102
140105
140110
140117
140118
140133
140135
140136
140137
140138
140140
140141
140145
140146
140147
140150
140152
140153
140156
140161
140162
140173
140174
140175
140179
140182
140188
140191
140194
140200
140206
140221
140239
140242
140248
140252
140255
140259
140260
140263
140270
140271
140277
140283
140284
140302
140305
140308
140312
140325
140334
140343
140345
140346
140351
140352
140354
140367
140369
140376
140380
140394
140395
140399
140402
140415
140418
140425
140427
140428
140437
140445
140446
140447
140448
140454
140456
140458
140460
140461
140465
140466
140471
140472
140474
140479
140480
140489
140493
140504
140514
140517
140522
140529
140531
140534
140536
140537
140543
140544
140547
140548
140554
140556
140569
140570
140579
140582
140588
140589
140591
140602
140603
140609
140613
140625
140635
140640
140649
140656
140658
140661
140668
140671
140682
140692
140697
140700
140710
140712
140721
140723
140724
140725
140726
140734
140738
140739
140747
140754
140755
140769
140771
140772
140777
140792
140801
140803
140804
140811
140820
140827
140828
140833
140838
140841
140842
140844
140851
140855
140861
140866
140867
140877
140880
140884
140894
140895
140896
140898
140899
140900
140901
140902
140911
140913
140917
140918
140920
140922
140924
140925
140927
140928
140930
140932
140940
140955
140956
140959
140960
140965
140966
140971
140980
140983
140987
140991
140995
140996
141001
141008
141015
141017
141026
141038
141039
141041
141043
141045
141067
141069
141075
141077
141080
141089
141091
141092
141093
141094
141095
141098
141104
141105
141106
141110
141112
141113
141114
141126
141143
141144
141147
141150
141159
141161
141162
141167
141169
141177
141180
141182
141186
141192
141194
141204
141207
141209
141210
141225
141228
141239
141249
141250
141258
141260
141261
141262
141264
141274
141278
141284
141300
141303
141309
141313
141316
141317
141318
141321
141322
141329
141339
141344
141346
141354
141356
141364
141368
141371
141380
141381
141382
141392
141405
141408
141421
141423
141425
141429
141431
141436
141437
141439
141450
141451
141456
141457
141460
141462
141466
141468
141470
141473
141475
141487
141488
141497
141503
141505
141518
141521
141523
141530
141532
141534
141542
141550
141555
141556
141558
141560
141563
141566
141570
141571
141573
141575
141578
141592
141594
141601
141610
141614
141615
141617
141619
141621
141622
141627
141628
141631
141634
141640
141641
141643
141644
141648
141657
141660
141668
141670
141676
141683
141692
141693
141694
141696
141710
141712
141713
141714
141716
141720
141731
141732
141734
141738
141748
141750
141753
141758
141760
141774
141776
141779
141781
141787
141790
141796
141807
141809
141813
141815
141823
141826
141829
141832
141835
141839
141855
141859
141865
141875
141878
141890
141892
141893
141910
141915
141918
141920
141929
141939
141945
141947
141948
141952
141957
141963
141964
141969
141979
141983
141986
141989
142000
142001
142002
142006
142008
142024
142025
142026
142030
142035
142044
142046
142049
142050
142060
142061
142065
142067
142074
142079
142081
142083
142100
142103
142118
142121
142123
142124
142140
142141
142143
142144
142146
142148
142151
142159
142160
142167
142168
142169
142172
142178
142187
142188
142189
142192
142194
142195
142197
142199
142202
142204
142207
142217
142229
142233
142239
142241
142243
142268
142272
142274
142285
142292
142293
142295
142298
142309
142316
142317
142321
142323
142329
142334
142337
142342
142343
142347
142362
142363
142371
142372
142373
142379
142380
142384
142385
142388
142396
142404
142411
142412
142414
142418
142424
142426
142434
142438
142442
142451
142471
142473
142479
142483
142498
142500
142508
142509
142510
142511
142513
142514
142517
142528
142531
142535
142536
142538
142539
142546
142548
142549
142560
142561
142563
142565
142568
142570
142579
142582
142596
142599
142607
142610
142612
142624
142625
142626
142628
142631
142634
142645
142653
142654
142655
142656
142658
142662
142663
142664
142669
142681
142684
142685
142689
142690
142699
142705
142706
142715
142719
142723
142727
142729
142736
142737
142739
142745
142748
142750
142751
142764
142769
142772
142775
142778
142781
142788
142796
142797
142798
142799
142817
142820
142821
142829
142831
142838
142840
142842
142850
142854
142860
142862
142866
142870
142876
142884
142887
142888
142890
142891
142892
142895
142897
142903
142919
142920
142921
142922
142927
142932
142935
142942
142950
142954
142962
142963
142968
142983
142984
142985
142987
142995
143002
143003
143008
143019
143036
143044
143048
143050
143055
143056
143060
143066
143067
143068
143071
143084
143087
143095
143097
143108
143109
143110
143121
143123
143124
143130
143134
143137
143141
143160
143161
143174
143178
143179
143189
143191
143194
143205
143206
143208
143215
143217
143228
143230
143236
143251
143252
143259
143268
143271
143272
143273
143285
143286
143289
143290
143291
143292
143293
143294
143306
143310
143314
143318
143325
143326
143331
143332
143350
143354
143364
143369
143371
143377
143386
143404
143407
143415
143426
143429
143431
143435
143439
143441
143451
143452
143455
143456
143461
143462
143463
143476
143480
143485
143492
143493
143500
143508
143509
143512
143513
143519
143536
143538
143546
143548
143549
143551
143553
143554
143562
143567
143574
143575
143576
143583
143591
143593
143596
143598
143602
143607
143608
143618
143627
143628
143629
143630
143639
143642
143658
143659
143665
143667
143671
143673
143687
143692
143711
143714
143716
143734
143737
143746
143752
143756
143758
143776
143780
143785
143788
143789
143802
143816
143819
143822
143823
143826
143836
143837
143839
143843
143845
143847
143848
143851
143859
143861
143863
143868
143880
143889
143890
143891
143897
143898
143905
143907
143909
143913
143915
143918
143924
143926
143928
143929
143931
143933
143960
143961
143970
143975
143990
143993
144000
144001
144002
144012
144014
144020
144021
144042
144059
144060
144062
144066
144073
144080
144090
144092
144093
144096
144106
144117
144118
144124
144131
144132
144142
144144
144147
144159
144162
144164
144172
144174
144180
144181
144184
144188
144195
144204
144205
144206
144218
144220
144224
144237
144254
144257
144268
144275
144292
144296
144298
144300
144302
144306
144310
144316
144317
144320
144321
144324
144325
144334
144337
144338
144353
144355
144360
144367
144376
144377
144378
144379
144383
144384
144391
144399
144402
144403
144428
144434
144438
144444
144449
144452
144459
144461
144463
144464
144471
144481
144483
144484
144485
144496
144502
144511
144512
144514
144515
144518
144520
144526
144529
144530
144552
144555
144557
144559
144560
144566
144568
144570
144571
144576
144580
144583
144587
144600
144603
144604
144605
144608
144612
144614
144615
144629
144634
144635
144638
144642
144652
144654
144656
144660
144663
144676
144681
144688
144701
144713
144723
144724
144728
144736
144746
144755
144762
144765
144785
144787
144788
144789
144791
144799
144801
144804
144806
144812
144823
144824
144827
144833
144834
144835
144844
144852
144854
144857
144863
144864
144874
144875
144876
144879
144886
144892
144893
144894
144895
144897
144898
144903
144910
144912
144914
144917
144918
144931
144938
144944
144950
144963
144968
144977
144980
144981
144991
144992
144996
145001
145007
145010
145011
145014
145021
145026
145038
145041
145042
145044
145045
145049
145057
145063
145065
145067
145072
145080
145081
145083
145087
145095
145097
145103
145104
145105
145107
145109
145111
145115
145116
145124
145128
145132
145146
145153
145155
145159
145160
145161
145175
145187
145190
145191
145193
145201
145202
145203
145204
145206
145207
145212
145227
145238
145247
145249
145251
145252
145254
145256
145261
145268
145272
145273
145277
145281
145305
145315
145325
145326
145336
145341
145342
145345
145348
145356
145361
145362
145366
145368
145369
145381
145389
145390
145400
145401
145405
145410
145422
145430
145433
145434
145437
145445
145447
145448
145452
145455
145468
145471
145494
145507
145514
145518
145519
145520
145521
145533
145547
145549
145551
145556
145561
145569
145574
145593
145599
145612
145615
145620
145624
145631
145640
145642
145644
145649
145651
145653
145655
145657
145658
145668
145670
145678
145687
145693
145695
145705
145709
145713
145715
145716
145718
145723
145730
145732
145734
145746
145747
145749
145772
145775
145778
145779
145784
145788
145797
145799
145805
145808
145813
145814
145818
145824
145826
145829
145833
145844
145845
145850
145851
145854
145863
145864
145866
145867
145870
145871
145872
145873
145874
145893
145894
145911
145913
145916
145918
145921
145922
145923
145931
145932
145934
145937
145951
145952
145954
145965
145970
145984
145986
145987
145989
145991
146000
146001
146025
146032
146038
146040
146042
146044
146047
146061
146065
146066
146074
146076
146077
146083
146102
146105
146125
146134
146137
146139
146140
146141
146150
146156
146166
146180
146183
146185
146189
146203
146207
146212
146216
146217
146238
146250
146258
146270
146278
146282
146283
146284
146305
146310
146314
146322
146325
146334
146350
146353
146358
146362
146366
146370
146377
146378
146382
146383
146384
146397
146400
146403
146404
146407
146410
146412
146415
146418
146423
146427
146428
146429
146432
146435
146445
146453
146458
146461
146464
146465
146470
146481
146485
146486
146487
146491
146493
146501
146513
146514
146515
146525
146533
146536
146538
146543
146545
146553
146558
146571
146574
146577
146578
146582
146583
146592
146596
146613
146616
146623
146635
146638
146647
146655
146657
146660
146661
146669
146686
146687
146689
146690
146691
146693
146694
146696
146701
146702
146718
146720
146722
146724
146725
146728
146731
146742
146766
146772
146774
146777
146782
146796
146797
146799
146809
146810
146819
146822
146824
146829
146837
146849
146850
146853
146856
146874
146878
146879
146896
146900
146902
146903
146905
146907
146921
146922
146935
146947
146948
146951
146955
146957
146958
146959
146968
146972
146980
146982
146983
146996
147001
147008
147010
147013
147014
147017
147019
147020
147038
147052
147053
147070
147076
147080
147083
147085
147102
147103
147112
147116
147117
147127
147134
147137
147139
147144
147152
147157
147164
147180
147181
147184
147186
147187
147189
147205
147211
147220
147225
147228
147237
147247
147251
147252
147254
147256
147258
147262
147268
147270
147273
147275
147278
147280
147281
147283
147291
147294
147298
147309
147310
147313
147316
147331
147332
147338
147344
147351
147353
147365
147366
147368
147370
147384
147387
147391
147399
147403
147409
147412
147413
147417
147423
147428
147429
147431
147437
147440
147441
147444
147450
147453
147455
147456
147461
147464
147479
147482
147488
147497
147506
147510
147511
147513
147518
147521
147523
147543
147545
147546
147547
147553
147560
147563
147564
147566
147583
147589
147596
147604
147605
147606
147608
147612
147613
147615
147625
147627
147630
147634
147636
147642
147650
147653
147654
147656
147663
147664
147665
147673
147676
147681
147685
147687
147699
147701
147704
147713
147740
147741
147745
147759
147769
147771
147775
147779
147788
147795
147798
147799
147805
147806
147823
147830
147841
147845
147855
147858
147862
147875
147876
147877
147883
147885
147887
147891
147898
147910
147913
147921
147922
147939
147947
147948
147954
147958
147976
147978
147984
147985
147991
147995
148000
148002
148005
148007
148021
148024
148025
148027
148032
148035
148048
148062
148063
148065
148068
148082
148090
148105
148109
148116
148121
148129
148131
148133
148136
148139
148140
148142
148146
148158
148159
148162
148169
148171
148178
148181
148187
148195
148196
148197
148205
148219
148221
148226
148228
148240
148242
148248
148249
148250
148251
148268
148270
148272
148498
148520
148566
148638
148684
148771
148772
148774
148795
148870
148883
148935
148963
148971
149047
149257
149259
149367
149380
149590
149612
149686
149837
149989
150010
150106
150261
150264
150283
150324
150517
150908
150922
151171
151600
152220
152688
152738
152942
153065
153089
153122
153182
153196
153219
153254
153333
153376
153819
153887
154200
154237
154456
154548
154572
154723
154832
155126
155199
155404
155628
155769
155875
155999
156086
156098
156216
156265
156532
156546
156556
156961
157044
157057
157115
157364
157960
158069
158346
158492
158952
158981
158982
159034
159050
159127
159337
159553
159702
159856
159909
159927
160205
160237
160356
160385
160390
160398
160462
160608
160646
160719
160797
160828
160836
160857
160907
161213
161253
161274
161281
161284
161340
161377
161382
161480
161508
161516
161593
161619
161657
161690
161774
161847
161910
161931
161934
162016
162098
162136
162174
162197
162381
162391
162405
162482
162562
162581
162641
162648
162735
162889
162908
162910
162993
163206
163282
163296
163368
163409
163448
163478
163528
163580
163772
163794
163803
163935
164010
164014
164033
164180
164289
164447
164488
164489
164734
164753
164891
164986
164993
165037
165089
165298
165499
165554
165629
165644
165659
165691
165776
165812
165847
165879
165949
166272
166301
166305
166354
166621
166666
166741
166775
166937
167040
167116
167157
167164
167167
167223
167319
167381
167395
167412
167428
167479
167684
167737
167917
168092
168300
168315
168445
168575
168675
168904
168977
169016
169023
169154
169189
169222
169237
169261
169262
169346
169489
169517
169615
169622
169822
170204
170247
170248
170330
170375
170533
170561
170646
170653
170728
170795
170800
170803
170809
170834
170971
171100
171184
171253
171270
171381
171635
171658
171690
171812
171837
171908
172023
172031
172064
172065
172178
172219
172388
172463
172581
172605
172646
172706
172708
172767
173124
173171
173362
173392
173398
173574
173608
173706
173775
173830
173938
174018
174177
174213
174347
174471
174555
174697
174862
174938
174990
175056
175065
175085
175139
175152
175273
175318
175548
175578
175671
175762
175827
175840
175858
175862
175941
176013
176053
176070
176191
176219
176339
176480
176563
176586
176751
176862
176892
177005
177008
177274
177289
177325
177478
177556
177621
177724
177785
177949
177955
178013
178107
178467
178504
178532
178575
178583
178691
178814
178838
178920
178959
179094
179126
179144
179389
179418
179508
179543
179576
179586
179614
179623
179624
179731
179779
179842
179875
179896
179899
180130
180225
180282
180398
180473
180522
180547
180548
180560
180664
180735
180784
180798
180857
180872
181063
181110
181111
181234
181245
181394
181404
181444
181458
181474
181546
181583
181609
181685
181945
182029
182076
182141
182145
182150
182248
182262
182274
182287
182301
182323
182383
182501
182563
182612
182640
182705
182765
182776
182828
182923
182955
183094
183117
183231
183256
183397
183438
183485
183585
183741
183748
183830
184140
184201
184229
184245
184254
184284
184536
184595
184621
184739
184845
184883
184985
185011
185016
185090
185129
185168
185286
185357
185366
185450
185504
185570
185680
185689
185710
185758
185763
185767
185836
185919
185953
185958
185997
186032
186038
186121
186162
186167
186204
186259
186301
186312
186468
186554
186642
186662
186691
186784
186831
186929
186946
186996
187090
187093
187099
187141
187168
187220
187238
187423
187559
187585
187616
187637
187660
187668
187690
187737
187746
187796
187813
187860
187866
187979
188020
188114
188144
188204
188256
188294
188335
188391
188395
188444
188495
188498
188586
188791
188822
188928
188942
188948
188955
188966
189034
189114
189282
189439
189451
189516
189526
189541
189552
189554
189681
189796
189804
189908
189948
189979
190066
190183
190312
190349
190657
190731
190746
190867
190895
190899
190994
191011
191019
191027
191162
191229
191233
191259
191281
191427
191552
191567
191615
191693
191737
191911
192002
192026
192092
192129
192200
192325
192351
192433
192465
192575
192638
192669
192709
192761
192788
192972
193197
193269
193288
193335
193454
193526
193537
193563
193566
193591
193699
193825
193828
193955
194080
194120
194157
194166
194283
194323
194356
194403
194434
194437
194478
194618
194646
194679
194767
194821
194827
194864
194878
194907
194984
195016
195057
195107
195176
195259
195327
195331
195395
195397
195597
195600
195613
195711
195870
195885
195931
195976
195978
196005
196146
196198
196200
196666
196669
196714
196788
196818
196845
197019
197055
197062
197076
197271
197366
197569
197683
197737
197792
197819
197876
197935
198075
198280
198294
198296
198401
198421
198437
198611
198688
198695
198698
198722
198759
198883
198980
198987
199088
199090
199119
199126
199209
199214
199283
199342
199387
199466
199639
199665
199703
199724
199872
199888
199949
200025
200173
200231
200255
200288
200337
200455
200474
200733
200785
200791
200805
200837
200904
200962
200982
200985
201128
201159
201168
201196
201266
201293
201343
201364
201447
201479
201827
201837
201860
201886
201943
201981
201993
202117
202176
202187
202378
202405
202429
202514
202523
202537
202705
202984
202992
203065
203072
203099
203127
203195
203204
203241
203311
203408
203479
203506
203580
203667
203738
203748
203872
203972
204042
204084
204155
204328
204391
204444
204467
204499
204543
204618
204701
204796
204804
205012
205057
205118
205172
205176
205300
205330
205394
205428
205449
205788
205821
205890
205939
206103
206104
206347
206385
206449
206565
206602
206615
206625
206714
206737
206768
206788
206812
206813
206851
206877
206939
207182
207299
207433
207520
207573
207622
207775
207853
207860
207862
207865
207892
207940
207994
208089
208170
208268
208288
208306
208307
208352
208380
208395
208472
208543
208653
208691
208709
208731
208739
208781
208811
208826
208890
209011
209017
209062
209116
209366
209480
209591
209608
209662
209906
209933
209937
209985
210027
210058
210529
210530
210623
210670
210673
210719
210722
210734
210778
210852
210878
210905
211171
211182
211334
211342
211358
211375
211388
211442
211455
211474
211614
211627
211666
211790
211797
211856
211866
211988
212066
212094
212097
212103
212169
212174
212217
212221
212223
212286
212306
212414
212429
212440
212498
212691
212760
212846
212852
212866
212879
213012
213028
213112
213261
213531
213640
213672
213703
213768
213810
213889
213903
213951
214019
214103
214136
214142
214243
214303
214324
214351
214356
214531
214605
214607
214719
214744
214812
214818
215023
215113
215159
215233
215330
215386
215413
215440
215448
215503
215617
215715
215812
215891
215976
216007
216068
216102
216136
216174
216184
216200
216277
216292
216350
216374
216387
216402
216430
216462
216504
216572
216579
216638
216754
216780
216805
216841
216890
216938
216946
216963
217158
217185
217190
217204
217252
217452
217461
217506
217525
217595
217640
217663
217668
217704
217764
217915
217997
218020
218021
218048
218093
218119
218167
218235
218313
218337
218362
218515
218533
218742
218746
218782
218800
218894
218940
218985
218989
219001
219072
219214
219229
219248
219342
219345
219606
219612
219620
219621
219755
219817
219897
220093
220192
220193
220311
220348
220421
220457
220500
220597
220677
220706
220766
220799
220830
220838
220850
221115
221292
221369
221374
221504
221590
221624
221646
221760
221794
221932
221949
221996
222034
222220
222234
222251
222254
222302
222390
222458
222543
222578
222636
222678
222685
222796
222865
222868
222967
223015
223043
223087
223089
223263
223302
223303
223437
223525
223533
223616
223655
223672
223693
223705
223731
224005
224006
224008
224013
224235
224289
224323
224397
224470
224507
224535
224603
224611
224612
224667
224716
224734
224752
224800
224835
224837
224851
224888
224996
225106
225246
225268
225322
225335
225347
225389
225440
225571
225731
225732
225763
225775
225848
225882
225948
225949
226098
226185
226209
226325
226328
226367
226369
226526
226537
226658
226713
226760
226817
226982
226997
227015
227073
227074
227155
227156
227236
227352
227363
227471
227475
227524
227613
227628
227661
227755
227797
227862
227938
227953
228011
228332
228348
228350
228443
228473
228474
228744
228749
228845
228897
228946
229021
229077
229116
229145
229225
229346
229436
229464
229488
229523
229528
229532
229569
229570
229575
229577
229676
229703
229724
229888
229938
230078
230083
230127
230237
230242
230281
230298
230395
230448
230461
230650
230694
230737
230746
230797
230856
230910
231048
231096
231166
231194
231302
231442
231513
231581
231601
231681
231723
231778
231787
231799
231807
231865
231979
232170
232353
232364
232392
232393
232436
232647
232749
232846
232996
233015
233071
233075
233221
233275
233300
233304
233396
233397
233416
233466
233530
233531
233581
233737
233869
233910
233913
234039
234091
234105
234200
234262
234268
234300
234336
234440
234590
234918
235132
235192
235193
235423
235434
235441
235560
235579
235668
235671
235777
235801
235833
235839
235877
235896
236004
236022
236033
236063
236084
236108
236126
236182
236200
236218
236279
236284
236352
236450
236454
236464
236497
236649
236706
236801
236802
236822
236966
237001
237058
237084
237137
237178
237320
237379
237459
237476
237536
237576
237616
237696
237763
237766
237960
238190
238255
238256
238432
238494
238536
238694
238704
238844
238911
238913
238945
238958
238968
238969
239005
239032
239080
239153
239283
239456
239460
239575
239646
239705
239711
239735
239748
239811
239890
239897
239980
240003
240030
240070
240107
240266
240333
240376
240389
240497
240650
240752
240809
241007
241076
241151
241212
241213
241280
241316
241334
241462
241474
241475
241521
241548
241568
241686
241821
241936
241977
242027
242128
242147
242210
242223
242238
242261
242343
242402
242406
242453
242537
242602
242703
242840
242861
242889
242907
242949
242963
243157
243166
243187
243210
243220
243246
243284
243332
243351
243357
243366
243444
243571
243668
243730
243739
243740
243741
243816
243819
243902
244124
244156
244205
244311
244411
244462
244466
244544
244637
244729
244764
244806
244942
244965
244999
245002
245128
245151
245286
245302
245342
245347
245402
245457
245514
245579
245587
245618
245835
245894
245982
246024
246131
246136
246166
246176
246561
246728
246808
246811
246812
246814
246824
246830
246831
246835
246838
246869
246872
246873
246876
246878
246880
246883
246891
246892
246897
246898
246903
246904
246909
246911
246913
246918
246929
246930
246931
246932
246933
246935
246936
246939
246949
246959
246965
246966
246967
246971
246972
246976
246977
246984
246985
246989
246994
246998
246999
247005
247006
247007
247012
247016
247018
247020
247022
247025
247026
247029
247030
247033
247034
247036
247038
247039
247041
247043
247044
247045
247056
247058
247064
247065
247066
247067
247068
247076
247077
247081
247082
247083
247085
247086
247087
247091
247092
247096
247101
247102
247106
247108
247110
247113
247117
247118
247119
247120
247123
247124
247127
247131
247134
247135
247136
247138
247139
247143
247145
247146
247149
247150
247157
247159
247164
247165
247170
247173
247174
247177
247181
247186
247188
247189
247192
247194
247195
247199
247207
247225
247233
247240
247251
247258
247270
247280
247286
247290
247296
247299
247305
247307
247310
247312
247316
247320
247323
247329
247342
247352
247359
247369
247375
247389
247390
247406
247408
247410
247412
247425
247428
247430
247434
247443
247450
247451
247455
247457
247470
247472
247475
247486
247491
247497
247517
247528
247530
247539
247554
247561
247568
247575
247576
247580
247584
247589
247593
247602
247605
247608
247611
247626
247633
247642
247649
247661
247662
247664
247670
247675
247679
247682
247687
247694
247699
247703
247709
247711
247724
247735
247745
247746
247766
247767
247769
247785
247791
247796
247803
247809
247829
247831
247834
247840
247851
247853
247857
247860
247870
247872
247874
247889
247892
247898
247901
247912
247916
247920
247931
247933
247934
247945
247959
247965
247967
247975
248000
248002
248030
248044
248045
248046
248047
248048
248049
248050
248051
248052
248053
248054
248055
248056
248057
248058
248059
248060
248061
248062
248063
248064
248065
248066
248067
248068
248069
248070
248071
248072
248073
248074
248075
248076
